[2026-01-10 07:49:20] local.ERROR: No application encryption key has been specified. {"exception":"[object] (Illuminate\\Encryption\\MissingAppKeyException(code: 0): No application encryption key has been specified. at C:/xampp/htdocs/repo-tugas-web-app-website/KerjoSam/vendor/laravel/framework/src/Illuminate/Encryption/EncryptionServiceProvider.php:83)
[stacktrace]
#0 C:/xampp/htdocs/repo-tugas-web-app-website/KerjoSam/vendor/laravel/framework/src/Illuminate/Support/helpers.php(399): Illuminate/Encryption/EncryptionServiceProvider->Illuminate/Encryption/{closure}('')
#1 C:/xampp/htdocs/repo-tugas-web-app-website/KerjoSam/vendor/laravel/framework/src/Illuminate/Encryption/EncryptionServiceProvider.php(81): tap('', Object(Closure))
#2 C:/xampp/htdocs/repo-tugas-web-app-website/KerjoSam/vendor/laravel/framework/src/Illuminate/Encryption/EncryptionServiceProvider.php(64): Illuminate/Encryption/EncryptionServiceProvider->key(Array)
#3 C:/xampp/htdocs/repo-tugas-web-app-website/KerjoSam/vendor/laravel/framework/src/Illuminate/Encryption/EncryptionServiceProvider.php(32): Illuminate/Encryption/EncryptionServiceProvider->parseKey(Array)
#4 C:/xampp/htdocs/repo-tugas-web-app-website/KerjoSam/vendor/laravel/framework/src/Illuminate/Container/Container.php(952): Illuminate/Encryption/EncryptionServiceProvider->Illuminate/Encryption/{closure}(Object(Illuminate/Foundation/Application), Array)
#5 C:/xampp/htdocs/repo-tugas-web-app-website/KerjoSam/vendor/laravel/framework/src/Illuminate/Container/Container.php(832): Illuminate/Container/Container->build(Object(Closure))
#6 C:/xampp/htdocs/repo-tugas-web-app-website/KerjoSam/vendor/laravel/framework/src/Illuminate/Foundation/Application.php(1078): Illuminate/Container/Container->resolve('encrypter', Array, true)
#7 C:/xampp/htdocs/repo-tugas-web-app-website/KerjoSam/vendor/laravel/framework/src/Illuminate/Container/Container.php(763): Illuminate/Foundation/Application->resolve('encrypter', Array)
#8 C:/xampp/htdocs/repo-tugas-web-app-website/KerjoSam/vendor/laravel/framework/src/Illuminate/Foundation/Application.php(1058): Illuminate/Container/Container->make('encrypter', Array)
#9 C:/xampp/htdocs/repo-tugas-web-app-website/KerjoSam/vendor/laravel/framework/src/Illuminate/Container/Container.php(1133): Illuminate/Foundation/Application->make('encrypter')
#10 C:/xampp/htdocs/repo-tugas-web-app-website/KerjoSam/vendor/laravel/framework/src/Illuminate/Container/Container.php(1043): Illuminate/Container/Container->resolveClass(Object(ReflectionParameter))
#11 C:/xampp/htdocs/repo-tugas-web-app-website/KerjoSam/vendor/laravel/framework/src/Illuminate/Container/Container.php(994): Illuminate/Container/Container->resolveDependencies(Array)
#12 C:/xampp/htdocs/repo-tugas-web-app-website/KerjoSam/vendor/laravel/framework/src/Illuminate/Container/Container.php(832): Illuminate/Container/Container->build('Illuminate//Cook...')
#13 C:/xampp/htdocs/repo-tugas-web-app-website/KerjoSam/vendor/laravel/framework/src/Illuminate/Foundation/Application.php(1078): Illuminate/Container/Container->resolve('Illuminate//Cook...', Array, true)
#14 C:/xampp/htdocs/repo-tugas-web-app-website/KerjoSam/vendor/laravel/framework/src/Illuminate/Container/Container.php(763): Illuminate/Foundation/Application->resolve('Illuminate//Cook...', Array)
#15 C:/xampp/htdocs/repo-tugas-web-app-website/KerjoSam/vendor/laravel/framework/src/Illuminate/Foundation/Application.php(1058): Illuminate/Container/Container->make('Illuminate//Cook...', Array)
#16 C:/xampp/htdocs/repo-tugas-web-app-website/KerjoSam/vendor/laravel/framework/src/Illuminate/Pipeline/Pipeline.php(198): Illuminate/Foundation/Application->make('Illuminate//Cook...')
#17 C:/xampp/htdocs/repo-tugas-web-app-website/KerjoSam/vendor/laravel/framework/src/Illuminate/Pipeline/Pipeline.php(127): Illuminate/Pipeline/Pipeline->Illuminate/Pipeline/{closure}(Object(Illuminate/Http/Request))
#18 C:/xampp/htdocs/repo-tugas-web-app-website/KerjoSam/vendor/laravel/framework/src/Illuminate/Routing/Router.php(807): Illuminate/Pipeline/Pipeline->then(Object(Closure))
#19 C:/xampp/htdocs/repo-tugas-web-app-website/KerjoSam/vendor/laravel/framework/src/Illuminate/Routing/Router.php(786): Illuminate/Routing/Router->runRouteWithinStack(Object(Illuminate/Routing/Route), Object(Illuminate/Http/Request))
#20 C:/xampp/htdocs/repo-tugas-web-app-website/KerjoSam/vendor/laravel/framework/src/Illuminate/Routing/Router.php(750): Illuminate/Routing/Router->runRoute(Object(Illuminate/Http/Request), Object(Illuminate/Routing/Route))
#21 C:/xampp/htdocs/repo-tugas-web-app-website/KerjoSam/vendor/laravel/framework/src/Illuminate/Routing/Router.php(739): Illuminate/Routing/Router->dispatchToRoute(Object(Illuminate/Http/Request))
#22 C:/xampp/htdocs/repo-tugas-web-app-website/KerjoSam/vendor/laravel/framework/src/Illuminate/Foundation/Http/Kernel.php(201): Illuminate/Routing/Router->dispatch(Object(Illuminate/Http/Request))
#23 C:/xampp/htdocs/repo-tugas-web-app-website/KerjoSam/vendor/laravel/framework/src/Illuminate/Pipeline/Pipeline.php(170): Illuminate/Foundation/Http/Kernel->Illuminate/Foundation/Http/{closure}(Object(Illuminate/Http/Request))
#24 C:/xampp/htdocs/repo-tugas-web-app-website/KerjoSam/vendor/laravel/framework/src/Illuminate/Foundation/Http/Middleware/TransformsRequest.php(21): Illuminate/Pipeline/Pipeline->Illuminate/Pipeline/{closure}(Object(Illuminate/Http/Request))
#25 C:/xampp/htdocs/repo-tugas-web-app-website/KerjoSam/vendor/laravel/framework/src/Illuminate/Foundation/Http/Middleware/ConvertEmptyStringsToNull.php(31): Illuminate/Foundation/Http/Middleware/TransformsRequest->handle(Object(Illuminate/Http/Request), Object(Closure))
#26 C:/xampp/htdocs/repo-tugas-web-app-website/KerjoSam/vendor/laravel/framework/src/Illuminate/Pipeline/Pipeline.php(209): Illuminate/Foundation/Http/Middleware/ConvertEmptyStringsToNull->handle(Object(Illuminate/Http/Request), Object(Closure))
#27 C:/xampp/htdocs/repo-tugas-web-app-website/KerjoSam/vendor/laravel/framework/src/Illuminate/Foundation/Http/Middleware/TransformsRequest.php(21): Illuminate/Pipeline/Pipeline->Illuminate/Pipeline/{closure}(Object(Illuminate/Http/Request))
#28 C:/xampp/htdocs/repo-tugas-web-app-website/KerjoSam/vendor/laravel/framework/src/Illuminate/Foundation/Http/Middleware/TrimStrings.php(51): Illuminate/Foundation/Http/Middleware/TransformsRequest->handle(Object(Illuminate/Http/Request), Object(Closure))
#29 C:/xampp/htdocs/repo-tugas-web-app-website/KerjoSam/vendor/laravel/framework/src/Illuminate/Pipeline/Pipeline.php(209): Illuminate/Foundation/Http/Middleware/TrimStrings->handle(Object(Illuminate/Http/Request), Object(Closure))
#30 C:/xampp/htdocs/repo-tugas-web-app-website/KerjoSam/vendor/laravel/framework/src/Illuminate/Http/Middleware/ValidatePostSize.php(27): Illuminate/Pipeline/Pipeline->Illuminate/Pipeline/{closure}(Object(Illuminate/Http/Request))
#31 C:/xampp/htdocs/repo-tugas-web-app-website/KerjoSam/vendor/laravel/framework/src/Illuminate/Pipeline/Pipeline.php(209): Illuminate/Http/Middleware/ValidatePostSize->handle(Object(Illuminate/Http/Request), Object(Closure))
#32 C:/xampp/htdocs/repo-tugas-web-app-website/KerjoSam/vendor/laravel/framework/src/Illuminate/Foundation/Http/Middleware/PreventRequestsDuringMaintenance.php(110): Illuminate/Pipeline/Pipeline->Illuminate/Pipeline/{closure}(Object(Illuminate/Http/Request))
#33 C:/xampp/htdocs/repo-tugas-web-app-website/KerjoSam/vendor/laravel/framework/src/Illuminate/Pipeline/Pipeline.php(209): Illuminate/Foundation/Http/Middleware/PreventRequestsDuringMaintenance->handle(Object(Illuminate/Http/Request), Object(Closure))
#34 C:/xampp/htdocs/repo-tugas-web-app-website/KerjoSam/vendor/laravel/framework/src/Illuminate/Http/Middleware/HandleCors.php(49): Illuminate/Pipeline/Pipeline->Illuminate/Pipeline/{closure}(Object(Illuminate/Http/Request))
#35 C:/xampp/htdocs/repo-tugas-web-app-website/KerjoSam/vendor/laravel/framework/src/Illuminate/Pipeline/Pipeline.php(209): Illuminate/Http/Middleware/HandleCors->handle(Object(Illuminate/Http/Request), Object(Closure))
#36 C:/xampp/htdocs/repo-tugas-web-app-website/KerjoSam/vendor/laravel/framework/src/Illuminate/Http/Middleware/TrustProxies.php(58): Illuminate/Pipeline/Pipeline->Illuminate/Pipeline/{closure}(Object(Illuminate/Http/Request))
#37 C:/xampp/htdocs/repo-tugas-web-app-website/KerjoSam/vendor/laravel/framework/src/Illuminate/Pipeline/Pipeline.php(209): Illuminate/Http/Middleware/TrustProxies->handle(Object(Illuminate/Http/Request), Object(Closure))
#38 C:/xampp/htdocs/repo-tugas-web-app-website/KerjoSam/vendor/laravel/framework/src/Illuminate/Foundation/Http/Middleware/InvokeDeferredCallbacks.php(22): Illuminate/Pipeline/Pipeline->Illuminate/Pipeline/{closure}(Object(Illuminate/Http/Request))
#39 C:/xampp/htdocs/repo-tugas-web-app-website/KerjoSam/vendor/laravel/framework/src/Illuminate/Pipeline/Pipeline.php(209): Illuminate/Foundation/Http/Middleware/InvokeDeferredCallbacks->handle(Object(Illuminate/Http/Request), Object(Closure))
#40 C:/xampp/htdocs/repo-tugas-web-app-website/KerjoSam/vendor/laravel/framework/src/Illuminate/Pipeline/Pipeline.php(127): Illuminate/Pipeline/Pipeline->Illuminate/Pipeline/{closure}(Object(Illuminate/Http/Request))
#41 C:/xampp/htdocs/repo-tugas-web-app-website/KerjoSam/vendor/laravel/framework/src/Illuminate/Foundation/Http/Kernel.php(176): Illuminate/Pipeline/Pipeline->then(Object(Closure))
#42 C:/xampp/htdocs/repo-tugas-web-app-website/KerjoSam/vendor/laravel/framework/src/Illuminate/Foundation/Http/Kernel.php(145): Illuminate/Foundation/Http/Kernel->sendRequestThroughRouter(Object(Illuminate/Http/Request))
#43 C:/xampp/htdocs/repo-tugas-web-app-website/KerjoSam/vendor/laravel/framework/src/Illuminate/Foundation/Application.php(1220): Illuminate/Foundation/Http/Kernel->handle(Object(Illuminate/Http/Request))
#44 C:/xampp/htdocs/repo-tugas-web-app-website/KerjoSam/public/index.php(17): Illuminate/Foundation/Application->handleRequest(Object(Illuminate/Http/Request))
#45 C:/xampp/htdocs/repo-tugas-web-app-website/KerjoSam/vendor/laravel/framework/src/Illuminate/Foundation/resources/server.php(23): require_once('C://xampp//htdocs...')
#46 {main}
"} 
[2026-01-10 07:49:30] local.ERROR: No application encryption key has been specified. {"exception":"[object] (Illuminate\\Encryption\\MissingAppKeyException(code: 0): No application encryption key has been specified. at C:/xampp/htdocs/repo-tugas-web-app-website/KerjoSam/vendor/laravel/framework/src/Illuminate/Encryption/EncryptionServiceProvider.php:83)
[stacktrace]
#0 C:/xampp/htdocs/repo-tugas-web-app-website/KerjoSam/vendor/laravel/framework/src/Illuminate/Support/helpers.php(399): Illuminate/Encryption/EncryptionServiceProvider->Illuminate/Encryption/{closure}('')
#1 C:/xampp/htdocs/repo-tugas-web-app-website/KerjoSam/vendor/laravel/framework/src/Illuminate/Encryption/EncryptionServiceProvider.php(81): tap('', Object(Closure))
#2 C:/xampp/htdocs/repo-tugas-web-app-website/KerjoSam/vendor/laravel/framework/src/Illuminate/Encryption/EncryptionServiceProvider.php(64): Illuminate/Encryption/EncryptionServiceProvider->key(Array)
#3 C:/xampp/htdocs/repo-tugas-web-app-website/KerjoSam/vendor/laravel/framework/src/Illuminate/Encryption/EncryptionServiceProvider.php(32): Illuminate/Encryption/EncryptionServiceProvider->parseKey(Array)
#4 C:/xampp/htdocs/repo-tugas-web-app-website/KerjoSam/vendor/laravel/framework/src/Illuminate/Container/Container.php(952): Illuminate/Encryption/EncryptionServiceProvider->Illuminate/Encryption/{closure}(Object(Illuminate/Foundation/Application), Array)
#5 C:/xampp/htdocs/repo-tugas-web-app-website/KerjoSam/vendor/laravel/framework/src/Illuminate/Container/Container.php(832): Illuminate/Container/Container->build(Object(Closure))
#6 C:/xampp/htdocs/repo-tugas-web-app-website/KerjoSam/vendor/laravel/framework/src/Illuminate/Foundation/Application.php(1078): Illuminate/Container/Container->resolve('encrypter', Array, true)
#7 C:/xampp/htdocs/repo-tugas-web-app-website/KerjoSam/vendor/laravel/framework/src/Illuminate/Container/Container.php(763): Illuminate/Foundation/Application->resolve('encrypter', Array)
#8 C:/xampp/htdocs/repo-tugas-web-app-website/KerjoSam/vendor/laravel/framework/src/Illuminate/Foundation/Application.php(1058): Illuminate/Container/Container->make('encrypter', Array)
#9 C:/xampp/htdocs/repo-tugas-web-app-website/KerjoSam/vendor/laravel/framework/src/Illuminate/Container/Container.php(1133): Illuminate/Foundation/Application->make('encrypter')
#10 C:/xampp/htdocs/repo-tugas-web-app-website/KerjoSam/vendor/laravel/framework/src/Illuminate/Container/Container.php(1043): Illuminate/Container/Container->resolveClass(Object(ReflectionParameter))
#11 C:/xampp/htdocs/repo-tugas-web-app-website/KerjoSam/vendor/laravel/framework/src/Illuminate/Container/Container.php(994): Illuminate/Container/Container->resolveDependencies(Array)
#12 C:/xampp/htdocs/repo-tugas-web-app-website/KerjoSam/vendor/laravel/framework/src/Illuminate/Container/Container.php(832): Illuminate/Container/Container->build('Illuminate//Cook...')
#13 C:/xampp/htdocs/repo-tugas-web-app-website/KerjoSam/vendor/laravel/framework/src/Illuminate/Foundation/Application.php(1078): Illuminate/Container/Container->resolve('Illuminate//Cook...', Array, true)
#14 C:/xampp/htdocs/repo-tugas-web-app-website/KerjoSam/vendor/laravel/framework/src/Illuminate/Container/Container.php(763): Illuminate/Foundation/Application->resolve('Illuminate//Cook...', Array)
#15 C:/xampp/htdocs/repo-tugas-web-app-website/KerjoSam/vendor/laravel/framework/src/Illuminate/Foundation/Application.php(1058): Illuminate/Container/Container->make('Illuminate//Cook...', Array)
#16 C:/xampp/htdocs/repo-tugas-web-app-website/KerjoSam/vendor/laravel/framework/src/Illuminate/Foundation/Http/Kernel.php(258): Illuminate/Foundation/Application->make('Illuminate//Cook...')
#17 C:/xampp/htdocs/repo-tugas-web-app-website/KerjoSam/vendor/laravel/framework/src/Illuminate/Foundation/Http/Kernel.php(216): Illuminate/Foundation/Http/Kernel->terminateMiddleware(Object(Illuminate/Http/Request), Object(Illuminate/Http/Response))
#18 C:/xampp/htdocs/repo-tugas-web-app-website/KerjoSam/vendor/laravel/framework/src/Illuminate/Foundation/Application.php(1222): Illuminate/Foundation/Http/Kernel->terminate(Object(Illuminate/Http/Request), Object(Illuminate/Http/Response))
#19 C:/xampp/htdocs/repo-tugas-web-app-website/KerjoSam/public/index.php(17): Illuminate/Foundation/Application->handleRequest(Object(Illuminate/Http/Request))
#20 C:/xampp/htdocs/repo-tugas-web-app-website/KerjoSam/vendor/laravel/framework/src/Illuminate/Foundation/resources/server.php(23): require_once('C://xampp//htdocs...')
#21 {main}
"} 
[2026-01-10 07:51:42] local.ERROR: No application encryption key has been specified. {"exception":"[object] (Illuminate\\Encryption\\MissingAppKeyException(code: 0): No application encryption key has been specified. at C:/xampp/htdocs/repo-tugas-web-app-website/KerjoSam/vendor/laravel/framework/src/Illuminate/Encryption/EncryptionServiceProvider.php:83)
[stacktrace]
#0 C:/xampp/htdocs/repo-tugas-web-app-website/KerjoSam/vendor/laravel/framework/src/Illuminate/Support/helpers.php(399): Illuminate/Encryption/EncryptionServiceProvider->Illuminate/Encryption/{closure}('')
#1 C:/xampp/htdocs/repo-tugas-web-app-website/KerjoSam/vendor/laravel/framework/src/Illuminate/Encryption/EncryptionServiceProvider.php(81): tap('', Object(Closure))
#2 C:/xampp/htdocs/repo-tugas-web-app-website/KerjoSam/vendor/laravel/framework/src/Illuminate/Encryption/EncryptionServiceProvider.php(64): Illuminate/Encryption/EncryptionServiceProvider->key(Array)
#3 C:/xampp/htdocs/repo-tugas-web-app-website/KerjoSam/vendor/laravel/framework/src/Illuminate/Encryption/EncryptionServiceProvider.php(32): Illuminate/Encryption/EncryptionServiceProvider->parseKey(Array)
#4 C:/xampp/htdocs/repo-tugas-web-app-website/KerjoSam/vendor/laravel/framework/src/Illuminate/Container/Container.php(952): Illuminate/Encryption/EncryptionServiceProvider->Illuminate/Encryption/{closure}(Object(Illuminate/Foundation/Application), Array)
#5 C:/xampp/htdocs/repo-tugas-web-app-website/KerjoSam/vendor/laravel/framework/src/Illuminate/Container/Container.php(832): Illuminate/Container/Container->build(Object(Closure))
#6 C:/xampp/htdocs/repo-tugas-web-app-website/KerjoSam/vendor/laravel/framework/src/Illuminate/Foundation/Application.php(1078): Illuminate/Container/Container->resolve('encrypter', Array, true)
#7 C:/xampp/htdocs/repo-tugas-web-app-website/KerjoSam/vendor/laravel/framework/src/Illuminate/Container/Container.php(763): Illuminate/Foundation/Application->resolve('encrypter', Array)
#8 C:/xampp/htdocs/repo-tugas-web-app-website/KerjoSam/vendor/laravel/framework/src/Illuminate/Foundation/Application.php(1058): Illuminate/Container/Container->make('encrypter', Array)
#9 C:/xampp/htdocs/repo-tugas-web-app-website/KerjoSam/vendor/laravel/framework/src/Illuminate/Container/Container.php(1133): Illuminate/Foundation/Application->make('encrypter')
#10 C:/xampp/htdocs/repo-tugas-web-app-website/KerjoSam/vendor/laravel/framework/src/Illuminate/Container/Container.php(1043): Illuminate/Container/Container->resolveClass(Object(ReflectionParameter))
#11 C:/xampp/htdocs/repo-tugas-web-app-website/KerjoSam/vendor/laravel/framework/src/Illuminate/Container/Container.php(994): Illuminate/Container/Container->resolveDependencies(Array)
#12 C:/xampp/htdocs/repo-tugas-web-app-website/KerjoSam/vendor/laravel/framework/src/Illuminate/Container/Container.php(832): Illuminate/Container/Container->build('Illuminate//Cook...')
#13 C:/xampp/htdocs/repo-tugas-web-app-website/KerjoSam/vendor/laravel/framework/src/Illuminate/Foundation/Application.php(1078): Illuminate/Container/Container->resolve('Illuminate//Cook...', Array, true)
#14 C:/xampp/htdocs/repo-tugas-web-app-website/KerjoSam/vendor/laravel/framework/src/Illuminate/Container/Container.php(763): Illuminate/Foundation/Application->resolve('Illuminate//Cook...', Array)
#15 C:/xampp/htdocs/repo-tugas-web-app-website/KerjoSam/vendor/laravel/framework/src/Illuminate/Foundation/Application.php(1058): Illuminate/Container/Container->make('Illuminate//Cook...', Array)
#16 C:/xampp/htdocs/repo-tugas-web-app-website/KerjoSam/vendor/laravel/framework/src/Illuminate/Pipeline/Pipeline.php(198): Illuminate/Foundation/Application->make('Illuminate//Cook...')
#17 C:/xampp/htdocs/repo-tugas-web-app-website/KerjoSam/vendor/laravel/framework/src/Illuminate/Pipeline/Pipeline.php(127): Illuminate/Pipeline/Pipeline->Illuminate/Pipeline/{closure}(Object(Illuminate/Http/Request))
#18 C:/xampp/htdocs/repo-tugas-web-app-website/KerjoSam/vendor/laravel/framework/src/Illuminate/Routing/Router.php(807): Illuminate/Pipeline/Pipeline->then(Object(Closure))
#19 C:/xampp/htdocs/repo-tugas-web-app-website/KerjoSam/vendor/laravel/framework/src/Illuminate/Routing/Router.php(786): Illuminate/Routing/Router->runRouteWithinStack(Object(Illuminate/Routing/Route), Object(Illuminate/Http/Request))
#20 C:/xampp/htdocs/repo-tugas-web-app-website/KerjoSam/vendor/laravel/framework/src/Illuminate/Routing/Router.php(750): Illuminate/Routing/Router->runRoute(Object(Illuminate/Http/Request), Object(Illuminate/Routing/Route))
#21 C:/xampp/htdocs/repo-tugas-web-app-website/KerjoSam/vendor/laravel/framework/src/Illuminate/Routing/Router.php(739): Illuminate/Routing/Router->dispatchToRoute(Object(Illuminate/Http/Request))
#22 C:/xampp/htdocs/repo-tugas-web-app-website/KerjoSam/vendor/laravel/framework/src/Illuminate/Foundation/Http/Kernel.php(201): Illuminate/Routing/Router->dispatch(Object(Illuminate/Http/Request))
#23 C:/xampp/htdocs/repo-tugas-web-app-website/KerjoSam/vendor/laravel/framework/src/Illuminate/Pipeline/Pipeline.php(170): Illuminate/Foundation/Http/Kernel->Illuminate/Foundation/Http/{closure}(Object(Illuminate/Http/Request))
#24 C:/xampp/htdocs/repo-tugas-web-app-website/KerjoSam/vendor/laravel/framework/src/Illuminate/Foundation/Http/Middleware/TransformsRequest.php(21): Illuminate/Pipeline/Pipeline->Illuminate/Pipeline/{closure}(Object(Illuminate/Http/Request))
#25 C:/xampp/htdocs/repo-tugas-web-app-website/KerjoSam/vendor/laravel/framework/src/Illuminate/Foundation/Http/Middleware/ConvertEmptyStringsToNull.php(31): Illuminate/Foundation/Http/Middleware/TransformsRequest->handle(Object(Illuminate/Http/Request), Object(Closure))
#26 C:/xampp/htdocs/repo-tugas-web-app-website/KerjoSam/vendor/laravel/framework/src/Illuminate/Pipeline/Pipeline.php(209): Illuminate/Foundation/Http/Middleware/ConvertEmptyStringsToNull->handle(Object(Illuminate/Http/Request), Object(Closure))
#27 C:/xampp/htdocs/repo-tugas-web-app-website/KerjoSam/vendor/laravel/framework/src/Illuminate/Foundation/Http/Middleware/TransformsRequest.php(21): Illuminate/Pipeline/Pipeline->Illuminate/Pipeline/{closure}(Object(Illuminate/Http/Request))
#28 C:/xampp/htdocs/repo-tugas-web-app-website/KerjoSam/vendor/laravel/framework/src/Illuminate/Foundation/Http/Middleware/TrimStrings.php(51): Illuminate/Foundation/Http/Middleware/TransformsRequest->handle(Object(Illuminate/Http/Request), Object(Closure))
#29 C:/xampp/htdocs/repo-tugas-web-app-website/KerjoSam/vendor/laravel/framework/src/Illuminate/Pipeline/Pipeline.php(209): Illuminate/Foundation/Http/Middleware/TrimStrings->handle(Object(Illuminate/Http/Request), Object(Closure))
#30 C:/xampp/htdocs/repo-tugas-web-app-website/KerjoSam/vendor/laravel/framework/src/Illuminate/Http/Middleware/ValidatePostSize.php(27): Illuminate/Pipeline/Pipeline->Illuminate/Pipeline/{closure}(Object(Illuminate/Http/Request))
#31 C:/xampp/htdocs/repo-tugas-web-app-website/KerjoSam/vendor/laravel/framework/src/Illuminate/Pipeline/Pipeline.php(209): Illuminate/Http/Middleware/ValidatePostSize->handle(Object(Illuminate/Http/Request), Object(Closure))
#32 C:/xampp/htdocs/repo-tugas-web-app-website/KerjoSam/vendor/laravel/framework/src/Illuminate/Foundation/Http/Middleware/PreventRequestsDuringMaintenance.php(110): Illuminate/Pipeline/Pipeline->Illuminate/Pipeline/{closure}(Object(Illuminate/Http/Request))
#33 C:/xampp/htdocs/repo-tugas-web-app-website/KerjoSam/vendor/laravel/framework/src/Illuminate/Pipeline/Pipeline.php(209): Illuminate/Foundation/Http/Middleware/PreventRequestsDuringMaintenance->handle(Object(Illuminate/Http/Request), Object(Closure))
#34 C:/xampp/htdocs/repo-tugas-web-app-website/KerjoSam/vendor/laravel/framework/src/Illuminate/Http/Middleware/HandleCors.php(49): Illuminate/Pipeline/Pipeline->Illuminate/Pipeline/{closure}(Object(Illuminate/Http/Request))
#35 C:/xampp/htdocs/repo-tugas-web-app-website/KerjoSam/vendor/laravel/framework/src/Illuminate/Pipeline/Pipeline.php(209): Illuminate/Http/Middleware/HandleCors->handle(Object(Illuminate/Http/Request), Object(Closure))
#36 C:/xampp/htdocs/repo-tugas-web-app-website/KerjoSam/vendor/laravel/framework/src/Illuminate/Http/Middleware/TrustProxies.php(58): Illuminate/Pipeline/Pipeline->Illuminate/Pipeline/{closure}(Object(Illuminate/Http/Request))
#37 C:/xampp/htdocs/repo-tugas-web-app-website/KerjoSam/vendor/laravel/framework/src/Illuminate/Pipeline/Pipeline.php(209): Illuminate/Http/Middleware/TrustProxies->handle(Object(Illuminate/Http/Request), Object(Closure))
#38 C:/xampp/htdocs/repo-tugas-web-app-website/KerjoSam/vendor/laravel/framework/src/Illuminate/Foundation/Http/Middleware/InvokeDeferredCallbacks.php(22): Illuminate/Pipeline/Pipeline->Illuminate/Pipeline/{closure}(Object(Illuminate/Http/Request))
#39 C:/xampp/htdocs/repo-tugas-web-app-website/KerjoSam/vendor/laravel/framework/src/Illuminate/Pipeline/Pipeline.php(209): Illuminate/Foundation/Http/Middleware/InvokeDeferredCallbacks->handle(Object(Illuminate/Http/Request), Object(Closure))
#40 C:/xampp/htdocs/repo-tugas-web-app-website/KerjoSam/vendor/laravel/framework/src/Illuminate/Pipeline/Pipeline.php(127): Illuminate/Pipeline/Pipeline->Illuminate/Pipeline/{closure}(Object(Illuminate/Http/Request))
#41 C:/xampp/htdocs/repo-tugas-web-app-website/KerjoSam/vendor/laravel/framework/src/Illuminate/Foundation/Http/Kernel.php(176): Illuminate/Pipeline/Pipeline->then(Object(Closure))
#42 C:/xampp/htdocs/repo-tugas-web-app-website/KerjoSam/vendor/laravel/framework/src/Illuminate/Foundation/Http/Kernel.php(145): Illuminate/Foundation/Http/Kernel->sendRequestThroughRouter(Object(Illuminate/Http/Request))
#43 C:/xampp/htdocs/repo-tugas-web-app-website/KerjoSam/vendor/laravel/framework/src/Illuminate/Foundation/Application.php(1220): Illuminate/Foundation/Http/Kernel->handle(Object(Illuminate/Http/Request))
#44 C:/xampp/htdocs/repo-tugas-web-app-website/KerjoSam/public/index.php(17): Illuminate/Foundation/Application->handleRequest(Object(Illuminate/Http/Request))
#45 C:/xampp/htdocs/repo-tugas-web-app-website/KerjoSam/vendor/laravel/framework/src/Illuminate/Foundation/resources/server.php(23): require_once('C://xampp//htdocs...')
#46 {main}
"} 
[2026-01-10 07:51:50] local.ERROR: No application encryption key has been specified. {"exception":"[object] (Illuminate\\Encryption\\MissingAppKeyException(code: 0): No application encryption key has been specified. at C:/xampp/htdocs/repo-tugas-web-app-website/KerjoSam/vendor/laravel/framework/src/Illuminate/Encryption/EncryptionServiceProvider.php:83)
[stacktrace]
#0 C:/xampp/htdocs/repo-tugas-web-app-website/KerjoSam/vendor/laravel/framework/src/Illuminate/Support/helpers.php(399): Illuminate/Encryption/EncryptionServiceProvider->Illuminate/Encryption/{closure}('')
#1 C:/xampp/htdocs/repo-tugas-web-app-website/KerjoSam/vendor/laravel/framework/src/Illuminate/Encryption/EncryptionServiceProvider.php(81): tap('', Object(Closure))
#2 C:/xampp/htdocs/repo-tugas-web-app-website/KerjoSam/vendor/laravel/framework/src/Illuminate/Encryption/EncryptionServiceProvider.php(64): Illuminate/Encryption/EncryptionServiceProvider->key(Array)
#3 C:/xampp/htdocs/repo-tugas-web-app-website/KerjoSam/vendor/laravel/framework/src/Illuminate/Encryption/EncryptionServiceProvider.php(32): Illuminate/Encryption/EncryptionServiceProvider->parseKey(Array)
#4 C:/xampp/htdocs/repo-tugas-web-app-website/KerjoSam/vendor/laravel/framework/src/Illuminate/Container/Container.php(952): Illuminate/Encryption/EncryptionServiceProvider->Illuminate/Encryption/{closure}(Object(Illuminate/Foundation/Application), Array)
#5 C:/xampp/htdocs/repo-tugas-web-app-website/KerjoSam/vendor/laravel/framework/src/Illuminate/Container/Container.php(832): Illuminate/Container/Container->build(Object(Closure))
#6 C:/xampp/htdocs/repo-tugas-web-app-website/KerjoSam/vendor/laravel/framework/src/Illuminate/Foundation/Application.php(1078): Illuminate/Container/Container->resolve('encrypter', Array, true)
#7 C:/xampp/htdocs/repo-tugas-web-app-website/KerjoSam/vendor/laravel/framework/src/Illuminate/Container/Container.php(763): Illuminate/Foundation/Application->resolve('encrypter', Array)
#8 C:/xampp/htdocs/repo-tugas-web-app-website/KerjoSam/vendor/laravel/framework/src/Illuminate/Foundation/Application.php(1058): Illuminate/Container/Container->make('encrypter', Array)
#9 C:/xampp/htdocs/repo-tugas-web-app-website/KerjoSam/vendor/laravel/framework/src/Illuminate/Container/Container.php(1133): Illuminate/Foundation/Application->make('encrypter')
#10 C:/xampp/htdocs/repo-tugas-web-app-website/KerjoSam/vendor/laravel/framework/src/Illuminate/Container/Container.php(1043): Illuminate/Container/Container->resolveClass(Object(ReflectionParameter))
#11 C:/xampp/htdocs/repo-tugas-web-app-website/KerjoSam/vendor/laravel/framework/src/Illuminate/Container/Container.php(994): Illuminate/Container/Container->resolveDependencies(Array)
#12 C:/xampp/htdocs/repo-tugas-web-app-website/KerjoSam/vendor/laravel/framework/src/Illuminate/Container/Container.php(832): Illuminate/Container/Container->build('Illuminate//Cook...')
#13 C:/xampp/htdocs/repo-tugas-web-app-website/KerjoSam/vendor/laravel/framework/src/Illuminate/Foundation/Application.php(1078): Illuminate/Container/Container->resolve('Illuminate//Cook...', Array, true)
#14 C:/xampp/htdocs/repo-tugas-web-app-website/KerjoSam/vendor/laravel/framework/src/Illuminate/Container/Container.php(763): Illuminate/Foundation/Application->resolve('Illuminate//Cook...', Array)
#15 C:/xampp/htdocs/repo-tugas-web-app-website/KerjoSam/vendor/laravel/framework/src/Illuminate/Foundation/Application.php(1058): Illuminate/Container/Container->make('Illuminate//Cook...', Array)
#16 C:/xampp/htdocs/repo-tugas-web-app-website/KerjoSam/vendor/laravel/framework/src/Illuminate/Foundation/Http/Kernel.php(258): Illuminate/Foundation/Application->make('Illuminate//Cook...')
#17 C:/xampp/htdocs/repo-tugas-web-app-website/KerjoSam/vendor/laravel/framework/src/Illuminate/Foundation/Http/Kernel.php(216): Illuminate/Foundation/Http/Kernel->terminateMiddleware(Object(Illuminate/Http/Request), Object(Illuminate/Http/Response))
#18 C:/xampp/htdocs/repo-tugas-web-app-website/KerjoSam/vendor/laravel/framework/src/Illuminate/Foundation/Application.php(1222): Illuminate/Foundation/Http/Kernel->terminate(Object(Illuminate/Http/Request), Object(Illuminate/Http/Response))
#19 C:/xampp/htdocs/repo-tugas-web-app-website/KerjoSam/public/index.php(17): Illuminate/Foundation/Application->handleRequest(Object(Illuminate/Http/Request))
#20 C:/xampp/htdocs/repo-tugas-web-app-website/KerjoSam/vendor/laravel/framework/src/Illuminate/Foundation/resources/server.php(23): require_once('C://xampp//htdocs...')
#21 {main}
"} 
[2026-01-10 08:01:06] local.ERROR: The [pcntl] extension is required to run Pail. {"exception":"[object] (RuntimeException(code: 0): The [pcntl] extension is required to run Pail. at C:/xampp/htdocs/repo-tugas-web-app-website/KerjoSam/vendor/laravel/pail/src/Guards/EnsurePcntlIsAvailable.php:15)
[stacktrace]
#0 C:/xampp/htdocs/repo-tugas-web-app-website/KerjoSam/vendor/laravel/pail/src/Console/Commands/PailCommand.php(46): Laravel/Pail/Guards/EnsurePcntlIsAvailable::check()
#1 C:/xampp/htdocs/repo-tugas-web-app-website/KerjoSam/vendor/laravel/framework/src/Illuminate/Container/BoundMethod.php(36): Laravel/Pail/Console/Commands/PailCommand->handle(Object(Laravel/Pail/ProcessFactory))
#2 C:/xampp/htdocs/repo-tugas-web-app-website/KerjoSam/vendor/laravel/framework/src/Illuminate/Container/Util.php(43): Illuminate/Container/BoundMethod::Illuminate/Container/{closure}()
#3 C:/xampp/htdocs/repo-tugas-web-app-website/KerjoSam/vendor/laravel/framework/src/Illuminate/Container/BoundMethod.php(95): Illuminate/Container/Util::unwrapIfClosure(Object(Closure))
#4 C:/xampp/htdocs/repo-tugas-web-app-website/KerjoSam/vendor/laravel/framework/src/Illuminate/Container/BoundMethod.php(35): Illuminate/Container/BoundMethod::callBoundMethod(Object(Illuminate/Foundation/Application), Array, Object(Closure))
#5 C:/xampp/htdocs/repo-tugas-web-app-website/KerjoSam/vendor/laravel/framework/src/Illuminate/Container/Container.php(696): Illuminate/Container/BoundMethod::call(Object(Illuminate/Foundation/Application), Array, Array, NULL)
#6 C:/xampp/htdocs/repo-tugas-web-app-website/KerjoSam/vendor/laravel/framework/src/Illuminate/Console/Command.php(213): Illuminate/Container/Container->call(Array)
#7 C:/xampp/htdocs/repo-tugas-web-app-website/KerjoSam/vendor/symfony/console/Command/Command.php(341): Illuminate/Console/Command->execute(Object(Symfony/Component/Console/Input/ArgvInput), Object(Illuminate/Console/OutputStyle))
#8 C:/xampp/htdocs/repo-tugas-web-app-website/KerjoSam/vendor/laravel/framework/src/Illuminate/Console/Command.php(182): Symfony/Component/Console/Command/Command->run(Object(Symfony/Component/Console/Input/ArgvInput), Object(Illuminate/Console/OutputStyle))
#9 C:/xampp/htdocs/repo-tugas-web-app-website/KerjoSam/vendor/symfony/console/Application.php(1102): Illuminate/Console/Command->run(Object(Symfony/Component/Console/Input/ArgvInput), Object(Symfony/Component/Console/Output/ConsoleOutput))
#10 C:/xampp/htdocs/repo-tugas-web-app-website/KerjoSam/vendor/symfony/console/Application.php(356): Symfony/Component/Console/Application->doRunCommand(Object(Laravel/Pail/Console/Commands/PailCommand), Object(Symfony/Component/Console/Input/ArgvInput), Object(Symfony/Component/Console/Output/ConsoleOutput))
#11 C:/xampp/htdocs/repo-tugas-web-app-website/KerjoSam/vendor/symfony/console/Application.php(195): Symfony/Component/Console/Application->doRun(Object(Symfony/Component/Console/Input/ArgvInput), Object(Symfony/Component/Console/Output/ConsoleOutput))
#12 C:/xampp/htdocs/repo-tugas-web-app-website/KerjoSam/vendor/laravel/framework/src/Illuminate/Foundation/Console/Kernel.php(198): Symfony/Component/Console/Application->run(Object(Symfony/Component/Console/Input/ArgvInput), Object(Symfony/Component/Console/Output/ConsoleOutput))
#13 C:/xampp/htdocs/repo-tugas-web-app-website/KerjoSam/vendor/laravel/framework/src/Illuminate/Foundation/Application.php(1235): Illuminate/Foundation/Console/Kernel->handle(Object(Symfony/Component/Console/Input/ArgvInput), Object(Symfony/Component/Console/Output/ConsoleOutput))
#14 C:/xampp/htdocs/repo-tugas-web-app-website/KerjoSam/artisan(13): Illuminate/Foundation/Application->handleCommand(Object(Symfony/Component/Console/Input/ArgvInput))
#15 {main}
"} 
[2026-01-10 08:02:08] local.ERROR: The [pcntl] extension is required to run Pail. {"exception":"[object] (RuntimeException(code: 0): The [pcntl] extension is required to run Pail. at C:/xampp/htdocs/repo-tugas-web-app-website/KerjoSam/vendor/laravel/pail/src/Guards/EnsurePcntlIsAvailable.php:15)
[stacktrace]
#0 C:/xampp/htdocs/repo-tugas-web-app-website/KerjoSam/vendor/laravel/pail/src/Console/Commands/PailCommand.php(46): Laravel/Pail/Guards/EnsurePcntlIsAvailable::check()
#1 C:/xampp/htdocs/repo-tugas-web-app-website/KerjoSam/vendor/laravel/framework/src/Illuminate/Container/BoundMethod.php(36): Laravel/Pail/Console/Commands/PailCommand->handle(Object(Laravel/Pail/ProcessFactory))
#2 C:/xampp/htdocs/repo-tugas-web-app-website/KerjoSam/vendor/laravel/framework/src/Illuminate/Container/Util.php(43): Illuminate/Container/BoundMethod::Illuminate/Container/{closure}()
#3 C:/xampp/htdocs/repo-tugas-web-app-website/KerjoSam/vendor/laravel/framework/src/Illuminate/Container/BoundMethod.php(95): Illuminate/Container/Util::unwrapIfClosure(Object(Closure))
#4 C:/xampp/htdocs/repo-tugas-web-app-website/KerjoSam/vendor/laravel/framework/src/Illuminate/Container/BoundMethod.php(35): Illuminate/Container/BoundMethod::callBoundMethod(Object(Illuminate/Foundation/Application), Array, Object(Closure))
#5 C:/xampp/htdocs/repo-tugas-web-app-website/KerjoSam/vendor/laravel/framework/src/Illuminate/Container/Container.php(696): Illuminate/Container/BoundMethod::call(Object(Illuminate/Foundation/Application), Array, Array, NULL)
#6 C:/xampp/htdocs/repo-tugas-web-app-website/KerjoSam/vendor/laravel/framework/src/Illuminate/Console/Command.php(213): Illuminate/Container/Container->call(Array)
#7 C:/xampp/htdocs/repo-tugas-web-app-website/KerjoSam/vendor/symfony/console/Command/Command.php(341): Illuminate/Console/Command->execute(Object(Symfony/Component/Console/Input/ArgvInput), Object(Illuminate/Console/OutputStyle))
#8 C:/xampp/htdocs/repo-tugas-web-app-website/KerjoSam/vendor/laravel/framework/src/Illuminate/Console/Command.php(182): Symfony/Component/Console/Command/Command->run(Object(Symfony/Component/Console/Input/ArgvInput), Object(Illuminate/Console/OutputStyle))
#9 C:/xampp/htdocs/repo-tugas-web-app-website/KerjoSam/vendor/symfony/console/Application.php(1102): Illuminate/Console/Command->run(Object(Symfony/Component/Console/Input/ArgvInput), Object(Symfony/Component/Console/Output/ConsoleOutput))
#10 C:/xampp/htdocs/repo-tugas-web-app-website/KerjoSam/vendor/symfony/console/Application.php(356): Symfony/Component/Console/Application->doRunCommand(Object(Laravel/Pail/Console/Commands/PailCommand), Object(Symfony/Component/Console/Input/ArgvInput), Object(Symfony/Component/Console/Output/ConsoleOutput))
#11 C:/xampp/htdocs/repo-tugas-web-app-website/KerjoSam/vendor/symfony/console/Application.php(195): Symfony/Component/Console/Application->doRun(Object(Symfony/Component/Console/Input/ArgvInput), Object(Symfony/Component/Console/Output/ConsoleOutput))
#12 C:/xampp/htdocs/repo-tugas-web-app-website/KerjoSam/vendor/laravel/framework/src/Illuminate/Foundation/Console/Kernel.php(198): Symfony/Component/Console/Application->run(Object(Symfony/Component/Console/Input/ArgvInput), Object(Symfony/Component/Console/Output/ConsoleOutput))
#13 C:/xampp/htdocs/repo-tugas-web-app-website/KerjoSam/vendor/laravel/framework/src/Illuminate/Foundation/Application.php(1235): Illuminate/Foundation/Console/Kernel->handle(Object(Symfony/Component/Console/Input/ArgvInput), Object(Symfony/Component/Console/Output/ConsoleOutput))
#14 C:/xampp/htdocs/repo-tugas-web-app-website/KerjoSam/artisan(13): Illuminate/Foundation/Application->handleCommand(Object(Symfony/Component/Console/Input/ArgvInput))
#15 {main}
"} 
[2026-01-10 09:15:46] local.ERROR: The [pcntl] extension is required to run Pail. {"exception":"[object] (RuntimeException(code: 0): The [pcntl] extension is required to run Pail. at C:/xampp/htdocs/repo-tugas-web-app-website/KerjoSam/vendor/laravel/pail/src/Guards/EnsurePcntlIsAvailable.php:15)
[stacktrace]
#0 C:/xampp/htdocs/repo-tugas-web-app-website/KerjoSam/vendor/laravel/pail/src/Console/Commands/PailCommand.php(46): Laravel/Pail/Guards/EnsurePcntlIsAvailable::check()
#1 C:/xampp/htdocs/repo-tugas-web-app-website/KerjoSam/vendor/laravel/framework/src/Illuminate/Container/BoundMethod.php(36): Laravel/Pail/Console/Commands/PailCommand->handle(Object(Laravel/Pail/ProcessFactory))
#2 C:/xampp/htdocs/repo-tugas-web-app-website/KerjoSam/vendor/laravel/framework/src/Illuminate/Container/Util.php(43): Illuminate/Container/BoundMethod::Illuminate/Container/{closure}()
#3 C:/xampp/htdocs/repo-tugas-web-app-website/KerjoSam/vendor/laravel/framework/src/Illuminate/Container/BoundMethod.php(95): Illuminate/Container/Util::unwrapIfClosure(Object(Closure))
#4 C:/xampp/htdocs/repo-tugas-web-app-website/KerjoSam/vendor/laravel/framework/src/Illuminate/Container/BoundMethod.php(35): Illuminate/Container/BoundMethod::callBoundMethod(Object(Illuminate/Foundation/Application), Array, Object(Closure))
#5 C:/xampp/htdocs/repo-tugas-web-app-website/KerjoSam/vendor/laravel/framework/src/Illuminate/Container/Container.php(696): Illuminate/Container/BoundMethod::call(Object(Illuminate/Foundation/Application), Array, Array, NULL)
#6 C:/xampp/htdocs/repo-tugas-web-app-website/KerjoSam/vendor/laravel/framework/src/Illuminate/Console/Command.php(213): Illuminate/Container/Container->call(Array)
#7 C:/xampp/htdocs/repo-tugas-web-app-website/KerjoSam/vendor/symfony/console/Command/Command.php(341): Illuminate/Console/Command->execute(Object(Symfony/Component/Console/Input/ArgvInput), Object(Illuminate/Console/OutputStyle))
#8 C:/xampp/htdocs/repo-tugas-web-app-website/KerjoSam/vendor/laravel/framework/src/Illuminate/Console/Command.php(182): Symfony/Component/Console/Command/Command->run(Object(Symfony/Component/Console/Input/ArgvInput), Object(Illuminate/Console/OutputStyle))
#9 C:/xampp/htdocs/repo-tugas-web-app-website/KerjoSam/vendor/symfony/console/Application.php(1102): Illuminate/Console/Command->run(Object(Symfony/Component/Console/Input/ArgvInput), Object(Symfony/Component/Console/Output/ConsoleOutput))
#10 C:/xampp/htdocs/repo-tugas-web-app-website/KerjoSam/vendor/symfony/console/Application.php(356): Symfony/Component/Console/Application->doRunCommand(Object(Laravel/Pail/Console/Commands/PailCommand), Object(Symfony/Component/Console/Input/ArgvInput), Object(Symfony/Component/Console/Output/ConsoleOutput))
#11 C:/xampp/htdocs/repo-tugas-web-app-website/KerjoSam/vendor/symfony/console/Application.php(195): Symfony/Component/Console/Application->doRun(Object(Symfony/Component/Console/Input/ArgvInput), Object(Symfony/Component/Console/Output/ConsoleOutput))
#12 C:/xampp/htdocs/repo-tugas-web-app-website/KerjoSam/vendor/laravel/framework/src/Illuminate/Foundation/Console/Kernel.php(198): Symfony/Component/Console/Application->run(Object(Symfony/Component/Console/Input/ArgvInput), Object(Symfony/Component/Console/Output/ConsoleOutput))
#13 C:/xampp/htdocs/repo-tugas-web-app-website/KerjoSam/vendor/laravel/framework/src/Illuminate/Foundation/Application.php(1235): Illuminate/Foundation/Console/Kernel->handle(Object(Symfony/Component/Console/Input/ArgvInput), Object(Symfony/Component/Console/Output/ConsoleOutput))
#14 C:/xampp/htdocs/repo-tugas-web-app-website/KerjoSam/artisan(13): Illuminate/Foundation/Application->handleCommand(Object(Symfony/Component/Console/Input/ArgvInput))
#15 {main}
"} 
[2026-01-10 10:05:27] local.ERROR: Route [job.detail] not defined. (View: C:\xampp\htdocs\repo-tugas-web-app-website\KerjoSam\resources\views\welcome.blade.php) {"exception":"[object] (Illuminate\\View\\ViewException(code: 0): Route [job.detail] not defined. (View: C:\\xampp\\htdocs\\repo-tugas-web-app-website\\KerjoSam\\resources\\views\\welcome.blade.php) at C:/xampp/htdocs/repo-tugas-web-app-website/KerjoSam/vendor/laravel/framework/src/Illuminate/Routing/UrlGenerator.php:517)
[stacktrace]
#0 C:/xampp/htdocs/repo-tugas-web-app-website/KerjoSam/vendor/laravel/framework/src/Illuminate/View/Engines/PhpEngine.php(60): Illuminate/View/Engines/CompilerEngine->handleViewException(Object(Symfony/Component/Routing/Exception/RouteNotFoundException), 1)
#1 C:/xampp/htdocs/repo-tugas-web-app-website/KerjoSam/vendor/laravel/framework/src/Illuminate/View/Engines/CompilerEngine.php(75): Illuminate/View/Engines/PhpEngine->evaluatePath('C://xampp//htdocs...', Array)
#2 C:/xampp/htdocs/repo-tugas-web-app-website/KerjoSam/vendor/laravel/framework/src/Illuminate/View/View.php(209): Illuminate/View/Engines/CompilerEngine->get('C://xampp//htdocs...', Array)
#3 C:/xampp/htdocs/repo-tugas-web-app-website/KerjoSam/vendor/laravel/framework/src/Illuminate/View/View.php(192): Illuminate/View/View->getContents()
#4 C:/xampp/htdocs/repo-tugas-web-app-website/KerjoSam/vendor/laravel/framework/src/Illuminate/View/View.php(161): Illuminate/View/View->renderContents()
#5 C:/xampp/htdocs/repo-tugas-web-app-website/KerjoSam/vendor/laravel/framework/src/Illuminate/Http/Response.php(79): Illuminate/View/View->render()
#6 C:/xampp/htdocs/repo-tugas-web-app-website/KerjoSam/vendor/laravel/framework/src/Illuminate/Http/Response.php(35): Illuminate/Http/Response->setContent(Object(Illuminate/View/View))
#7 C:/xampp/htdocs/repo-tugas-web-app-website/KerjoSam/vendor/laravel/framework/src/Illuminate/Routing/Router.php(920): Illuminate/Http/Response->__construct(Object(Illuminate/View/View), 200, Array)
#8 C:/xampp/htdocs/repo-tugas-web-app-website/KerjoSam/vendor/laravel/framework/src/Illuminate/Routing/Router.php(887): Illuminate/Routing/Router::toResponse(Object(Illuminate/Http/Request), Object(Illuminate/View/View))
#9 C:/xampp/htdocs/repo-tugas-web-app-website/KerjoSam/vendor/laravel/framework/src/Illuminate/Routing/Router.php(807): Illuminate/Routing/Router->prepareResponse(Object(Illuminate/Http/Request), Object(Illuminate/View/View))
#10 C:/xampp/htdocs/repo-tugas-web-app-website/KerjoSam/vendor/laravel/framework/src/Illuminate/Pipeline/Pipeline.php(170): Illuminate/Routing/Router->Illuminate/Routing/{closure}(Object(Illuminate/Http/Request))
#11 C:/xampp/htdocs/repo-tugas-web-app-website/KerjoSam/vendor/laravel/framework/src/Illuminate/Routing/Middleware/SubstituteBindings.php(51): Illuminate/Pipeline/Pipeline->Illuminate/Pipeline/{closure}(Object(Illuminate/Http/Request))
#12 C:/xampp/htdocs/repo-tugas-web-app-website/KerjoSam/vendor/laravel/framework/src/Illuminate/Pipeline/Pipeline.php(209): Illuminate/Routing/Middleware/SubstituteBindings->handle(Object(Illuminate/Http/Request), Object(Closure))
#13 C:/xampp/htdocs/repo-tugas-web-app-website/KerjoSam/vendor/laravel/framework/src/Illuminate/Foundation/Http/Middleware/VerifyCsrfToken.php(88): Illuminate/Pipeline/Pipeline->Illuminate/Pipeline/{closure}(Object(Illuminate/Http/Request))
#14 C:/xampp/htdocs/repo-tugas-web-app-website/KerjoSam/vendor/laravel/framework/src/Illuminate/Pipeline/Pipeline.php(209): Illuminate/Foundation/Http/Middleware/VerifyCsrfToken->handle(Object(Illuminate/Http/Request), Object(Closure))
#15 C:/xampp/htdocs/repo-tugas-web-app-website/KerjoSam/vendor/laravel/framework/src/Illuminate/View/Middleware/ShareErrorsFromSession.php(49): Illuminate/Pipeline/Pipeline->Illuminate/Pipeline/{closure}(Object(Illuminate/Http/Request))
#16 C:/xampp/htdocs/repo-tugas-web-app-website/KerjoSam/vendor/laravel/framework/src/Illuminate/Pipeline/Pipeline.php(209): Illuminate/View/Middleware/ShareErrorsFromSession->handle(Object(Illuminate/Http/Request), Object(Closure))
#17 C:/xampp/htdocs/repo-tugas-web-app-website/KerjoSam/vendor/laravel/framework/src/Illuminate/Session/Middleware/StartSession.php(121): Illuminate/Pipeline/Pipeline->Illuminate/Pipeline/{closure}(Object(Illuminate/Http/Request))
#18 C:/xampp/htdocs/repo-tugas-web-app-website/KerjoSam/vendor/laravel/framework/src/Illuminate/Session/Middleware/StartSession.php(64): Illuminate/Session/Middleware/StartSession->handleStatefulRequest(Object(Illuminate/Http/Request), Object(Illuminate/Session/Store), Object(Closure))
#19 C:/xampp/htdocs/repo-tugas-web-app-website/KerjoSam/vendor/laravel/framework/src/Illuminate/Pipeline/Pipeline.php(209): Illuminate/Session/Middleware/StartSession->handle(Object(Illuminate/Http/Request), Object(Closure))
#20 C:/xampp/htdocs/repo-tugas-web-app-website/KerjoSam/vendor/laravel/framework/src/Illuminate/Cookie/Middleware/AddQueuedCookiesToResponse.php(37): Illuminate/Pipeline/Pipeline->Illuminate/Pipeline/{closure}(Object(Illuminate/Http/Request))
#21 C:/xampp/htdocs/repo-tugas-web-app-website/KerjoSam/vendor/laravel/framework/src/Illuminate/Pipeline/Pipeline.php(209): Illuminate/Cookie/Middleware/AddQueuedCookiesToResponse->handle(Object(Illuminate/Http/Request), Object(Closure))
#22 C:/xampp/htdocs/repo-tugas-web-app-website/KerjoSam/vendor/laravel/framework/src/Illuminate/Cookie/Middleware/EncryptCookies.php(75): Illuminate/Pipeline/Pipeline->Illuminate/Pipeline/{closure}(Object(Illuminate/Http/Request))
#23 C:/xampp/htdocs/repo-tugas-web-app-website/KerjoSam/vendor/laravel/framework/src/Illuminate/Pipeline/Pipeline.php(209): Illuminate/Cookie/Middleware/EncryptCookies->handle(Object(Illuminate/Http/Request), Object(Closure))
#24 C:/xampp/htdocs/repo-tugas-web-app-website/KerjoSam/vendor/laravel/framework/src/Illuminate/Pipeline/Pipeline.php(127): Illuminate/Pipeline/Pipeline->Illuminate/Pipeline/{closure}(Object(Illuminate/Http/Request))
#25 C:/xampp/htdocs/repo-tugas-web-app-website/KerjoSam/vendor/laravel/framework/src/Illuminate/Routing/Router.php(807): Illuminate/Pipeline/Pipeline->then(Object(Closure))
#26 C:/xampp/htdocs/repo-tugas-web-app-website/KerjoSam/vendor/laravel/framework/src/Illuminate/Routing/Router.php(786): Illuminate/Routing/Router->runRouteWithinStack(Object(Illuminate/Routing/Route), Object(Illuminate/Http/Request))
#27 C:/xampp/htdocs/repo-tugas-web-app-website/KerjoSam/vendor/laravel/framework/src/Illuminate/Routing/Router.php(750): Illuminate/Routing/Router->runRoute(Object(Illuminate/Http/Request), Object(Illuminate/Routing/Route))
#28 C:/xampp/htdocs/repo-tugas-web-app-website/KerjoSam/vendor/laravel/framework/src/Illuminate/Routing/Router.php(739): Illuminate/Routing/Router->dispatchToRoute(Object(Illuminate/Http/Request))
#29 C:/xampp/htdocs/repo-tugas-web-app-website/KerjoSam/vendor/laravel/framework/src/Illuminate/Foundation/Http/Kernel.php(201): Illuminate/Routing/Router->dispatch(Object(Illuminate/Http/Request))
#30 C:/xampp/htdocs/repo-tugas-web-app-website/KerjoSam/vendor/laravel/framework/src/Illuminate/Pipeline/Pipeline.php(170): Illuminate/Foundation/Http/Kernel->Illuminate/Foundation/Http/{closure}(Object(Illuminate/Http/Request))
#31 C:/xampp/htdocs/repo-tugas-web-app-website/KerjoSam/vendor/laravel/framework/src/Illuminate/Foundation/Http/Middleware/TransformsRequest.php(21): Illuminate/Pipeline/Pipeline->Illuminate/Pipeline/{closure}(Object(Illuminate/Http/Request))
#32 C:/xampp/htdocs/repo-tugas-web-app-website/KerjoSam/vendor/laravel/framework/src/Illuminate/Foundation/Http/Middleware/ConvertEmptyStringsToNull.php(31): Illuminate/Foundation/Http/Middleware/TransformsRequest->handle(Object(Illuminate/Http/Request), Object(Closure))
#33 C:/xampp/htdocs/repo-tugas-web-app-website/KerjoSam/vendor/laravel/framework/src/Illuminate/Pipeline/Pipeline.php(209): Illuminate/Foundation/Http/Middleware/ConvertEmptyStringsToNull->handle(Object(Illuminate/Http/Request), Object(Closure))
#34 C:/xampp/htdocs/repo-tugas-web-app-website/KerjoSam/vendor/laravel/framework/src/Illuminate/Foundation/Http/Middleware/TransformsRequest.php(21): Illuminate/Pipeline/Pipeline->Illuminate/Pipeline/{closure}(Object(Illuminate/Http/Request))
#35 C:/xampp/htdocs/repo-tugas-web-app-website/KerjoSam/vendor/laravel/framework/src/Illuminate/Foundation/Http/Middleware/TrimStrings.php(51): Illuminate/Foundation/Http/Middleware/TransformsRequest->handle(Object(Illuminate/Http/Request), Object(Closure))
#36 C:/xampp/htdocs/repo-tugas-web-app-website/KerjoSam/vendor/laravel/framework/src/Illuminate/Pipeline/Pipeline.php(209): Illuminate/Foundation/Http/Middleware/TrimStrings->handle(Object(Illuminate/Http/Request), Object(Closure))
#37 C:/xampp/htdocs/repo-tugas-web-app-website/KerjoSam/vendor/laravel/framework/src/Illuminate/Http/Middleware/ValidatePostSize.php(27): Illuminate/Pipeline/Pipeline->Illuminate/Pipeline/{closure}(Object(Illuminate/Http/Request))
#38 C:/xampp/htdocs/repo-tugas-web-app-website/KerjoSam/vendor/laravel/framework/src/Illuminate/Pipeline/Pipeline.php(209): Illuminate/Http/Middleware/ValidatePostSize->handle(Object(Illuminate/Http/Request), Object(Closure))
#39 C:/xampp/htdocs/repo-tugas-web-app-website/KerjoSam/vendor/laravel/framework/src/Illuminate/Foundation/Http/Middleware/PreventRequestsDuringMaintenance.php(110): Illuminate/Pipeline/Pipeline->Illuminate/Pipeline/{closure}(Object(Illuminate/Http/Request))
#40 C:/xampp/htdocs/repo-tugas-web-app-website/KerjoSam/vendor/laravel/framework/src/Illuminate/Pipeline/Pipeline.php(209): Illuminate/Foundation/Http/Middleware/PreventRequestsDuringMaintenance->handle(Object(Illuminate/Http/Request), Object(Closure))
#41 C:/xampp/htdocs/repo-tugas-web-app-website/KerjoSam/vendor/laravel/framework/src/Illuminate/Http/Middleware/HandleCors.php(49): Illuminate/Pipeline/Pipeline->Illuminate/Pipeline/{closure}(Object(Illuminate/Http/Request))
#42 C:/xampp/htdocs/repo-tugas-web-app-website/KerjoSam/vendor/laravel/framework/src/Illuminate/Pipeline/Pipeline.php(209): Illuminate/Http/Middleware/HandleCors->handle(Object(Illuminate/Http/Request), Object(Closure))
#43 C:/xampp/htdocs/repo-tugas-web-app-website/KerjoSam/vendor/laravel/framework/src/Illuminate/Http/Middleware/TrustProxies.php(58): Illuminate/Pipeline/Pipeline->Illuminate/Pipeline/{closure}(Object(Illuminate/Http/Request))
#44 C:/xampp/htdocs/repo-tugas-web-app-website/KerjoSam/vendor/laravel/framework/src/Illuminate/Pipeline/Pipeline.php(209): Illuminate/Http/Middleware/TrustProxies->handle(Object(Illuminate/Http/Request), Object(Closure))
#45 C:/xampp/htdocs/repo-tugas-web-app-website/KerjoSam/vendor/laravel/framework/src/Illuminate/Foundation/Http/Middleware/InvokeDeferredCallbacks.php(22): Illuminate/Pipeline/Pipeline->Illuminate/Pipeline/{closure}(Object(Illuminate/Http/Request))
#46 C:/xampp/htdocs/repo-tugas-web-app-website/KerjoSam/vendor/laravel/framework/src/Illuminate/Pipeline/Pipeline.php(209): Illuminate/Foundation/Http/Middleware/InvokeDeferredCallbacks->handle(Object(Illuminate/Http/Request), Object(Closure))
#47 C:/xampp/htdocs/repo-tugas-web-app-website/KerjoSam/vendor/laravel/framework/src/Illuminate/Pipeline/Pipeline.php(127): Illuminate/Pipeline/Pipeline->Illuminate/Pipeline/{closure}(Object(Illuminate/Http/Request))
#48 C:/xampp/htdocs/repo-tugas-web-app-website/KerjoSam/vendor/laravel/framework/src/Illuminate/Foundation/Http/Kernel.php(176): Illuminate/Pipeline/Pipeline->then(Object(Closure))
#49 C:/xampp/htdocs/repo-tugas-web-app-website/KerjoSam/vendor/laravel/framework/src/Illuminate/Foundation/Http/Kernel.php(145): Illuminate/Foundation/Http/Kernel->sendRequestThroughRouter(Object(Illuminate/Http/Request))
#50 C:/xampp/htdocs/repo-tugas-web-app-website/KerjoSam/vendor/laravel/framework/src/Illuminate/Foundation/Application.php(1220): Illuminate/Foundation/Http/Kernel->handle(Object(Illuminate/Http/Request))
#51 C:/xampp/htdocs/repo-tugas-web-app-website/KerjoSam/public/index.php(17): Illuminate/Foundation/Application->handleRequest(Object(Illuminate/Http/Request))
#52 C:/xampp/htdocs/repo-tugas-web-app-website/KerjoSam/vendor/laravel/framework/src/Illuminate/Foundation/resources/server.php(23): require_once('C://xampp//htdocs...')
#53 {main}

[previous exception] [object] (Symfony\\Component\\Routing\\Exception\\RouteNotFoundException(code: 0): Route [job.detail] not defined. at C:/xampp/htdocs/repo-tugas-web-app-website/KerjoSam/vendor/laravel/framework/src/Illuminate/Routing/UrlGenerator.php:517)
[stacktrace]
#0 C:/xampp/htdocs/repo-tugas-web-app-website/KerjoSam/vendor/laravel/framework/src/Illuminate/Foundation/helpers.php(853): Illuminate/Routing/UrlGenerator->route('job.detail', 1, true)
#1 C:/xampp/htdocs/repo-tugas-web-app-website/KerjoSam/storage/framework/views/78f49b33f6aeb4e8897da4dd47557cb5.php(399): route('job.detail', 1)
#2 C:/xampp/htdocs/repo-tugas-web-app-website/KerjoSam/vendor/laravel/framework/src/Illuminate/Filesystem/Filesystem.php(123): require('C://xampp//htdocs...')
#3 C:/xampp/htdocs/repo-tugas-web-app-website/KerjoSam/vendor/laravel/framework/src/Illuminate/Filesystem/Filesystem.php(124): Illuminate/Filesystem/Filesystem::Illuminate/Filesystem/{closure}()
#4 C:/xampp/htdocs/repo-tugas-web-app-website/KerjoSam/vendor/laravel/framework/src/Illuminate/View/Engines/PhpEngine.php(58): Illuminate/Filesystem/Filesystem->getRequire('C://xampp//htdocs...', Array)
#5 C:/xampp/htdocs/repo-tugas-web-app-website/KerjoSam/vendor/laravel/framework/src/Illuminate/View/Engines/CompilerEngine.php(75): Illuminate/View/Engines/PhpEngine->evaluatePath('C://xampp//htdocs...', Array)
#6 C:/xampp/htdocs/repo-tugas-web-app-website/KerjoSam/vendor/laravel/framework/src/Illuminate/View/View.php(209): Illuminate/View/Engines/CompilerEngine->get('C://xampp//htdocs...', Array)
#7 C:/xampp/htdocs/repo-tugas-web-app-website/KerjoSam/vendor/laravel/framework/src/Illuminate/View/View.php(192): Illuminate/View/View->getContents()
#8 C:/xampp/htdocs/repo-tugas-web-app-website/KerjoSam/vendor/laravel/framework/src/Illuminate/View/View.php(161): Illuminate/View/View->renderContents()
#9 C:/xampp/htdocs/repo-tugas-web-app-website/KerjoSam/vendor/laravel/framework/src/Illuminate/Http/Response.php(79): Illuminate/View/View->render()
#10 C:/xampp/htdocs/repo-tugas-web-app-website/KerjoSam/vendor/laravel/framework/src/Illuminate/Http/Response.php(35): Illuminate/Http/Response->setContent(Object(Illuminate/View/View))
#11 C:/xampp/htdocs/repo-tugas-web-app-website/KerjoSam/vendor/laravel/framework/src/Illuminate/Routing/Router.php(920): Illuminate/Http/Response->__construct(Object(Illuminate/View/View), 200, Array)
#12 C:/xampp/htdocs/repo-tugas-web-app-website/KerjoSam/vendor/laravel/framework/src/Illuminate/Routing/Router.php(887): Illuminate/Routing/Router::toResponse(Object(Illuminate/Http/Request), Object(Illuminate/View/View))
#13 C:/xampp/htdocs/repo-tugas-web-app-website/KerjoSam/vendor/laravel/framework/src/Illuminate/Routing/Router.php(807): Illuminate/Routing/Router->prepareResponse(Object(Illuminate/Http/Request), Object(Illuminate/View/View))
#14 C:/xampp/htdocs/repo-tugas-web-app-website/KerjoSam/vendor/laravel/framework/src/Illuminate/Pipeline/Pipeline.php(170): Illuminate/Routing/Router->Illuminate/Routing/{closure}(Object(Illuminate/Http/Request))
#15 C:/xampp/htdocs/repo-tugas-web-app-website/KerjoSam/vendor/laravel/framework/src/Illuminate/Routing/Middleware/SubstituteBindings.php(51): Illuminate/Pipeline/Pipeline->Illuminate/Pipeline/{closure}(Object(Illuminate/Http/Request))
#16 C:/xampp/htdocs/repo-tugas-web-app-website/KerjoSam/vendor/laravel/framework/src/Illuminate/Pipeline/Pipeline.php(209): Illuminate/Routing/Middleware/SubstituteBindings->handle(Object(Illuminate/Http/Request), Object(Closure))
#17 C:/xampp/htdocs/repo-tugas-web-app-website/KerjoSam/vendor/laravel/framework/src/Illuminate/Foundation/Http/Middleware/VerifyCsrfToken.php(88): Illuminate/Pipeline/Pipeline->Illuminate/Pipeline/{closure}(Object(Illuminate/Http/Request))
#18 C:/xampp/htdocs/repo-tugas-web-app-website/KerjoSam/vendor/laravel/framework/src/Illuminate/Pipeline/Pipeline.php(209): Illuminate/Foundation/Http/Middleware/VerifyCsrfToken->handle(Object(Illuminate/Http/Request), Object(Closure))
#19 C:/xampp/htdocs/repo-tugas-web-app-website/KerjoSam/vendor/laravel/framework/src/Illuminate/View/Middleware/ShareErrorsFromSession.php(49): Illuminate/Pipeline/Pipeline->Illuminate/Pipeline/{closure}(Object(Illuminate/Http/Request))
#20 C:/xampp/htdocs/repo-tugas-web-app-website/KerjoSam/vendor/laravel/framework/src/Illuminate/Pipeline/Pipeline.php(209): Illuminate/View/Middleware/ShareErrorsFromSession->handle(Object(Illuminate/Http/Request), Object(Closure))
#21 C:/xampp/htdocs/repo-tugas-web-app-website/KerjoSam/vendor/laravel/framework/src/Illuminate/Session/Middleware/StartSession.php(121): Illuminate/Pipeline/Pipeline->Illuminate/Pipeline/{closure}(Object(Illuminate/Http/Request))
#22 C:/xampp/htdocs/repo-tugas-web-app-website/KerjoSam/vendor/laravel/framework/src/Illuminate/Session/Middleware/StartSession.php(64): Illuminate/Session/Middleware/StartSession->handleStatefulRequest(Object(Illuminate/Http/Request), Object(Illuminate/Session/Store), Object(Closure))
#23 C:/xampp/htdocs/repo-tugas-web-app-website/KerjoSam/vendor/laravel/framework/src/Illuminate/Pipeline/Pipeline.php(209): Illuminate/Session/Middleware/StartSession->handle(Object(Illuminate/Http/Request), Object(Closure))
#24 C:/xampp/htdocs/repo-tugas-web-app-website/KerjoSam/vendor/laravel/framework/src/Illuminate/Cookie/Middleware/AddQueuedCookiesToResponse.php(37): Illuminate/Pipeline/Pipeline->Illuminate/Pipeline/{closure}(Object(Illuminate/Http/Request))
#25 C:/xampp/htdocs/repo-tugas-web-app-website/KerjoSam/vendor/laravel/framework/src/Illuminate/Pipeline/Pipeline.php(209): Illuminate/Cookie/Middleware/AddQueuedCookiesToResponse->handle(Object(Illuminate/Http/Request), Object(Closure))
#26 C:/xampp/htdocs/repo-tugas-web-app-website/KerjoSam/vendor/laravel/framework/src/Illuminate/Cookie/Middleware/EncryptCookies.php(75): Illuminate/Pipeline/Pipeline->Illuminate/Pipeline/{closure}(Object(Illuminate/Http/Request))
#27 C:/xampp/htdocs/repo-tugas-web-app-website/KerjoSam/vendor/laravel/framework/src/Illuminate/Pipeline/Pipeline.php(209): Illuminate/Cookie/Middleware/EncryptCookies->handle(Object(Illuminate/Http/Request), Object(Closure))
#28 C:/xampp/htdocs/repo-tugas-web-app-website/KerjoSam/vendor/laravel/framework/src/Illuminate/Pipeline/Pipeline.php(127): Illuminate/Pipeline/Pipeline->Illuminate/Pipeline/{closure}(Object(Illuminate/Http/Request))
#29 C:/xampp/htdocs/repo-tugas-web-app-website/KerjoSam/vendor/laravel/framework/src/Illuminate/Routing/Router.php(807): Illuminate/Pipeline/Pipeline->then(Object(Closure))
#30 C:/xampp/htdocs/repo-tugas-web-app-website/KerjoSam/vendor/laravel/framework/src/Illuminate/Routing/Router.php(786): Illuminate/Routing/Router->runRouteWithinStack(Object(Illuminate/Routing/Route), Object(Illuminate/Http/Request))
#31 C:/xampp/htdocs/repo-tugas-web-app-website/KerjoSam/vendor/laravel/framework/src/Illuminate/Routing/Router.php(750): Illuminate/Routing/Router->runRoute(Object(Illuminate/Http/Request), Object(Illuminate/Routing/Route))
#32 C:/xampp/htdocs/repo-tugas-web-app-website/KerjoSam/vendor/laravel/framework/src/Illuminate/Routing/Router.php(739): Illuminate/Routing/Router->dispatchToRoute(Object(Illuminate/Http/Request))
#33 C:/xampp/htdocs/repo-tugas-web-app-website/KerjoSam/vendor/laravel/framework/src/Illuminate/Foundation/Http/Kernel.php(201): Illuminate/Routing/Router->dispatch(Object(Illuminate/Http/Request))
#34 C:/xampp/htdocs/repo-tugas-web-app-website/KerjoSam/vendor/laravel/framework/src/Illuminate/Pipeline/Pipeline.php(170): Illuminate/Foundation/Http/Kernel->Illuminate/Foundation/Http/{closure}(Object(Illuminate/Http/Request))
#35 C:/xampp/htdocs/repo-tugas-web-app-website/KerjoSam/vendor/laravel/framework/src/Illuminate/Foundation/Http/Middleware/TransformsRequest.php(21): Illuminate/Pipeline/Pipeline->Illuminate/Pipeline/{closure}(Object(Illuminate/Http/Request))
#36 C:/xampp/htdocs/repo-tugas-web-app-website/KerjoSam/vendor/laravel/framework/src/Illuminate/Foundation/Http/Middleware/ConvertEmptyStringsToNull.php(31): Illuminate/Foundation/Http/Middleware/TransformsRequest->handle(Object(Illuminate/Http/Request), Object(Closure))
#37 C:/xampp/htdocs/repo-tugas-web-app-website/KerjoSam/vendor/laravel/framework/src/Illuminate/Pipeline/Pipeline.php(209): Illuminate/Foundation/Http/Middleware/ConvertEmptyStringsToNull->handle(Object(Illuminate/Http/Request), Object(Closure))
#38 C:/xampp/htdocs/repo-tugas-web-app-website/KerjoSam/vendor/laravel/framework/src/Illuminate/Foundation/Http/Middleware/TransformsRequest.php(21): Illuminate/Pipeline/Pipeline->Illuminate/Pipeline/{closure}(Object(Illuminate/Http/Request))
#39 C:/xampp/htdocs/repo-tugas-web-app-website/KerjoSam/vendor/laravel/framework/src/Illuminate/Foundation/Http/Middleware/TrimStrings.php(51): Illuminate/Foundation/Http/Middleware/TransformsRequest->handle(Object(Illuminate/Http/Request), Object(Closure))
#40 C:/xampp/htdocs/repo-tugas-web-app-website/KerjoSam/vendor/laravel/framework/src/Illuminate/Pipeline/Pipeline.php(209): Illuminate/Foundation/Http/Middleware/TrimStrings->handle(Object(Illuminate/Http/Request), Object(Closure))
#41 C:/xampp/htdocs/repo-tugas-web-app-website/KerjoSam/vendor/laravel/framework/src/Illuminate/Http/Middleware/ValidatePostSize.php(27): Illuminate/Pipeline/Pipeline->Illuminate/Pipeline/{closure}(Object(Illuminate/Http/Request))
#42 C:/xampp/htdocs/repo-tugas-web-app-website/KerjoSam/vendor/laravel/framework/src/Illuminate/Pipeline/Pipeline.php(209): Illuminate/Http/Middleware/ValidatePostSize->handle(Object(Illuminate/Http/Request), Object(Closure))
#43 C:/xampp/htdocs/repo-tugas-web-app-website/KerjoSam/vendor/laravel/framework/src/Illuminate/Foundation/Http/Middleware/PreventRequestsDuringMaintenance.php(110): Illuminate/Pipeline/Pipeline->Illuminate/Pipeline/{closure}(Object(Illuminate/Http/Request))
#44 C:/xampp/htdocs/repo-tugas-web-app-website/KerjoSam/vendor/laravel/framework/src/Illuminate/Pipeline/Pipeline.php(209): Illuminate/Foundation/Http/Middleware/PreventRequestsDuringMaintenance->handle(Object(Illuminate/Http/Request), Object(Closure))
#45 C:/xampp/htdocs/repo-tugas-web-app-website/KerjoSam/vendor/laravel/framework/src/Illuminate/Http/Middleware/HandleCors.php(49): Illuminate/Pipeline/Pipeline->Illuminate/Pipeline/{closure}(Object(Illuminate/Http/Request))
#46 C:/xampp/htdocs/repo-tugas-web-app-website/KerjoSam/vendor/laravel/framework/src/Illuminate/Pipeline/Pipeline.php(209): Illuminate/Http/Middleware/HandleCors->handle(Object(Illuminate/Http/Request), Object(Closure))
#47 C:/xampp/htdocs/repo-tugas-web-app-website/KerjoSam/vendor/laravel/framework/src/Illuminate/Http/Middleware/TrustProxies.php(58): Illuminate/Pipeline/Pipeline->Illuminate/Pipeline/{closure}(Object(Illuminate/Http/Request))
#48 C:/xampp/htdocs/repo-tugas-web-app-website/KerjoSam/vendor/laravel/framework/src/Illuminate/Pipeline/Pipeline.php(209): Illuminate/Http/Middleware/TrustProxies->handle(Object(Illuminate/Http/Request), Object(Closure))
#49 C:/xampp/htdocs/repo-tugas-web-app-website/KerjoSam/vendor/laravel/framework/src/Illuminate/Foundation/Http/Middleware/InvokeDeferredCallbacks.php(22): Illuminate/Pipeline/Pipeline->Illuminate/Pipeline/{closure}(Object(Illuminate/Http/Request))
#50 C:/xampp/htdocs/repo-tugas-web-app-website/KerjoSam/vendor/laravel/framework/src/Illuminate/Pipeline/Pipeline.php(209): Illuminate/Foundation/Http/Middleware/InvokeDeferredCallbacks->handle(Object(Illuminate/Http/Request), Object(Closure))
#51 C:/xampp/htdocs/repo-tugas-web-app-website/KerjoSam/vendor/laravel/framework/src/Illuminate/Pipeline/Pipeline.php(127): Illuminate/Pipeline/Pipeline->Illuminate/Pipeline/{closure}(Object(Illuminate/Http/Request))
#52 C:/xampp/htdocs/repo-tugas-web-app-website/KerjoSam/vendor/laravel/framework/src/Illuminate/Foundation/Http/Kernel.php(176): Illuminate/Pipeline/Pipeline->then(Object(Closure))
#53 C:/xampp/htdocs/repo-tugas-web-app-website/KerjoSam/vendor/laravel/framework/src/Illuminate/Foundation/Http/Kernel.php(145): Illuminate/Foundation/Http/Kernel->sendRequestThroughRouter(Object(Illuminate/Http/Request))
#54 C:/xampp/htdocs/repo-tugas-web-app-website/KerjoSam/vendor/laravel/framework/src/Illuminate/Foundation/Application.php(1220): Illuminate/Foundation/Http/Kernel->handle(Object(Illuminate/Http/Request))
#55 C:/xampp/htdocs/repo-tugas-web-app-website/KerjoSam/public/index.php(17): Illuminate/Foundation/Application->handleRequest(Object(Illuminate/Http/Request))
#56 C:/xampp/htdocs/repo-tugas-web-app-website/KerjoSam/vendor/laravel/framework/src/Illuminate/Foundation/resources/server.php(23): require_once('C://xampp//htdocs...')
#57 {main}
"} 
[2026-01-10 10:27:26] local.ERROR: syntax error, unexpected end of file (View: C:\xampp\htdocs\repo-tugas-web-app-website\KerjoSam\resources\views\welcome.blade.php) {"exception":"[object] (Illuminate\\View\\ViewException(code: 0): syntax error, unexpected end of file (View: C:\\xampp\\htdocs\\repo-tugas-web-app-website\\KerjoSam\\resources\\views\\welcome.blade.php) at C:/xampp/htdocs/repo-tugas-web-app-website/KerjoSam/storage/framework/views/78f49b33f6aeb4e8897da4dd47557cb5.php:432)
[stacktrace]
#0 C:/xampp/htdocs/repo-tugas-web-app-website/KerjoSam/vendor/laravel/framework/src/Illuminate/View/Engines/PhpEngine.php(60): Illuminate/View/Engines/CompilerEngine->handleViewException(Object(ParseError), 1)
#1 C:/xampp/htdocs/repo-tugas-web-app-website/KerjoSam/vendor/laravel/framework/src/Illuminate/View/Engines/CompilerEngine.php(75): Illuminate/View/Engines/PhpEngine->evaluatePath('C://xampp//htdocs...', Array)
#2 C:/xampp/htdocs/repo-tugas-web-app-website/KerjoSam/vendor/laravel/framework/src/Illuminate/View/View.php(209): Illuminate/View/Engines/CompilerEngine->get('C://xampp//htdocs...', Array)
#3 C:/xampp/htdocs/repo-tugas-web-app-website/KerjoSam/vendor/laravel/framework/src/Illuminate/View/View.php(192): Illuminate/View/View->getContents()
#4 C:/xampp/htdocs/repo-tugas-web-app-website/KerjoSam/vendor/laravel/framework/src/Illuminate/View/View.php(161): Illuminate/View/View->renderContents()
#5 C:/xampp/htdocs/repo-tugas-web-app-website/KerjoSam/vendor/laravel/framework/src/Illuminate/Http/Response.php(79): Illuminate/View/View->render()
#6 C:/xampp/htdocs/repo-tugas-web-app-website/KerjoSam/vendor/laravel/framework/src/Illuminate/Http/Response.php(35): Illuminate/Http/Response->setContent(Object(Illuminate/View/View))
#7 C:/xampp/htdocs/repo-tugas-web-app-website/KerjoSam/vendor/laravel/framework/src/Illuminate/Routing/Router.php(920): Illuminate/Http/Response->__construct(Object(Illuminate/View/View), 200, Array)
#8 C:/xampp/htdocs/repo-tugas-web-app-website/KerjoSam/vendor/laravel/framework/src/Illuminate/Routing/Router.php(887): Illuminate/Routing/Router::toResponse(Object(Illuminate/Http/Request), Object(Illuminate/View/View))
#9 C:/xampp/htdocs/repo-tugas-web-app-website/KerjoSam/vendor/laravel/framework/src/Illuminate/Routing/Router.php(807): Illuminate/Routing/Router->prepareResponse(Object(Illuminate/Http/Request), Object(Illuminate/View/View))
#10 C:/xampp/htdocs/repo-tugas-web-app-website/KerjoSam/vendor/laravel/framework/src/Illuminate/Pipeline/Pipeline.php(170): Illuminate/Routing/Router->Illuminate/Routing/{closure}(Object(Illuminate/Http/Request))
#11 C:/xampp/htdocs/repo-tugas-web-app-website/KerjoSam/vendor/laravel/framework/src/Illuminate/Routing/Middleware/SubstituteBindings.php(51): Illuminate/Pipeline/Pipeline->Illuminate/Pipeline/{closure}(Object(Illuminate/Http/Request))
#12 C:/xampp/htdocs/repo-tugas-web-app-website/KerjoSam/vendor/laravel/framework/src/Illuminate/Pipeline/Pipeline.php(209): Illuminate/Routing/Middleware/SubstituteBindings->handle(Object(Illuminate/Http/Request), Object(Closure))
#13 C:/xampp/htdocs/repo-tugas-web-app-website/KerjoSam/vendor/laravel/framework/src/Illuminate/Foundation/Http/Middleware/VerifyCsrfToken.php(88): Illuminate/Pipeline/Pipeline->Illuminate/Pipeline/{closure}(Object(Illuminate/Http/Request))
#14 C:/xampp/htdocs/repo-tugas-web-app-website/KerjoSam/vendor/laravel/framework/src/Illuminate/Pipeline/Pipeline.php(209): Illuminate/Foundation/Http/Middleware/VerifyCsrfToken->handle(Object(Illuminate/Http/Request), Object(Closure))
#15 C:/xampp/htdocs/repo-tugas-web-app-website/KerjoSam/vendor/laravel/framework/src/Illuminate/View/Middleware/ShareErrorsFromSession.php(49): Illuminate/Pipeline/Pipeline->Illuminate/Pipeline/{closure}(Object(Illuminate/Http/Request))
#16 C:/xampp/htdocs/repo-tugas-web-app-website/KerjoSam/vendor/laravel/framework/src/Illuminate/Pipeline/Pipeline.php(209): Illuminate/View/Middleware/ShareErrorsFromSession->handle(Object(Illuminate/Http/Request), Object(Closure))
#17 C:/xampp/htdocs/repo-tugas-web-app-website/KerjoSam/vendor/laravel/framework/src/Illuminate/Session/Middleware/StartSession.php(121): Illuminate/Pipeline/Pipeline->Illuminate/Pipeline/{closure}(Object(Illuminate/Http/Request))
#18 C:/xampp/htdocs/repo-tugas-web-app-website/KerjoSam/vendor/laravel/framework/src/Illuminate/Session/Middleware/StartSession.php(64): Illuminate/Session/Middleware/StartSession->handleStatefulRequest(Object(Illuminate/Http/Request), Object(Illuminate/Session/Store), Object(Closure))
#19 C:/xampp/htdocs/repo-tugas-web-app-website/KerjoSam/vendor/laravel/framework/src/Illuminate/Pipeline/Pipeline.php(209): Illuminate/Session/Middleware/StartSession->handle(Object(Illuminate/Http/Request), Object(Closure))
#20 C:/xampp/htdocs/repo-tugas-web-app-website/KerjoSam/vendor/laravel/framework/src/Illuminate/Cookie/Middleware/AddQueuedCookiesToResponse.php(37): Illuminate/Pipeline/Pipeline->Illuminate/Pipeline/{closure}(Object(Illuminate/Http/Request))
#21 C:/xampp/htdocs/repo-tugas-web-app-website/KerjoSam/vendor/laravel/framework/src/Illuminate/Pipeline/Pipeline.php(209): Illuminate/Cookie/Middleware/AddQueuedCookiesToResponse->handle(Object(Illuminate/Http/Request), Object(Closure))
#22 C:/xampp/htdocs/repo-tugas-web-app-website/KerjoSam/vendor/laravel/framework/src/Illuminate/Cookie/Middleware/EncryptCookies.php(75): Illuminate/Pipeline/Pipeline->Illuminate/Pipeline/{closure}(Object(Illuminate/Http/Request))
#23 C:/xampp/htdocs/repo-tugas-web-app-website/KerjoSam/vendor/laravel/framework/src/Illuminate/Pipeline/Pipeline.php(209): Illuminate/Cookie/Middleware/EncryptCookies->handle(Object(Illuminate/Http/Request), Object(Closure))
#24 C:/xampp/htdocs/repo-tugas-web-app-website/KerjoSam/vendor/laravel/framework/src/Illuminate/Pipeline/Pipeline.php(127): Illuminate/Pipeline/Pipeline->Illuminate/Pipeline/{closure}(Object(Illuminate/Http/Request))
#25 C:/xampp/htdocs/repo-tugas-web-app-website/KerjoSam/vendor/laravel/framework/src/Illuminate/Routing/Router.php(807): Illuminate/Pipeline/Pipeline->then(Object(Closure))
#26 C:/xampp/htdocs/repo-tugas-web-app-website/KerjoSam/vendor/laravel/framework/src/Illuminate/Routing/Router.php(786): Illuminate/Routing/Router->runRouteWithinStack(Object(Illuminate/Routing/Route), Object(Illuminate/Http/Request))
#27 C:/xampp/htdocs/repo-tugas-web-app-website/KerjoSam/vendor/laravel/framework/src/Illuminate/Routing/Router.php(750): Illuminate/Routing/Router->runRoute(Object(Illuminate/Http/Request), Object(Illuminate/Routing/Route))
#28 C:/xampp/htdocs/repo-tugas-web-app-website/KerjoSam/vendor/laravel/framework/src/Illuminate/Routing/Router.php(739): Illuminate/Routing/Router->dispatchToRoute(Object(Illuminate/Http/Request))
#29 C:/xampp/htdocs/repo-tugas-web-app-website/KerjoSam/vendor/laravel/framework/src/Illuminate/Foundation/Http/Kernel.php(201): Illuminate/Routing/Router->dispatch(Object(Illuminate/Http/Request))
#30 C:/xampp/htdocs/repo-tugas-web-app-website/KerjoSam/vendor/laravel/framework/src/Illuminate/Pipeline/Pipeline.php(170): Illuminate/Foundation/Http/Kernel->Illuminate/Foundation/Http/{closure}(Object(Illuminate/Http/Request))
#31 C:/xampp/htdocs/repo-tugas-web-app-website/KerjoSam/vendor/laravel/framework/src/Illuminate/Foundation/Http/Middleware/TransformsRequest.php(21): Illuminate/Pipeline/Pipeline->Illuminate/Pipeline/{closure}(Object(Illuminate/Http/Request))
#32 C:/xampp/htdocs/repo-tugas-web-app-website/KerjoSam/vendor/laravel/framework/src/Illuminate/Foundation/Http/Middleware/ConvertEmptyStringsToNull.php(31): Illuminate/Foundation/Http/Middleware/TransformsRequest->handle(Object(Illuminate/Http/Request), Object(Closure))
#33 C:/xampp/htdocs/repo-tugas-web-app-website/KerjoSam/vendor/laravel/framework/src/Illuminate/Pipeline/Pipeline.php(209): Illuminate/Foundation/Http/Middleware/ConvertEmptyStringsToNull->handle(Object(Illuminate/Http/Request), Object(Closure))
#34 C:/xampp/htdocs/repo-tugas-web-app-website/KerjoSam/vendor/laravel/framework/src/Illuminate/Foundation/Http/Middleware/TransformsRequest.php(21): Illuminate/Pipeline/Pipeline->Illuminate/Pipeline/{closure}(Object(Illuminate/Http/Request))
#35 C:/xampp/htdocs/repo-tugas-web-app-website/KerjoSam/vendor/laravel/framework/src/Illuminate/Foundation/Http/Middleware/TrimStrings.php(51): Illuminate/Foundation/Http/Middleware/TransformsRequest->handle(Object(Illuminate/Http/Request), Object(Closure))
#36 C:/xampp/htdocs/repo-tugas-web-app-website/KerjoSam/vendor/laravel/framework/src/Illuminate/Pipeline/Pipeline.php(209): Illuminate/Foundation/Http/Middleware/TrimStrings->handle(Object(Illuminate/Http/Request), Object(Closure))
#37 C:/xampp/htdocs/repo-tugas-web-app-website/KerjoSam/vendor/laravel/framework/src/Illuminate/Http/Middleware/ValidatePostSize.php(27): Illuminate/Pipeline/Pipeline->Illuminate/Pipeline/{closure}(Object(Illuminate/Http/Request))
#38 C:/xampp/htdocs/repo-tugas-web-app-website/KerjoSam/vendor/laravel/framework/src/Illuminate/Pipeline/Pipeline.php(209): Illuminate/Http/Middleware/ValidatePostSize->handle(Object(Illuminate/Http/Request), Object(Closure))
#39 C:/xampp/htdocs/repo-tugas-web-app-website/KerjoSam/vendor/laravel/framework/src/Illuminate/Foundation/Http/Middleware/PreventRequestsDuringMaintenance.php(110): Illuminate/Pipeline/Pipeline->Illuminate/Pipeline/{closure}(Object(Illuminate/Http/Request))
#40 C:/xampp/htdocs/repo-tugas-web-app-website/KerjoSam/vendor/laravel/framework/src/Illuminate/Pipeline/Pipeline.php(209): Illuminate/Foundation/Http/Middleware/PreventRequestsDuringMaintenance->handle(Object(Illuminate/Http/Request), Object(Closure))
#41 C:/xampp/htdocs/repo-tugas-web-app-website/KerjoSam/vendor/laravel/framework/src/Illuminate/Http/Middleware/HandleCors.php(49): Illuminate/Pipeline/Pipeline->Illuminate/Pipeline/{closure}(Object(Illuminate/Http/Request))
#42 C:/xampp/htdocs/repo-tugas-web-app-website/KerjoSam/vendor/laravel/framework/src/Illuminate/Pipeline/Pipeline.php(209): Illuminate/Http/Middleware/HandleCors->handle(Object(Illuminate/Http/Request), Object(Closure))
#43 C:/xampp/htdocs/repo-tugas-web-app-website/KerjoSam/vendor/laravel/framework/src/Illuminate/Http/Middleware/TrustProxies.php(58): Illuminate/Pipeline/Pipeline->Illuminate/Pipeline/{closure}(Object(Illuminate/Http/Request))
#44 C:/xampp/htdocs/repo-tugas-web-app-website/KerjoSam/vendor/laravel/framework/src/Illuminate/Pipeline/Pipeline.php(209): Illuminate/Http/Middleware/TrustProxies->handle(Object(Illuminate/Http/Request), Object(Closure))
#45 C:/xampp/htdocs/repo-tugas-web-app-website/KerjoSam/vendor/laravel/framework/src/Illuminate/Foundation/Http/Middleware/InvokeDeferredCallbacks.php(22): Illuminate/Pipeline/Pipeline->Illuminate/Pipeline/{closure}(Object(Illuminate/Http/Request))
#46 C:/xampp/htdocs/repo-tugas-web-app-website/KerjoSam/vendor/laravel/framework/src/Illuminate/Pipeline/Pipeline.php(209): Illuminate/Foundation/Http/Middleware/InvokeDeferredCallbacks->handle(Object(Illuminate/Http/Request), Object(Closure))
#47 C:/xampp/htdocs/repo-tugas-web-app-website/KerjoSam/vendor/laravel/framework/src/Illuminate/Pipeline/Pipeline.php(127): Illuminate/Pipeline/Pipeline->Illuminate/Pipeline/{closure}(Object(Illuminate/Http/Request))
#48 C:/xampp/htdocs/repo-tugas-web-app-website/KerjoSam/vendor/laravel/framework/src/Illuminate/Foundation/Http/Kernel.php(176): Illuminate/Pipeline/Pipeline->then(Object(Closure))
#49 C:/xampp/htdocs/repo-tugas-web-app-website/KerjoSam/vendor/laravel/framework/src/Illuminate/Foundation/Http/Kernel.php(145): Illuminate/Foundation/Http/Kernel->sendRequestThroughRouter(Object(Illuminate/Http/Request))
#50 C:/xampp/htdocs/repo-tugas-web-app-website/KerjoSam/vendor/laravel/framework/src/Illuminate/Foundation/Application.php(1220): Illuminate/Foundation/Http/Kernel->handle(Object(Illuminate/Http/Request))
#51 C:/xampp/htdocs/repo-tugas-web-app-website/KerjoSam/public/index.php(17): Illuminate/Foundation/Application->handleRequest(Object(Illuminate/Http/Request))
#52 C:/xampp/htdocs/repo-tugas-web-app-website/KerjoSam/vendor/laravel/framework/src/Illuminate/Foundation/resources/server.php(23): require_once('C://xampp//htdocs...')
#53 {main}

[previous exception] [object] (ParseError(code: 0): syntax error, unexpected end of file at C:/xampp/htdocs/repo-tugas-web-app-website/KerjoSam/storage/framework/views/78f49b33f6aeb4e8897da4dd47557cb5.php:432)
[stacktrace]
#0 C:/xampp/htdocs/repo-tugas-web-app-website/KerjoSam/vendor/laravel/framework/src/Illuminate/Filesystem/Filesystem.php(124): Illuminate/Filesystem/Filesystem::Illuminate/Filesystem/{closure}()
#1 C:/xampp/htdocs/repo-tugas-web-app-website/KerjoSam/vendor/laravel/framework/src/Illuminate/View/Engines/PhpEngine.php(58): Illuminate/Filesystem/Filesystem->getRequire('C://xampp//htdocs...', Array)
#2 C:/xampp/htdocs/repo-tugas-web-app-website/KerjoSam/vendor/laravel/framework/src/Illuminate/View/Engines/CompilerEngine.php(75): Illuminate/View/Engines/PhpEngine->evaluatePath('C://xampp//htdocs...', Array)
#3 C:/xampp/htdocs/repo-tugas-web-app-website/KerjoSam/vendor/laravel/framework/src/Illuminate/View/View.php(209): Illuminate/View/Engines/CompilerEngine->get('C://xampp//htdocs...', Array)
#4 C:/xampp/htdocs/repo-tugas-web-app-website/KerjoSam/vendor/laravel/framework/src/Illuminate/View/View.php(192): Illuminate/View/View->getContents()
#5 C:/xampp/htdocs/repo-tugas-web-app-website/KerjoSam/vendor/laravel/framework/src/Illuminate/View/View.php(161): Illuminate/View/View->renderContents()
#6 C:/xampp/htdocs/repo-tugas-web-app-website/KerjoSam/vendor/laravel/framework/src/Illuminate/Http/Response.php(79): Illuminate/View/View->render()
#7 C:/xampp/htdocs/repo-tugas-web-app-website/KerjoSam/vendor/laravel/framework/src/Illuminate/Http/Response.php(35): Illuminate/Http/Response->setContent(Object(Illuminate/View/View))
#8 C:/xampp/htdocs/repo-tugas-web-app-website/KerjoSam/vendor/laravel/framework/src/Illuminate/Routing/Router.php(920): Illuminate/Http/Response->__construct(Object(Illuminate/View/View), 200, Array)
#9 C:/xampp/htdocs/repo-tugas-web-app-website/KerjoSam/vendor/laravel/framework/src/Illuminate/Routing/Router.php(887): Illuminate/Routing/Router::toResponse(Object(Illuminate/Http/Request), Object(Illuminate/View/View))
#10 C:/xampp/htdocs/repo-tugas-web-app-website/KerjoSam/vendor/laravel/framework/src/Illuminate/Routing/Router.php(807): Illuminate/Routing/Router->prepareResponse(Object(Illuminate/Http/Request), Object(Illuminate/View/View))
#11 C:/xampp/htdocs/repo-tugas-web-app-website/KerjoSam/vendor/laravel/framework/src/Illuminate/Pipeline/Pipeline.php(170): Illuminate/Routing/Router->Illuminate/Routing/{closure}(Object(Illuminate/Http/Request))
#12 C:/xampp/htdocs/repo-tugas-web-app-website/KerjoSam/vendor/laravel/framework/src/Illuminate/Routing/Middleware/SubstituteBindings.php(51): Illuminate/Pipeline/Pipeline->Illuminate/Pipeline/{closure}(Object(Illuminate/Http/Request))
#13 C:/xampp/htdocs/repo-tugas-web-app-website/KerjoSam/vendor/laravel/framework/src/Illuminate/Pipeline/Pipeline.php(209): Illuminate/Routing/Middleware/SubstituteBindings->handle(Object(Illuminate/Http/Request), Object(Closure))
#14 C:/xampp/htdocs/repo-tugas-web-app-website/KerjoSam/vendor/laravel/framework/src/Illuminate/Foundation/Http/Middleware/VerifyCsrfToken.php(88): Illuminate/Pipeline/Pipeline->Illuminate/Pipeline/{closure}(Object(Illuminate/Http/Request))
#15 C:/xampp/htdocs/repo-tugas-web-app-website/KerjoSam/vendor/laravel/framework/src/Illuminate/Pipeline/Pipeline.php(209): Illuminate/Foundation/Http/Middleware/VerifyCsrfToken->handle(Object(Illuminate/Http/Request), Object(Closure))
#16 C:/xampp/htdocs/repo-tugas-web-app-website/KerjoSam/vendor/laravel/framework/src/Illuminate/View/Middleware/ShareErrorsFromSession.php(49): Illuminate/Pipeline/Pipeline->Illuminate/Pipeline/{closure}(Object(Illuminate/Http/Request))
#17 C:/xampp/htdocs/repo-tugas-web-app-website/KerjoSam/vendor/laravel/framework/src/Illuminate/Pipeline/Pipeline.php(209): Illuminate/View/Middleware/ShareErrorsFromSession->handle(Object(Illuminate/Http/Request), Object(Closure))
#18 C:/xampp/htdocs/repo-tugas-web-app-website/KerjoSam/vendor/laravel/framework/src/Illuminate/Session/Middleware/StartSession.php(121): Illuminate/Pipeline/Pipeline->Illuminate/Pipeline/{closure}(Object(Illuminate/Http/Request))
#19 C:/xampp/htdocs/repo-tugas-web-app-website/KerjoSam/vendor/laravel/framework/src/Illuminate/Session/Middleware/StartSession.php(64): Illuminate/Session/Middleware/StartSession->handleStatefulRequest(Object(Illuminate/Http/Request), Object(Illuminate/Session/Store), Object(Closure))
#20 C:/xampp/htdocs/repo-tugas-web-app-website/KerjoSam/vendor/laravel/framework/src/Illuminate/Pipeline/Pipeline.php(209): Illuminate/Session/Middleware/StartSession->handle(Object(Illuminate/Http/Request), Object(Closure))
#21 C:/xampp/htdocs/repo-tugas-web-app-website/KerjoSam/vendor/laravel/framework/src/Illuminate/Cookie/Middleware/AddQueuedCookiesToResponse.php(37): Illuminate/Pipeline/Pipeline->Illuminate/Pipeline/{closure}(Object(Illuminate/Http/Request))
#22 C:/xampp/htdocs/repo-tugas-web-app-website/KerjoSam/vendor/laravel/framework/src/Illuminate/Pipeline/Pipeline.php(209): Illuminate/Cookie/Middleware/AddQueuedCookiesToResponse->handle(Object(Illuminate/Http/Request), Object(Closure))
#23 C:/xampp/htdocs/repo-tugas-web-app-website/KerjoSam/vendor/laravel/framework/src/Illuminate/Cookie/Middleware/EncryptCookies.php(75): Illuminate/Pipeline/Pipeline->Illuminate/Pipeline/{closure}(Object(Illuminate/Http/Request))
#24 C:/xampp/htdocs/repo-tugas-web-app-website/KerjoSam/vendor/laravel/framework/src/Illuminate/Pipeline/Pipeline.php(209): Illuminate/Cookie/Middleware/EncryptCookies->handle(Object(Illuminate/Http/Request), Object(Closure))
#25 C:/xampp/htdocs/repo-tugas-web-app-website/KerjoSam/vendor/laravel/framework/src/Illuminate/Pipeline/Pipeline.php(127): Illuminate/Pipeline/Pipeline->Illuminate/Pipeline/{closure}(Object(Illuminate/Http/Request))
#26 C:/xampp/htdocs/repo-tugas-web-app-website/KerjoSam/vendor/laravel/framework/src/Illuminate/Routing/Router.php(807): Illuminate/Pipeline/Pipeline->then(Object(Closure))
#27 C:/xampp/htdocs/repo-tugas-web-app-website/KerjoSam/vendor/laravel/framework/src/Illuminate/Routing/Router.php(786): Illuminate/Routing/Router->runRouteWithinStack(Object(Illuminate/Routing/Route), Object(Illuminate/Http/Request))
#28 C:/xampp/htdocs/repo-tugas-web-app-website/KerjoSam/vendor/laravel/framework/src/Illuminate/Routing/Router.php(750): Illuminate/Routing/Router->runRoute(Object(Illuminate/Http/Request), Object(Illuminate/Routing/Route))
#29 C:/xampp/htdocs/repo-tugas-web-app-website/KerjoSam/vendor/laravel/framework/src/Illuminate/Routing/Router.php(739): Illuminate/Routing/Router->dispatchToRoute(Object(Illuminate/Http/Request))
#30 C:/xampp/htdocs/repo-tugas-web-app-website/KerjoSam/vendor/laravel/framework/src/Illuminate/Foundation/Http/Kernel.php(201): Illuminate/Routing/Router->dispatch(Object(Illuminate/Http/Request))
#31 C:/xampp/htdocs/repo-tugas-web-app-website/KerjoSam/vendor/laravel/framework/src/Illuminate/Pipeline/Pipeline.php(170): Illuminate/Foundation/Http/Kernel->Illuminate/Foundation/Http/{closure}(Object(Illuminate/Http/Request))
#32 C:/xampp/htdocs/repo-tugas-web-app-website/KerjoSam/vendor/laravel/framework/src/Illuminate/Foundation/Http/Middleware/TransformsRequest.php(21): Illuminate/Pipeline/Pipeline->Illuminate/Pipeline/{closure}(Object(Illuminate/Http/Request))
#33 C:/xampp/htdocs/repo-tugas-web-app-website/KerjoSam/vendor/laravel/framework/src/Illuminate/Foundation/Http/Middleware/ConvertEmptyStringsToNull.php(31): Illuminate/Foundation/Http/Middleware/TransformsRequest->handle(Object(Illuminate/Http/Request), Object(Closure))
#34 C:/xampp/htdocs/repo-tugas-web-app-website/KerjoSam/vendor/laravel/framework/src/Illuminate/Pipeline/Pipeline.php(209): Illuminate/Foundation/Http/Middleware/ConvertEmptyStringsToNull->handle(Object(Illuminate/Http/Request), Object(Closure))
#35 C:/xampp/htdocs/repo-tugas-web-app-website/KerjoSam/vendor/laravel/framework/src/Illuminate/Foundation/Http/Middleware/TransformsRequest.php(21): Illuminate/Pipeline/Pipeline->Illuminate/Pipeline/{closure}(Object(Illuminate/Http/Request))
#36 C:/xampp/htdocs/repo-tugas-web-app-website/KerjoSam/vendor/laravel/framework/src/Illuminate/Foundation/Http/Middleware/TrimStrings.php(51): Illuminate/Foundation/Http/Middleware/TransformsRequest->handle(Object(Illuminate/Http/Request), Object(Closure))
#37 C:/xampp/htdocs/repo-tugas-web-app-website/KerjoSam/vendor/laravel/framework/src/Illuminate/Pipeline/Pipeline.php(209): Illuminate/Foundation/Http/Middleware/TrimStrings->handle(Object(Illuminate/Http/Request), Object(Closure))
#38 C:/xampp/htdocs/repo-tugas-web-app-website/KerjoSam/vendor/laravel/framework/src/Illuminate/Http/Middleware/ValidatePostSize.php(27): Illuminate/Pipeline/Pipeline->Illuminate/Pipeline/{closure}(Object(Illuminate/Http/Request))
#39 C:/xampp/htdocs/repo-tugas-web-app-website/KerjoSam/vendor/laravel/framework/src/Illuminate/Pipeline/Pipeline.php(209): Illuminate/Http/Middleware/ValidatePostSize->handle(Object(Illuminate/Http/Request), Object(Closure))
#40 C:/xampp/htdocs/repo-tugas-web-app-website/KerjoSam/vendor/laravel/framework/src/Illuminate/Foundation/Http/Middleware/PreventRequestsDuringMaintenance.php(110): Illuminate/Pipeline/Pipeline->Illuminate/Pipeline/{closure}(Object(Illuminate/Http/Request))
#41 C:/xampp/htdocs/repo-tugas-web-app-website/KerjoSam/vendor/laravel/framework/src/Illuminate/Pipeline/Pipeline.php(209): Illuminate/Foundation/Http/Middleware/PreventRequestsDuringMaintenance->handle(Object(Illuminate/Http/Request), Object(Closure))
#42 C:/xampp/htdocs/repo-tugas-web-app-website/KerjoSam/vendor/laravel/framework/src/Illuminate/Http/Middleware/HandleCors.php(49): Illuminate/Pipeline/Pipeline->Illuminate/Pipeline/{closure}(Object(Illuminate/Http/Request))
#43 C:/xampp/htdocs/repo-tugas-web-app-website/KerjoSam/vendor/laravel/framework/src/Illuminate/Pipeline/Pipeline.php(209): Illuminate/Http/Middleware/HandleCors->handle(Object(Illuminate/Http/Request), Object(Closure))
#44 C:/xampp/htdocs/repo-tugas-web-app-website/KerjoSam/vendor/laravel/framework/src/Illuminate/Http/Middleware/TrustProxies.php(58): Illuminate/Pipeline/Pipeline->Illuminate/Pipeline/{closure}(Object(Illuminate/Http/Request))
#45 C:/xampp/htdocs/repo-tugas-web-app-website/KerjoSam/vendor/laravel/framework/src/Illuminate/Pipeline/Pipeline.php(209): Illuminate/Http/Middleware/TrustProxies->handle(Object(Illuminate/Http/Request), Object(Closure))
#46 C:/xampp/htdocs/repo-tugas-web-app-website/KerjoSam/vendor/laravel/framework/src/Illuminate/Foundation/Http/Middleware/InvokeDeferredCallbacks.php(22): Illuminate/Pipeline/Pipeline->Illuminate/Pipeline/{closure}(Object(Illuminate/Http/Request))
#47 C:/xampp/htdocs/repo-tugas-web-app-website/KerjoSam/vendor/laravel/framework/src/Illuminate/Pipeline/Pipeline.php(209): Illuminate/Foundation/Http/Middleware/InvokeDeferredCallbacks->handle(Object(Illuminate/Http/Request), Object(Closure))
#48 C:/xampp/htdocs/repo-tugas-web-app-website/KerjoSam/vendor/laravel/framework/src/Illuminate/Pipeline/Pipeline.php(127): Illuminate/Pipeline/Pipeline->Illuminate/Pipeline/{closure}(Object(Illuminate/Http/Request))
#49 C:/xampp/htdocs/repo-tugas-web-app-website/KerjoSam/vendor/laravel/framework/src/Illuminate/Foundation/Http/Kernel.php(176): Illuminate/Pipeline/Pipeline->then(Object(Closure))
#50 C:/xampp/htdocs/repo-tugas-web-app-website/KerjoSam/vendor/laravel/framework/src/Illuminate/Foundation/Http/Kernel.php(145): Illuminate/Foundation/Http/Kernel->sendRequestThroughRouter(Object(Illuminate/Http/Request))
#51 C:/xampp/htdocs/repo-tugas-web-app-website/KerjoSam/vendor/laravel/framework/src/Illuminate/Foundation/Application.php(1220): Illuminate/Foundation/Http/Kernel->handle(Object(Illuminate/Http/Request))
#52 C:/xampp/htdocs/repo-tugas-web-app-website/KerjoSam/public/index.php(17): Illuminate/Foundation/Application->handleRequest(Object(Illuminate/Http/Request))
#53 C:/xampp/htdocs/repo-tugas-web-app-website/KerjoSam/vendor/laravel/framework/src/Illuminate/Foundation/resources/server.php(23): require_once('C://xampp//htdocs...')
#54 {main}
"} 
[2026-01-10 10:29:08] local.ERROR: syntax error, unexpected end of file (View: C:\xampp\htdocs\repo-tugas-web-app-website\KerjoSam\resources\views\welcome.blade.php) {"exception":"[object] (Illuminate\\View\\ViewException(code: 0): syntax error, unexpected end of file (View: C:\\xampp\\htdocs\\repo-tugas-web-app-website\\KerjoSam\\resources\\views\\welcome.blade.php) at C:/xampp/htdocs/repo-tugas-web-app-website/KerjoSam/storage/framework/views/78f49b33f6aeb4e8897da4dd47557cb5.php:432)
[stacktrace]
#0 C:/xampp/htdocs/repo-tugas-web-app-website/KerjoSam/vendor/laravel/framework/src/Illuminate/View/Engines/PhpEngine.php(60): Illuminate/View/Engines/CompilerEngine->handleViewException(Object(ParseError), 1)
#1 C:/xampp/htdocs/repo-tugas-web-app-website/KerjoSam/vendor/laravel/framework/src/Illuminate/View/Engines/CompilerEngine.php(75): Illuminate/View/Engines/PhpEngine->evaluatePath('C://xampp//htdocs...', Array)
#2 C:/xampp/htdocs/repo-tugas-web-app-website/KerjoSam/vendor/laravel/framework/src/Illuminate/View/View.php(209): Illuminate/View/Engines/CompilerEngine->get('C://xampp//htdocs...', Array)
#3 C:/xampp/htdocs/repo-tugas-web-app-website/KerjoSam/vendor/laravel/framework/src/Illuminate/View/View.php(192): Illuminate/View/View->getContents()
#4 C:/xampp/htdocs/repo-tugas-web-app-website/KerjoSam/vendor/laravel/framework/src/Illuminate/View/View.php(161): Illuminate/View/View->renderContents()
#5 C:/xampp/htdocs/repo-tugas-web-app-website/KerjoSam/vendor/laravel/framework/src/Illuminate/Http/Response.php(79): Illuminate/View/View->render()
#6 C:/xampp/htdocs/repo-tugas-web-app-website/KerjoSam/vendor/laravel/framework/src/Illuminate/Http/Response.php(35): Illuminate/Http/Response->setContent(Object(Illuminate/View/View))
#7 C:/xampp/htdocs/repo-tugas-web-app-website/KerjoSam/vendor/laravel/framework/src/Illuminate/Routing/Router.php(920): Illuminate/Http/Response->__construct(Object(Illuminate/View/View), 200, Array)
#8 C:/xampp/htdocs/repo-tugas-web-app-website/KerjoSam/vendor/laravel/framework/src/Illuminate/Routing/Router.php(887): Illuminate/Routing/Router::toResponse(Object(Illuminate/Http/Request), Object(Illuminate/View/View))
#9 C:/xampp/htdocs/repo-tugas-web-app-website/KerjoSam/vendor/laravel/framework/src/Illuminate/Routing/Router.php(807): Illuminate/Routing/Router->prepareResponse(Object(Illuminate/Http/Request), Object(Illuminate/View/View))
#10 C:/xampp/htdocs/repo-tugas-web-app-website/KerjoSam/vendor/laravel/framework/src/Illuminate/Pipeline/Pipeline.php(170): Illuminate/Routing/Router->Illuminate/Routing/{closure}(Object(Illuminate/Http/Request))
#11 C:/xampp/htdocs/repo-tugas-web-app-website/KerjoSam/vendor/laravel/framework/src/Illuminate/Routing/Middleware/SubstituteBindings.php(51): Illuminate/Pipeline/Pipeline->Illuminate/Pipeline/{closure}(Object(Illuminate/Http/Request))
#12 C:/xampp/htdocs/repo-tugas-web-app-website/KerjoSam/vendor/laravel/framework/src/Illuminate/Pipeline/Pipeline.php(209): Illuminate/Routing/Middleware/SubstituteBindings->handle(Object(Illuminate/Http/Request), Object(Closure))
#13 C:/xampp/htdocs/repo-tugas-web-app-website/KerjoSam/vendor/laravel/framework/src/Illuminate/Foundation/Http/Middleware/VerifyCsrfToken.php(88): Illuminate/Pipeline/Pipeline->Illuminate/Pipeline/{closure}(Object(Illuminate/Http/Request))
#14 C:/xampp/htdocs/repo-tugas-web-app-website/KerjoSam/vendor/laravel/framework/src/Illuminate/Pipeline/Pipeline.php(209): Illuminate/Foundation/Http/Middleware/VerifyCsrfToken->handle(Object(Illuminate/Http/Request), Object(Closure))
#15 C:/xampp/htdocs/repo-tugas-web-app-website/KerjoSam/vendor/laravel/framework/src/Illuminate/View/Middleware/ShareErrorsFromSession.php(49): Illuminate/Pipeline/Pipeline->Illuminate/Pipeline/{closure}(Object(Illuminate/Http/Request))
#16 C:/xampp/htdocs/repo-tugas-web-app-website/KerjoSam/vendor/laravel/framework/src/Illuminate/Pipeline/Pipeline.php(209): Illuminate/View/Middleware/ShareErrorsFromSession->handle(Object(Illuminate/Http/Request), Object(Closure))
#17 C:/xampp/htdocs/repo-tugas-web-app-website/KerjoSam/vendor/laravel/framework/src/Illuminate/Session/Middleware/StartSession.php(121): Illuminate/Pipeline/Pipeline->Illuminate/Pipeline/{closure}(Object(Illuminate/Http/Request))
#18 C:/xampp/htdocs/repo-tugas-web-app-website/KerjoSam/vendor/laravel/framework/src/Illuminate/Session/Middleware/StartSession.php(64): Illuminate/Session/Middleware/StartSession->handleStatefulRequest(Object(Illuminate/Http/Request), Object(Illuminate/Session/Store), Object(Closure))
#19 C:/xampp/htdocs/repo-tugas-web-app-website/KerjoSam/vendor/laravel/framework/src/Illuminate/Pipeline/Pipeline.php(209): Illuminate/Session/Middleware/StartSession->handle(Object(Illuminate/Http/Request), Object(Closure))
#20 C:/xampp/htdocs/repo-tugas-web-app-website/KerjoSam/vendor/laravel/framework/src/Illuminate/Cookie/Middleware/AddQueuedCookiesToResponse.php(37): Illuminate/Pipeline/Pipeline->Illuminate/Pipeline/{closure}(Object(Illuminate/Http/Request))
#21 C:/xampp/htdocs/repo-tugas-web-app-website/KerjoSam/vendor/laravel/framework/src/Illuminate/Pipeline/Pipeline.php(209): Illuminate/Cookie/Middleware/AddQueuedCookiesToResponse->handle(Object(Illuminate/Http/Request), Object(Closure))
#22 C:/xampp/htdocs/repo-tugas-web-app-website/KerjoSam/vendor/laravel/framework/src/Illuminate/Cookie/Middleware/EncryptCookies.php(75): Illuminate/Pipeline/Pipeline->Illuminate/Pipeline/{closure}(Object(Illuminate/Http/Request))
#23 C:/xampp/htdocs/repo-tugas-web-app-website/KerjoSam/vendor/laravel/framework/src/Illuminate/Pipeline/Pipeline.php(209): Illuminate/Cookie/Middleware/EncryptCookies->handle(Object(Illuminate/Http/Request), Object(Closure))
#24 C:/xampp/htdocs/repo-tugas-web-app-website/KerjoSam/vendor/laravel/framework/src/Illuminate/Pipeline/Pipeline.php(127): Illuminate/Pipeline/Pipeline->Illuminate/Pipeline/{closure}(Object(Illuminate/Http/Request))
#25 C:/xampp/htdocs/repo-tugas-web-app-website/KerjoSam/vendor/laravel/framework/src/Illuminate/Routing/Router.php(807): Illuminate/Pipeline/Pipeline->then(Object(Closure))
#26 C:/xampp/htdocs/repo-tugas-web-app-website/KerjoSam/vendor/laravel/framework/src/Illuminate/Routing/Router.php(786): Illuminate/Routing/Router->runRouteWithinStack(Object(Illuminate/Routing/Route), Object(Illuminate/Http/Request))
#27 C:/xampp/htdocs/repo-tugas-web-app-website/KerjoSam/vendor/laravel/framework/src/Illuminate/Routing/Router.php(750): Illuminate/Routing/Router->runRoute(Object(Illuminate/Http/Request), Object(Illuminate/Routing/Route))
#28 C:/xampp/htdocs/repo-tugas-web-app-website/KerjoSam/vendor/laravel/framework/src/Illuminate/Routing/Router.php(739): Illuminate/Routing/Router->dispatchToRoute(Object(Illuminate/Http/Request))
#29 C:/xampp/htdocs/repo-tugas-web-app-website/KerjoSam/vendor/laravel/framework/src/Illuminate/Foundation/Http/Kernel.php(201): Illuminate/Routing/Router->dispatch(Object(Illuminate/Http/Request))
#30 C:/xampp/htdocs/repo-tugas-web-app-website/KerjoSam/vendor/laravel/framework/src/Illuminate/Pipeline/Pipeline.php(170): Illuminate/Foundation/Http/Kernel->Illuminate/Foundation/Http/{closure}(Object(Illuminate/Http/Request))
#31 C:/xampp/htdocs/repo-tugas-web-app-website/KerjoSam/vendor/laravel/framework/src/Illuminate/Foundation/Http/Middleware/TransformsRequest.php(21): Illuminate/Pipeline/Pipeline->Illuminate/Pipeline/{closure}(Object(Illuminate/Http/Request))
#32 C:/xampp/htdocs/repo-tugas-web-app-website/KerjoSam/vendor/laravel/framework/src/Illuminate/Foundation/Http/Middleware/ConvertEmptyStringsToNull.php(31): Illuminate/Foundation/Http/Middleware/TransformsRequest->handle(Object(Illuminate/Http/Request), Object(Closure))
#33 C:/xampp/htdocs/repo-tugas-web-app-website/KerjoSam/vendor/laravel/framework/src/Illuminate/Pipeline/Pipeline.php(209): Illuminate/Foundation/Http/Middleware/ConvertEmptyStringsToNull->handle(Object(Illuminate/Http/Request), Object(Closure))
#34 C:/xampp/htdocs/repo-tugas-web-app-website/KerjoSam/vendor/laravel/framework/src/Illuminate/Foundation/Http/Middleware/TransformsRequest.php(21): Illuminate/Pipeline/Pipeline->Illuminate/Pipeline/{closure}(Object(Illuminate/Http/Request))
#35 C:/xampp/htdocs/repo-tugas-web-app-website/KerjoSam/vendor/laravel/framework/src/Illuminate/Foundation/Http/Middleware/TrimStrings.php(51): Illuminate/Foundation/Http/Middleware/TransformsRequest->handle(Object(Illuminate/Http/Request), Object(Closure))
#36 C:/xampp/htdocs/repo-tugas-web-app-website/KerjoSam/vendor/laravel/framework/src/Illuminate/Pipeline/Pipeline.php(209): Illuminate/Foundation/Http/Middleware/TrimStrings->handle(Object(Illuminate/Http/Request), Object(Closure))
#37 C:/xampp/htdocs/repo-tugas-web-app-website/KerjoSam/vendor/laravel/framework/src/Illuminate/Http/Middleware/ValidatePostSize.php(27): Illuminate/Pipeline/Pipeline->Illuminate/Pipeline/{closure}(Object(Illuminate/Http/Request))
#38 C:/xampp/htdocs/repo-tugas-web-app-website/KerjoSam/vendor/laravel/framework/src/Illuminate/Pipeline/Pipeline.php(209): Illuminate/Http/Middleware/ValidatePostSize->handle(Object(Illuminate/Http/Request), Object(Closure))
#39 C:/xampp/htdocs/repo-tugas-web-app-website/KerjoSam/vendor/laravel/framework/src/Illuminate/Foundation/Http/Middleware/PreventRequestsDuringMaintenance.php(110): Illuminate/Pipeline/Pipeline->Illuminate/Pipeline/{closure}(Object(Illuminate/Http/Request))
#40 C:/xampp/htdocs/repo-tugas-web-app-website/KerjoSam/vendor/laravel/framework/src/Illuminate/Pipeline/Pipeline.php(209): Illuminate/Foundation/Http/Middleware/PreventRequestsDuringMaintenance->handle(Object(Illuminate/Http/Request), Object(Closure))
#41 C:/xampp/htdocs/repo-tugas-web-app-website/KerjoSam/vendor/laravel/framework/src/Illuminate/Http/Middleware/HandleCors.php(49): Illuminate/Pipeline/Pipeline->Illuminate/Pipeline/{closure}(Object(Illuminate/Http/Request))
#42 C:/xampp/htdocs/repo-tugas-web-app-website/KerjoSam/vendor/laravel/framework/src/Illuminate/Pipeline/Pipeline.php(209): Illuminate/Http/Middleware/HandleCors->handle(Object(Illuminate/Http/Request), Object(Closure))
#43 C:/xampp/htdocs/repo-tugas-web-app-website/KerjoSam/vendor/laravel/framework/src/Illuminate/Http/Middleware/TrustProxies.php(58): Illuminate/Pipeline/Pipeline->Illuminate/Pipeline/{closure}(Object(Illuminate/Http/Request))
#44 C:/xampp/htdocs/repo-tugas-web-app-website/KerjoSam/vendor/laravel/framework/src/Illuminate/Pipeline/Pipeline.php(209): Illuminate/Http/Middleware/TrustProxies->handle(Object(Illuminate/Http/Request), Object(Closure))
#45 C:/xampp/htdocs/repo-tugas-web-app-website/KerjoSam/vendor/laravel/framework/src/Illuminate/Foundation/Http/Middleware/InvokeDeferredCallbacks.php(22): Illuminate/Pipeline/Pipeline->Illuminate/Pipeline/{closure}(Object(Illuminate/Http/Request))
#46 C:/xampp/htdocs/repo-tugas-web-app-website/KerjoSam/vendor/laravel/framework/src/Illuminate/Pipeline/Pipeline.php(209): Illuminate/Foundation/Http/Middleware/InvokeDeferredCallbacks->handle(Object(Illuminate/Http/Request), Object(Closure))
#47 C:/xampp/htdocs/repo-tugas-web-app-website/KerjoSam/vendor/laravel/framework/src/Illuminate/Pipeline/Pipeline.php(127): Illuminate/Pipeline/Pipeline->Illuminate/Pipeline/{closure}(Object(Illuminate/Http/Request))
#48 C:/xampp/htdocs/repo-tugas-web-app-website/KerjoSam/vendor/laravel/framework/src/Illuminate/Foundation/Http/Kernel.php(176): Illuminate/Pipeline/Pipeline->then(Object(Closure))
#49 C:/xampp/htdocs/repo-tugas-web-app-website/KerjoSam/vendor/laravel/framework/src/Illuminate/Foundation/Http/Kernel.php(145): Illuminate/Foundation/Http/Kernel->sendRequestThroughRouter(Object(Illuminate/Http/Request))
#50 C:/xampp/htdocs/repo-tugas-web-app-website/KerjoSam/vendor/laravel/framework/src/Illuminate/Foundation/Application.php(1220): Illuminate/Foundation/Http/Kernel->handle(Object(Illuminate/Http/Request))
#51 C:/xampp/htdocs/repo-tugas-web-app-website/KerjoSam/public/index.php(17): Illuminate/Foundation/Application->handleRequest(Object(Illuminate/Http/Request))
#52 C:/xampp/htdocs/repo-tugas-web-app-website/KerjoSam/vendor/laravel/framework/src/Illuminate/Foundation/resources/server.php(23): require_once('C://xampp//htdocs...')
#53 {main}

[previous exception] [object] (ParseError(code: 0): syntax error, unexpected end of file at C:/xampp/htdocs/repo-tugas-web-app-website/KerjoSam/storage/framework/views/78f49b33f6aeb4e8897da4dd47557cb5.php:432)
[stacktrace]
#0 C:/xampp/htdocs/repo-tugas-web-app-website/KerjoSam/vendor/laravel/framework/src/Illuminate/Filesystem/Filesystem.php(124): Illuminate/Filesystem/Filesystem::Illuminate/Filesystem/{closure}()
#1 C:/xampp/htdocs/repo-tugas-web-app-website/KerjoSam/vendor/laravel/framework/src/Illuminate/View/Engines/PhpEngine.php(58): Illuminate/Filesystem/Filesystem->getRequire('C://xampp//htdocs...', Array)
#2 C:/xampp/htdocs/repo-tugas-web-app-website/KerjoSam/vendor/laravel/framework/src/Illuminate/View/Engines/CompilerEngine.php(75): Illuminate/View/Engines/PhpEngine->evaluatePath('C://xampp//htdocs...', Array)
#3 C:/xampp/htdocs/repo-tugas-web-app-website/KerjoSam/vendor/laravel/framework/src/Illuminate/View/View.php(209): Illuminate/View/Engines/CompilerEngine->get('C://xampp//htdocs...', Array)
#4 C:/xampp/htdocs/repo-tugas-web-app-website/KerjoSam/vendor/laravel/framework/src/Illuminate/View/View.php(192): Illuminate/View/View->getContents()
#5 C:/xampp/htdocs/repo-tugas-web-app-website/KerjoSam/vendor/laravel/framework/src/Illuminate/View/View.php(161): Illuminate/View/View->renderContents()
#6 C:/xampp/htdocs/repo-tugas-web-app-website/KerjoSam/vendor/laravel/framework/src/Illuminate/Http/Response.php(79): Illuminate/View/View->render()
#7 C:/xampp/htdocs/repo-tugas-web-app-website/KerjoSam/vendor/laravel/framework/src/Illuminate/Http/Response.php(35): Illuminate/Http/Response->setContent(Object(Illuminate/View/View))
#8 C:/xampp/htdocs/repo-tugas-web-app-website/KerjoSam/vendor/laravel/framework/src/Illuminate/Routing/Router.php(920): Illuminate/Http/Response->__construct(Object(Illuminate/View/View), 200, Array)
#9 C:/xampp/htdocs/repo-tugas-web-app-website/KerjoSam/vendor/laravel/framework/src/Illuminate/Routing/Router.php(887): Illuminate/Routing/Router::toResponse(Object(Illuminate/Http/Request), Object(Illuminate/View/View))
#10 C:/xampp/htdocs/repo-tugas-web-app-website/KerjoSam/vendor/laravel/framework/src/Illuminate/Routing/Router.php(807): Illuminate/Routing/Router->prepareResponse(Object(Illuminate/Http/Request), Object(Illuminate/View/View))
#11 C:/xampp/htdocs/repo-tugas-web-app-website/KerjoSam/vendor/laravel/framework/src/Illuminate/Pipeline/Pipeline.php(170): Illuminate/Routing/Router->Illuminate/Routing/{closure}(Object(Illuminate/Http/Request))
#12 C:/xampp/htdocs/repo-tugas-web-app-website/KerjoSam/vendor/laravel/framework/src/Illuminate/Routing/Middleware/SubstituteBindings.php(51): Illuminate/Pipeline/Pipeline->Illuminate/Pipeline/{closure}(Object(Illuminate/Http/Request))
#13 C:/xampp/htdocs/repo-tugas-web-app-website/KerjoSam/vendor/laravel/framework/src/Illuminate/Pipeline/Pipeline.php(209): Illuminate/Routing/Middleware/SubstituteBindings->handle(Object(Illuminate/Http/Request), Object(Closure))
#14 C:/xampp/htdocs/repo-tugas-web-app-website/KerjoSam/vendor/laravel/framework/src/Illuminate/Foundation/Http/Middleware/VerifyCsrfToken.php(88): Illuminate/Pipeline/Pipeline->Illuminate/Pipeline/{closure}(Object(Illuminate/Http/Request))
#15 C:/xampp/htdocs/repo-tugas-web-app-website/KerjoSam/vendor/laravel/framework/src/Illuminate/Pipeline/Pipeline.php(209): Illuminate/Foundation/Http/Middleware/VerifyCsrfToken->handle(Object(Illuminate/Http/Request), Object(Closure))
#16 C:/xampp/htdocs/repo-tugas-web-app-website/KerjoSam/vendor/laravel/framework/src/Illuminate/View/Middleware/ShareErrorsFromSession.php(49): Illuminate/Pipeline/Pipeline->Illuminate/Pipeline/{closure}(Object(Illuminate/Http/Request))
#17 C:/xampp/htdocs/repo-tugas-web-app-website/KerjoSam/vendor/laravel/framework/src/Illuminate/Pipeline/Pipeline.php(209): Illuminate/View/Middleware/ShareErrorsFromSession->handle(Object(Illuminate/Http/Request), Object(Closure))
#18 C:/xampp/htdocs/repo-tugas-web-app-website/KerjoSam/vendor/laravel/framework/src/Illuminate/Session/Middleware/StartSession.php(121): Illuminate/Pipeline/Pipeline->Illuminate/Pipeline/{closure}(Object(Illuminate/Http/Request))
#19 C:/xampp/htdocs/repo-tugas-web-app-website/KerjoSam/vendor/laravel/framework/src/Illuminate/Session/Middleware/StartSession.php(64): Illuminate/Session/Middleware/StartSession->handleStatefulRequest(Object(Illuminate/Http/Request), Object(Illuminate/Session/Store), Object(Closure))
#20 C:/xampp/htdocs/repo-tugas-web-app-website/KerjoSam/vendor/laravel/framework/src/Illuminate/Pipeline/Pipeline.php(209): Illuminate/Session/Middleware/StartSession->handle(Object(Illuminate/Http/Request), Object(Closure))
#21 C:/xampp/htdocs/repo-tugas-web-app-website/KerjoSam/vendor/laravel/framework/src/Illuminate/Cookie/Middleware/AddQueuedCookiesToResponse.php(37): Illuminate/Pipeline/Pipeline->Illuminate/Pipeline/{closure}(Object(Illuminate/Http/Request))
#22 C:/xampp/htdocs/repo-tugas-web-app-website/KerjoSam/vendor/laravel/framework/src/Illuminate/Pipeline/Pipeline.php(209): Illuminate/Cookie/Middleware/AddQueuedCookiesToResponse->handle(Object(Illuminate/Http/Request), Object(Closure))
#23 C:/xampp/htdocs/repo-tugas-web-app-website/KerjoSam/vendor/laravel/framework/src/Illuminate/Cookie/Middleware/EncryptCookies.php(75): Illuminate/Pipeline/Pipeline->Illuminate/Pipeline/{closure}(Object(Illuminate/Http/Request))
#24 C:/xampp/htdocs/repo-tugas-web-app-website/KerjoSam/vendor/laravel/framework/src/Illuminate/Pipeline/Pipeline.php(209): Illuminate/Cookie/Middleware/EncryptCookies->handle(Object(Illuminate/Http/Request), Object(Closure))
#25 C:/xampp/htdocs/repo-tugas-web-app-website/KerjoSam/vendor/laravel/framework/src/Illuminate/Pipeline/Pipeline.php(127): Illuminate/Pipeline/Pipeline->Illuminate/Pipeline/{closure}(Object(Illuminate/Http/Request))
#26 C:/xampp/htdocs/repo-tugas-web-app-website/KerjoSam/vendor/laravel/framework/src/Illuminate/Routing/Router.php(807): Illuminate/Pipeline/Pipeline->then(Object(Closure))
#27 C:/xampp/htdocs/repo-tugas-web-app-website/KerjoSam/vendor/laravel/framework/src/Illuminate/Routing/Router.php(786): Illuminate/Routing/Router->runRouteWithinStack(Object(Illuminate/Routing/Route), Object(Illuminate/Http/Request))
#28 C:/xampp/htdocs/repo-tugas-web-app-website/KerjoSam/vendor/laravel/framework/src/Illuminate/Routing/Router.php(750): Illuminate/Routing/Router->runRoute(Object(Illuminate/Http/Request), Object(Illuminate/Routing/Route))
#29 C:/xampp/htdocs/repo-tugas-web-app-website/KerjoSam/vendor/laravel/framework/src/Illuminate/Routing/Router.php(739): Illuminate/Routing/Router->dispatchToRoute(Object(Illuminate/Http/Request))
#30 C:/xampp/htdocs/repo-tugas-web-app-website/KerjoSam/vendor/laravel/framework/src/Illuminate/Foundation/Http/Kernel.php(201): Illuminate/Routing/Router->dispatch(Object(Illuminate/Http/Request))
#31 C:/xampp/htdocs/repo-tugas-web-app-website/KerjoSam/vendor/laravel/framework/src/Illuminate/Pipeline/Pipeline.php(170): Illuminate/Foundation/Http/Kernel->Illuminate/Foundation/Http/{closure}(Object(Illuminate/Http/Request))
#32 C:/xampp/htdocs/repo-tugas-web-app-website/KerjoSam/vendor/laravel/framework/src/Illuminate/Foundation/Http/Middleware/TransformsRequest.php(21): Illuminate/Pipeline/Pipeline->Illuminate/Pipeline/{closure}(Object(Illuminate/Http/Request))
#33 C:/xampp/htdocs/repo-tugas-web-app-website/KerjoSam/vendor/laravel/framework/src/Illuminate/Foundation/Http/Middleware/ConvertEmptyStringsToNull.php(31): Illuminate/Foundation/Http/Middleware/TransformsRequest->handle(Object(Illuminate/Http/Request), Object(Closure))
#34 C:/xampp/htdocs/repo-tugas-web-app-website/KerjoSam/vendor/laravel/framework/src/Illuminate/Pipeline/Pipeline.php(209): Illuminate/Foundation/Http/Middleware/ConvertEmptyStringsToNull->handle(Object(Illuminate/Http/Request), Object(Closure))
#35 C:/xampp/htdocs/repo-tugas-web-app-website/KerjoSam/vendor/laravel/framework/src/Illuminate/Foundation/Http/Middleware/TransformsRequest.php(21): Illuminate/Pipeline/Pipeline->Illuminate/Pipeline/{closure}(Object(Illuminate/Http/Request))
#36 C:/xampp/htdocs/repo-tugas-web-app-website/KerjoSam/vendor/laravel/framework/src/Illuminate/Foundation/Http/Middleware/TrimStrings.php(51): Illuminate/Foundation/Http/Middleware/TransformsRequest->handle(Object(Illuminate/Http/Request), Object(Closure))
#37 C:/xampp/htdocs/repo-tugas-web-app-website/KerjoSam/vendor/laravel/framework/src/Illuminate/Pipeline/Pipeline.php(209): Illuminate/Foundation/Http/Middleware/TrimStrings->handle(Object(Illuminate/Http/Request), Object(Closure))
#38 C:/xampp/htdocs/repo-tugas-web-app-website/KerjoSam/vendor/laravel/framework/src/Illuminate/Http/Middleware/ValidatePostSize.php(27): Illuminate/Pipeline/Pipeline->Illuminate/Pipeline/{closure}(Object(Illuminate/Http/Request))
#39 C:/xampp/htdocs/repo-tugas-web-app-website/KerjoSam/vendor/laravel/framework/src/Illuminate/Pipeline/Pipeline.php(209): Illuminate/Http/Middleware/ValidatePostSize->handle(Object(Illuminate/Http/Request), Object(Closure))
#40 C:/xampp/htdocs/repo-tugas-web-app-website/KerjoSam/vendor/laravel/framework/src/Illuminate/Foundation/Http/Middleware/PreventRequestsDuringMaintenance.php(110): Illuminate/Pipeline/Pipeline->Illuminate/Pipeline/{closure}(Object(Illuminate/Http/Request))
#41 C:/xampp/htdocs/repo-tugas-web-app-website/KerjoSam/vendor/laravel/framework/src/Illuminate/Pipeline/Pipeline.php(209): Illuminate/Foundation/Http/Middleware/PreventRequestsDuringMaintenance->handle(Object(Illuminate/Http/Request), Object(Closure))
#42 C:/xampp/htdocs/repo-tugas-web-app-website/KerjoSam/vendor/laravel/framework/src/Illuminate/Http/Middleware/HandleCors.php(49): Illuminate/Pipeline/Pipeline->Illuminate/Pipeline/{closure}(Object(Illuminate/Http/Request))
#43 C:/xampp/htdocs/repo-tugas-web-app-website/KerjoSam/vendor/laravel/framework/src/Illuminate/Pipeline/Pipeline.php(209): Illuminate/Http/Middleware/HandleCors->handle(Object(Illuminate/Http/Request), Object(Closure))
#44 C:/xampp/htdocs/repo-tugas-web-app-website/KerjoSam/vendor/laravel/framework/src/Illuminate/Http/Middleware/TrustProxies.php(58): Illuminate/Pipeline/Pipeline->Illuminate/Pipeline/{closure}(Object(Illuminate/Http/Request))
#45 C:/xampp/htdocs/repo-tugas-web-app-website/KerjoSam/vendor/laravel/framework/src/Illuminate/Pipeline/Pipeline.php(209): Illuminate/Http/Middleware/TrustProxies->handle(Object(Illuminate/Http/Request), Object(Closure))
#46 C:/xampp/htdocs/repo-tugas-web-app-website/KerjoSam/vendor/laravel/framework/src/Illuminate/Foundation/Http/Middleware/InvokeDeferredCallbacks.php(22): Illuminate/Pipeline/Pipeline->Illuminate/Pipeline/{closure}(Object(Illuminate/Http/Request))
#47 C:/xampp/htdocs/repo-tugas-web-app-website/KerjoSam/vendor/laravel/framework/src/Illuminate/Pipeline/Pipeline.php(209): Illuminate/Foundation/Http/Middleware/InvokeDeferredCallbacks->handle(Object(Illuminate/Http/Request), Object(Closure))
#48 C:/xampp/htdocs/repo-tugas-web-app-website/KerjoSam/vendor/laravel/framework/src/Illuminate/Pipeline/Pipeline.php(127): Illuminate/Pipeline/Pipeline->Illuminate/Pipeline/{closure}(Object(Illuminate/Http/Request))
#49 C:/xampp/htdocs/repo-tugas-web-app-website/KerjoSam/vendor/laravel/framework/src/Illuminate/Foundation/Http/Kernel.php(176): Illuminate/Pipeline/Pipeline->then(Object(Closure))
#50 C:/xampp/htdocs/repo-tugas-web-app-website/KerjoSam/vendor/laravel/framework/src/Illuminate/Foundation/Http/Kernel.php(145): Illuminate/Foundation/Http/Kernel->sendRequestThroughRouter(Object(Illuminate/Http/Request))
#51 C:/xampp/htdocs/repo-tugas-web-app-website/KerjoSam/vendor/laravel/framework/src/Illuminate/Foundation/Application.php(1220): Illuminate/Foundation/Http/Kernel->handle(Object(Illuminate/Http/Request))
#52 C:/xampp/htdocs/repo-tugas-web-app-website/KerjoSam/public/index.php(17): Illuminate/Foundation/Application->handleRequest(Object(Illuminate/Http/Request))
#53 C:/xampp/htdocs/repo-tugas-web-app-website/KerjoSam/vendor/laravel/framework/src/Illuminate/Foundation/resources/server.php(23): require_once('C://xampp//htdocs...')
#54 {main}
"} 
[2026-01-10 10:32:32] local.ERROR: syntax error, unexpected end of file (View: C:\xampp\htdocs\repo-tugas-web-app-website\KerjoSam\resources\views\welcome.blade.php) {"exception":"[object] (Illuminate\\View\\ViewException(code: 0): syntax error, unexpected end of file (View: C:\\xampp\\htdocs\\repo-tugas-web-app-website\\KerjoSam\\resources\\views\\welcome.blade.php) at C:/xampp/htdocs/repo-tugas-web-app-website/KerjoSam/storage/framework/views/78f49b33f6aeb4e8897da4dd47557cb5.php:432)
[stacktrace]
#0 C:/xampp/htdocs/repo-tugas-web-app-website/KerjoSam/vendor/laravel/framework/src/Illuminate/View/Engines/PhpEngine.php(60): Illuminate/View/Engines/CompilerEngine->handleViewException(Object(ParseError), 1)
#1 C:/xampp/htdocs/repo-tugas-web-app-website/KerjoSam/vendor/laravel/framework/src/Illuminate/View/Engines/CompilerEngine.php(75): Illuminate/View/Engines/PhpEngine->evaluatePath('C://xampp//htdocs...', Array)
#2 C:/xampp/htdocs/repo-tugas-web-app-website/KerjoSam/vendor/laravel/framework/src/Illuminate/View/View.php(209): Illuminate/View/Engines/CompilerEngine->get('C://xampp//htdocs...', Array)
#3 C:/xampp/htdocs/repo-tugas-web-app-website/KerjoSam/vendor/laravel/framework/src/Illuminate/View/View.php(192): Illuminate/View/View->getContents()
#4 C:/xampp/htdocs/repo-tugas-web-app-website/KerjoSam/vendor/laravel/framework/src/Illuminate/View/View.php(161): Illuminate/View/View->renderContents()
#5 C:/xampp/htdocs/repo-tugas-web-app-website/KerjoSam/vendor/laravel/framework/src/Illuminate/Http/Response.php(79): Illuminate/View/View->render()
#6 C:/xampp/htdocs/repo-tugas-web-app-website/KerjoSam/vendor/laravel/framework/src/Illuminate/Http/Response.php(35): Illuminate/Http/Response->setContent(Object(Illuminate/View/View))
#7 C:/xampp/htdocs/repo-tugas-web-app-website/KerjoSam/vendor/laravel/framework/src/Illuminate/Routing/Router.php(920): Illuminate/Http/Response->__construct(Object(Illuminate/View/View), 200, Array)
#8 C:/xampp/htdocs/repo-tugas-web-app-website/KerjoSam/vendor/laravel/framework/src/Illuminate/Routing/Router.php(887): Illuminate/Routing/Router::toResponse(Object(Illuminate/Http/Request), Object(Illuminate/View/View))
#9 C:/xampp/htdocs/repo-tugas-web-app-website/KerjoSam/vendor/laravel/framework/src/Illuminate/Routing/Router.php(807): Illuminate/Routing/Router->prepareResponse(Object(Illuminate/Http/Request), Object(Illuminate/View/View))
#10 C:/xampp/htdocs/repo-tugas-web-app-website/KerjoSam/vendor/laravel/framework/src/Illuminate/Pipeline/Pipeline.php(170): Illuminate/Routing/Router->Illuminate/Routing/{closure}(Object(Illuminate/Http/Request))
#11 C:/xampp/htdocs/repo-tugas-web-app-website/KerjoSam/vendor/laravel/framework/src/Illuminate/Routing/Middleware/SubstituteBindings.php(51): Illuminate/Pipeline/Pipeline->Illuminate/Pipeline/{closure}(Object(Illuminate/Http/Request))
#12 C:/xampp/htdocs/repo-tugas-web-app-website/KerjoSam/vendor/laravel/framework/src/Illuminate/Pipeline/Pipeline.php(209): Illuminate/Routing/Middleware/SubstituteBindings->handle(Object(Illuminate/Http/Request), Object(Closure))
#13 C:/xampp/htdocs/repo-tugas-web-app-website/KerjoSam/vendor/laravel/framework/src/Illuminate/Foundation/Http/Middleware/VerifyCsrfToken.php(88): Illuminate/Pipeline/Pipeline->Illuminate/Pipeline/{closure}(Object(Illuminate/Http/Request))
#14 C:/xampp/htdocs/repo-tugas-web-app-website/KerjoSam/vendor/laravel/framework/src/Illuminate/Pipeline/Pipeline.php(209): Illuminate/Foundation/Http/Middleware/VerifyCsrfToken->handle(Object(Illuminate/Http/Request), Object(Closure))
#15 C:/xampp/htdocs/repo-tugas-web-app-website/KerjoSam/vendor/laravel/framework/src/Illuminate/View/Middleware/ShareErrorsFromSession.php(49): Illuminate/Pipeline/Pipeline->Illuminate/Pipeline/{closure}(Object(Illuminate/Http/Request))
#16 C:/xampp/htdocs/repo-tugas-web-app-website/KerjoSam/vendor/laravel/framework/src/Illuminate/Pipeline/Pipeline.php(209): Illuminate/View/Middleware/ShareErrorsFromSession->handle(Object(Illuminate/Http/Request), Object(Closure))
#17 C:/xampp/htdocs/repo-tugas-web-app-website/KerjoSam/vendor/laravel/framework/src/Illuminate/Session/Middleware/StartSession.php(121): Illuminate/Pipeline/Pipeline->Illuminate/Pipeline/{closure}(Object(Illuminate/Http/Request))
#18 C:/xampp/htdocs/repo-tugas-web-app-website/KerjoSam/vendor/laravel/framework/src/Illuminate/Session/Middleware/StartSession.php(64): Illuminate/Session/Middleware/StartSession->handleStatefulRequest(Object(Illuminate/Http/Request), Object(Illuminate/Session/Store), Object(Closure))
#19 C:/xampp/htdocs/repo-tugas-web-app-website/KerjoSam/vendor/laravel/framework/src/Illuminate/Pipeline/Pipeline.php(209): Illuminate/Session/Middleware/StartSession->handle(Object(Illuminate/Http/Request), Object(Closure))
#20 C:/xampp/htdocs/repo-tugas-web-app-website/KerjoSam/vendor/laravel/framework/src/Illuminate/Cookie/Middleware/AddQueuedCookiesToResponse.php(37): Illuminate/Pipeline/Pipeline->Illuminate/Pipeline/{closure}(Object(Illuminate/Http/Request))
#21 C:/xampp/htdocs/repo-tugas-web-app-website/KerjoSam/vendor/laravel/framework/src/Illuminate/Pipeline/Pipeline.php(209): Illuminate/Cookie/Middleware/AddQueuedCookiesToResponse->handle(Object(Illuminate/Http/Request), Object(Closure))
#22 C:/xampp/htdocs/repo-tugas-web-app-website/KerjoSam/vendor/laravel/framework/src/Illuminate/Cookie/Middleware/EncryptCookies.php(75): Illuminate/Pipeline/Pipeline->Illuminate/Pipeline/{closure}(Object(Illuminate/Http/Request))
#23 C:/xampp/htdocs/repo-tugas-web-app-website/KerjoSam/vendor/laravel/framework/src/Illuminate/Pipeline/Pipeline.php(209): Illuminate/Cookie/Middleware/EncryptCookies->handle(Object(Illuminate/Http/Request), Object(Closure))
#24 C:/xampp/htdocs/repo-tugas-web-app-website/KerjoSam/vendor/laravel/framework/src/Illuminate/Pipeline/Pipeline.php(127): Illuminate/Pipeline/Pipeline->Illuminate/Pipeline/{closure}(Object(Illuminate/Http/Request))
#25 C:/xampp/htdocs/repo-tugas-web-app-website/KerjoSam/vendor/laravel/framework/src/Illuminate/Routing/Router.php(807): Illuminate/Pipeline/Pipeline->then(Object(Closure))
#26 C:/xampp/htdocs/repo-tugas-web-app-website/KerjoSam/vendor/laravel/framework/src/Illuminate/Routing/Router.php(786): Illuminate/Routing/Router->runRouteWithinStack(Object(Illuminate/Routing/Route), Object(Illuminate/Http/Request))
#27 C:/xampp/htdocs/repo-tugas-web-app-website/KerjoSam/vendor/laravel/framework/src/Illuminate/Routing/Router.php(750): Illuminate/Routing/Router->runRoute(Object(Illuminate/Http/Request), Object(Illuminate/Routing/Route))
#28 C:/xampp/htdocs/repo-tugas-web-app-website/KerjoSam/vendor/laravel/framework/src/Illuminate/Routing/Router.php(739): Illuminate/Routing/Router->dispatchToRoute(Object(Illuminate/Http/Request))
#29 C:/xampp/htdocs/repo-tugas-web-app-website/KerjoSam/vendor/laravel/framework/src/Illuminate/Foundation/Http/Kernel.php(201): Illuminate/Routing/Router->dispatch(Object(Illuminate/Http/Request))
#30 C:/xampp/htdocs/repo-tugas-web-app-website/KerjoSam/vendor/laravel/framework/src/Illuminate/Pipeline/Pipeline.php(170): Illuminate/Foundation/Http/Kernel->Illuminate/Foundation/Http/{closure}(Object(Illuminate/Http/Request))
#31 C:/xampp/htdocs/repo-tugas-web-app-website/KerjoSam/vendor/laravel/framework/src/Illuminate/Foundation/Http/Middleware/TransformsRequest.php(21): Illuminate/Pipeline/Pipeline->Illuminate/Pipeline/{closure}(Object(Illuminate/Http/Request))
#32 C:/xampp/htdocs/repo-tugas-web-app-website/KerjoSam/vendor/laravel/framework/src/Illuminate/Foundation/Http/Middleware/ConvertEmptyStringsToNull.php(31): Illuminate/Foundation/Http/Middleware/TransformsRequest->handle(Object(Illuminate/Http/Request), Object(Closure))
#33 C:/xampp/htdocs/repo-tugas-web-app-website/KerjoSam/vendor/laravel/framework/src/Illuminate/Pipeline/Pipeline.php(209): Illuminate/Foundation/Http/Middleware/ConvertEmptyStringsToNull->handle(Object(Illuminate/Http/Request), Object(Closure))
#34 C:/xampp/htdocs/repo-tugas-web-app-website/KerjoSam/vendor/laravel/framework/src/Illuminate/Foundation/Http/Middleware/TransformsRequest.php(21): Illuminate/Pipeline/Pipeline->Illuminate/Pipeline/{closure}(Object(Illuminate/Http/Request))
#35 C:/xampp/htdocs/repo-tugas-web-app-website/KerjoSam/vendor/laravel/framework/src/Illuminate/Foundation/Http/Middleware/TrimStrings.php(51): Illuminate/Foundation/Http/Middleware/TransformsRequest->handle(Object(Illuminate/Http/Request), Object(Closure))
#36 C:/xampp/htdocs/repo-tugas-web-app-website/KerjoSam/vendor/laravel/framework/src/Illuminate/Pipeline/Pipeline.php(209): Illuminate/Foundation/Http/Middleware/TrimStrings->handle(Object(Illuminate/Http/Request), Object(Closure))
#37 C:/xampp/htdocs/repo-tugas-web-app-website/KerjoSam/vendor/laravel/framework/src/Illuminate/Http/Middleware/ValidatePostSize.php(27): Illuminate/Pipeline/Pipeline->Illuminate/Pipeline/{closure}(Object(Illuminate/Http/Request))
#38 C:/xampp/htdocs/repo-tugas-web-app-website/KerjoSam/vendor/laravel/framework/src/Illuminate/Pipeline/Pipeline.php(209): Illuminate/Http/Middleware/ValidatePostSize->handle(Object(Illuminate/Http/Request), Object(Closure))
#39 C:/xampp/htdocs/repo-tugas-web-app-website/KerjoSam/vendor/laravel/framework/src/Illuminate/Foundation/Http/Middleware/PreventRequestsDuringMaintenance.php(110): Illuminate/Pipeline/Pipeline->Illuminate/Pipeline/{closure}(Object(Illuminate/Http/Request))
#40 C:/xampp/htdocs/repo-tugas-web-app-website/KerjoSam/vendor/laravel/framework/src/Illuminate/Pipeline/Pipeline.php(209): Illuminate/Foundation/Http/Middleware/PreventRequestsDuringMaintenance->handle(Object(Illuminate/Http/Request), Object(Closure))
#41 C:/xampp/htdocs/repo-tugas-web-app-website/KerjoSam/vendor/laravel/framework/src/Illuminate/Http/Middleware/HandleCors.php(49): Illuminate/Pipeline/Pipeline->Illuminate/Pipeline/{closure}(Object(Illuminate/Http/Request))
#42 C:/xampp/htdocs/repo-tugas-web-app-website/KerjoSam/vendor/laravel/framework/src/Illuminate/Pipeline/Pipeline.php(209): Illuminate/Http/Middleware/HandleCors->handle(Object(Illuminate/Http/Request), Object(Closure))
#43 C:/xampp/htdocs/repo-tugas-web-app-website/KerjoSam/vendor/laravel/framework/src/Illuminate/Http/Middleware/TrustProxies.php(58): Illuminate/Pipeline/Pipeline->Illuminate/Pipeline/{closure}(Object(Illuminate/Http/Request))
#44 C:/xampp/htdocs/repo-tugas-web-app-website/KerjoSam/vendor/laravel/framework/src/Illuminate/Pipeline/Pipeline.php(209): Illuminate/Http/Middleware/TrustProxies->handle(Object(Illuminate/Http/Request), Object(Closure))
#45 C:/xampp/htdocs/repo-tugas-web-app-website/KerjoSam/vendor/laravel/framework/src/Illuminate/Foundation/Http/Middleware/InvokeDeferredCallbacks.php(22): Illuminate/Pipeline/Pipeline->Illuminate/Pipeline/{closure}(Object(Illuminate/Http/Request))
#46 C:/xampp/htdocs/repo-tugas-web-app-website/KerjoSam/vendor/laravel/framework/src/Illuminate/Pipeline/Pipeline.php(209): Illuminate/Foundation/Http/Middleware/InvokeDeferredCallbacks->handle(Object(Illuminate/Http/Request), Object(Closure))
#47 C:/xampp/htdocs/repo-tugas-web-app-website/KerjoSam/vendor/laravel/framework/src/Illuminate/Pipeline/Pipeline.php(127): Illuminate/Pipeline/Pipeline->Illuminate/Pipeline/{closure}(Object(Illuminate/Http/Request))
#48 C:/xampp/htdocs/repo-tugas-web-app-website/KerjoSam/vendor/laravel/framework/src/Illuminate/Foundation/Http/Kernel.php(176): Illuminate/Pipeline/Pipeline->then(Object(Closure))
#49 C:/xampp/htdocs/repo-tugas-web-app-website/KerjoSam/vendor/laravel/framework/src/Illuminate/Foundation/Http/Kernel.php(145): Illuminate/Foundation/Http/Kernel->sendRequestThroughRouter(Object(Illuminate/Http/Request))
#50 C:/xampp/htdocs/repo-tugas-web-app-website/KerjoSam/vendor/laravel/framework/src/Illuminate/Foundation/Application.php(1220): Illuminate/Foundation/Http/Kernel->handle(Object(Illuminate/Http/Request))
#51 C:/xampp/htdocs/repo-tugas-web-app-website/KerjoSam/public/index.php(17): Illuminate/Foundation/Application->handleRequest(Object(Illuminate/Http/Request))
#52 C:/xampp/htdocs/repo-tugas-web-app-website/KerjoSam/vendor/laravel/framework/src/Illuminate/Foundation/resources/server.php(23): require_once('C://xampp//htdocs...')
#53 {main}

[previous exception] [object] (ParseError(code: 0): syntax error, unexpected end of file at C:/xampp/htdocs/repo-tugas-web-app-website/KerjoSam/storage/framework/views/78f49b33f6aeb4e8897da4dd47557cb5.php:432)
[stacktrace]
#0 C:/xampp/htdocs/repo-tugas-web-app-website/KerjoSam/vendor/laravel/framework/src/Illuminate/Filesystem/Filesystem.php(124): Illuminate/Filesystem/Filesystem::Illuminate/Filesystem/{closure}()
#1 C:/xampp/htdocs/repo-tugas-web-app-website/KerjoSam/vendor/laravel/framework/src/Illuminate/View/Engines/PhpEngine.php(58): Illuminate/Filesystem/Filesystem->getRequire('C://xampp//htdocs...', Array)
#2 C:/xampp/htdocs/repo-tugas-web-app-website/KerjoSam/vendor/laravel/framework/src/Illuminate/View/Engines/CompilerEngine.php(75): Illuminate/View/Engines/PhpEngine->evaluatePath('C://xampp//htdocs...', Array)
#3 C:/xampp/htdocs/repo-tugas-web-app-website/KerjoSam/vendor/laravel/framework/src/Illuminate/View/View.php(209): Illuminate/View/Engines/CompilerEngine->get('C://xampp//htdocs...', Array)
#4 C:/xampp/htdocs/repo-tugas-web-app-website/KerjoSam/vendor/laravel/framework/src/Illuminate/View/View.php(192): Illuminate/View/View->getContents()
#5 C:/xampp/htdocs/repo-tugas-web-app-website/KerjoSam/vendor/laravel/framework/src/Illuminate/View/View.php(161): Illuminate/View/View->renderContents()
#6 C:/xampp/htdocs/repo-tugas-web-app-website/KerjoSam/vendor/laravel/framework/src/Illuminate/Http/Response.php(79): Illuminate/View/View->render()
#7 C:/xampp/htdocs/repo-tugas-web-app-website/KerjoSam/vendor/laravel/framework/src/Illuminate/Http/Response.php(35): Illuminate/Http/Response->setContent(Object(Illuminate/View/View))
#8 C:/xampp/htdocs/repo-tugas-web-app-website/KerjoSam/vendor/laravel/framework/src/Illuminate/Routing/Router.php(920): Illuminate/Http/Response->__construct(Object(Illuminate/View/View), 200, Array)
#9 C:/xampp/htdocs/repo-tugas-web-app-website/KerjoSam/vendor/laravel/framework/src/Illuminate/Routing/Router.php(887): Illuminate/Routing/Router::toResponse(Object(Illuminate/Http/Request), Object(Illuminate/View/View))
#10 C:/xampp/htdocs/repo-tugas-web-app-website/KerjoSam/vendor/laravel/framework/src/Illuminate/Routing/Router.php(807): Illuminate/Routing/Router->prepareResponse(Object(Illuminate/Http/Request), Object(Illuminate/View/View))
#11 C:/xampp/htdocs/repo-tugas-web-app-website/KerjoSam/vendor/laravel/framework/src/Illuminate/Pipeline/Pipeline.php(170): Illuminate/Routing/Router->Illuminate/Routing/{closure}(Object(Illuminate/Http/Request))
#12 C:/xampp/htdocs/repo-tugas-web-app-website/KerjoSam/vendor/laravel/framework/src/Illuminate/Routing/Middleware/SubstituteBindings.php(51): Illuminate/Pipeline/Pipeline->Illuminate/Pipeline/{closure}(Object(Illuminate/Http/Request))
#13 C:/xampp/htdocs/repo-tugas-web-app-website/KerjoSam/vendor/laravel/framework/src/Illuminate/Pipeline/Pipeline.php(209): Illuminate/Routing/Middleware/SubstituteBindings->handle(Object(Illuminate/Http/Request), Object(Closure))
#14 C:/xampp/htdocs/repo-tugas-web-app-website/KerjoSam/vendor/laravel/framework/src/Illuminate/Foundation/Http/Middleware/VerifyCsrfToken.php(88): Illuminate/Pipeline/Pipeline->Illuminate/Pipeline/{closure}(Object(Illuminate/Http/Request))
#15 C:/xampp/htdocs/repo-tugas-web-app-website/KerjoSam/vendor/laravel/framework/src/Illuminate/Pipeline/Pipeline.php(209): Illuminate/Foundation/Http/Middleware/VerifyCsrfToken->handle(Object(Illuminate/Http/Request), Object(Closure))
#16 C:/xampp/htdocs/repo-tugas-web-app-website/KerjoSam/vendor/laravel/framework/src/Illuminate/View/Middleware/ShareErrorsFromSession.php(49): Illuminate/Pipeline/Pipeline->Illuminate/Pipeline/{closure}(Object(Illuminate/Http/Request))
#17 C:/xampp/htdocs/repo-tugas-web-app-website/KerjoSam/vendor/laravel/framework/src/Illuminate/Pipeline/Pipeline.php(209): Illuminate/View/Middleware/ShareErrorsFromSession->handle(Object(Illuminate/Http/Request), Object(Closure))
#18 C:/xampp/htdocs/repo-tugas-web-app-website/KerjoSam/vendor/laravel/framework/src/Illuminate/Session/Middleware/StartSession.php(121): Illuminate/Pipeline/Pipeline->Illuminate/Pipeline/{closure}(Object(Illuminate/Http/Request))
#19 C:/xampp/htdocs/repo-tugas-web-app-website/KerjoSam/vendor/laravel/framework/src/Illuminate/Session/Middleware/StartSession.php(64): Illuminate/Session/Middleware/StartSession->handleStatefulRequest(Object(Illuminate/Http/Request), Object(Illuminate/Session/Store), Object(Closure))
#20 C:/xampp/htdocs/repo-tugas-web-app-website/KerjoSam/vendor/laravel/framework/src/Illuminate/Pipeline/Pipeline.php(209): Illuminate/Session/Middleware/StartSession->handle(Object(Illuminate/Http/Request), Object(Closure))
#21 C:/xampp/htdocs/repo-tugas-web-app-website/KerjoSam/vendor/laravel/framework/src/Illuminate/Cookie/Middleware/AddQueuedCookiesToResponse.php(37): Illuminate/Pipeline/Pipeline->Illuminate/Pipeline/{closure}(Object(Illuminate/Http/Request))
#22 C:/xampp/htdocs/repo-tugas-web-app-website/KerjoSam/vendor/laravel/framework/src/Illuminate/Pipeline/Pipeline.php(209): Illuminate/Cookie/Middleware/AddQueuedCookiesToResponse->handle(Object(Illuminate/Http/Request), Object(Closure))
#23 C:/xampp/htdocs/repo-tugas-web-app-website/KerjoSam/vendor/laravel/framework/src/Illuminate/Cookie/Middleware/EncryptCookies.php(75): Illuminate/Pipeline/Pipeline->Illuminate/Pipeline/{closure}(Object(Illuminate/Http/Request))
#24 C:/xampp/htdocs/repo-tugas-web-app-website/KerjoSam/vendor/laravel/framework/src/Illuminate/Pipeline/Pipeline.php(209): Illuminate/Cookie/Middleware/EncryptCookies->handle(Object(Illuminate/Http/Request), Object(Closure))
#25 C:/xampp/htdocs/repo-tugas-web-app-website/KerjoSam/vendor/laravel/framework/src/Illuminate/Pipeline/Pipeline.php(127): Illuminate/Pipeline/Pipeline->Illuminate/Pipeline/{closure}(Object(Illuminate/Http/Request))
#26 C:/xampp/htdocs/repo-tugas-web-app-website/KerjoSam/vendor/laravel/framework/src/Illuminate/Routing/Router.php(807): Illuminate/Pipeline/Pipeline->then(Object(Closure))
#27 C:/xampp/htdocs/repo-tugas-web-app-website/KerjoSam/vendor/laravel/framework/src/Illuminate/Routing/Router.php(786): Illuminate/Routing/Router->runRouteWithinStack(Object(Illuminate/Routing/Route), Object(Illuminate/Http/Request))
#28 C:/xampp/htdocs/repo-tugas-web-app-website/KerjoSam/vendor/laravel/framework/src/Illuminate/Routing/Router.php(750): Illuminate/Routing/Router->runRoute(Object(Illuminate/Http/Request), Object(Illuminate/Routing/Route))
#29 C:/xampp/htdocs/repo-tugas-web-app-website/KerjoSam/vendor/laravel/framework/src/Illuminate/Routing/Router.php(739): Illuminate/Routing/Router->dispatchToRoute(Object(Illuminate/Http/Request))
#30 C:/xampp/htdocs/repo-tugas-web-app-website/KerjoSam/vendor/laravel/framework/src/Illuminate/Foundation/Http/Kernel.php(201): Illuminate/Routing/Router->dispatch(Object(Illuminate/Http/Request))
#31 C:/xampp/htdocs/repo-tugas-web-app-website/KerjoSam/vendor/laravel/framework/src/Illuminate/Pipeline/Pipeline.php(170): Illuminate/Foundation/Http/Kernel->Illuminate/Foundation/Http/{closure}(Object(Illuminate/Http/Request))
#32 C:/xampp/htdocs/repo-tugas-web-app-website/KerjoSam/vendor/laravel/framework/src/Illuminate/Foundation/Http/Middleware/TransformsRequest.php(21): Illuminate/Pipeline/Pipeline->Illuminate/Pipeline/{closure}(Object(Illuminate/Http/Request))
#33 C:/xampp/htdocs/repo-tugas-web-app-website/KerjoSam/vendor/laravel/framework/src/Illuminate/Foundation/Http/Middleware/ConvertEmptyStringsToNull.php(31): Illuminate/Foundation/Http/Middleware/TransformsRequest->handle(Object(Illuminate/Http/Request), Object(Closure))
#34 C:/xampp/htdocs/repo-tugas-web-app-website/KerjoSam/vendor/laravel/framework/src/Illuminate/Pipeline/Pipeline.php(209): Illuminate/Foundation/Http/Middleware/ConvertEmptyStringsToNull->handle(Object(Illuminate/Http/Request), Object(Closure))
#35 C:/xampp/htdocs/repo-tugas-web-app-website/KerjoSam/vendor/laravel/framework/src/Illuminate/Foundation/Http/Middleware/TransformsRequest.php(21): Illuminate/Pipeline/Pipeline->Illuminate/Pipeline/{closure}(Object(Illuminate/Http/Request))
#36 C:/xampp/htdocs/repo-tugas-web-app-website/KerjoSam/vendor/laravel/framework/src/Illuminate/Foundation/Http/Middleware/TrimStrings.php(51): Illuminate/Foundation/Http/Middleware/TransformsRequest->handle(Object(Illuminate/Http/Request), Object(Closure))
#37 C:/xampp/htdocs/repo-tugas-web-app-website/KerjoSam/vendor/laravel/framework/src/Illuminate/Pipeline/Pipeline.php(209): Illuminate/Foundation/Http/Middleware/TrimStrings->handle(Object(Illuminate/Http/Request), Object(Closure))
#38 C:/xampp/htdocs/repo-tugas-web-app-website/KerjoSam/vendor/laravel/framework/src/Illuminate/Http/Middleware/ValidatePostSize.php(27): Illuminate/Pipeline/Pipeline->Illuminate/Pipeline/{closure}(Object(Illuminate/Http/Request))
#39 C:/xampp/htdocs/repo-tugas-web-app-website/KerjoSam/vendor/laravel/framework/src/Illuminate/Pipeline/Pipeline.php(209): Illuminate/Http/Middleware/ValidatePostSize->handle(Object(Illuminate/Http/Request), Object(Closure))
#40 C:/xampp/htdocs/repo-tugas-web-app-website/KerjoSam/vendor/laravel/framework/src/Illuminate/Foundation/Http/Middleware/PreventRequestsDuringMaintenance.php(110): Illuminate/Pipeline/Pipeline->Illuminate/Pipeline/{closure}(Object(Illuminate/Http/Request))
#41 C:/xampp/htdocs/repo-tugas-web-app-website/KerjoSam/vendor/laravel/framework/src/Illuminate/Pipeline/Pipeline.php(209): Illuminate/Foundation/Http/Middleware/PreventRequestsDuringMaintenance->handle(Object(Illuminate/Http/Request), Object(Closure))
#42 C:/xampp/htdocs/repo-tugas-web-app-website/KerjoSam/vendor/laravel/framework/src/Illuminate/Http/Middleware/HandleCors.php(49): Illuminate/Pipeline/Pipeline->Illuminate/Pipeline/{closure}(Object(Illuminate/Http/Request))
#43 C:/xampp/htdocs/repo-tugas-web-app-website/KerjoSam/vendor/laravel/framework/src/Illuminate/Pipeline/Pipeline.php(209): Illuminate/Http/Middleware/HandleCors->handle(Object(Illuminate/Http/Request), Object(Closure))
#44 C:/xampp/htdocs/repo-tugas-web-app-website/KerjoSam/vendor/laravel/framework/src/Illuminate/Http/Middleware/TrustProxies.php(58): Illuminate/Pipeline/Pipeline->Illuminate/Pipeline/{closure}(Object(Illuminate/Http/Request))
#45 C:/xampp/htdocs/repo-tugas-web-app-website/KerjoSam/vendor/laravel/framework/src/Illuminate/Pipeline/Pipeline.php(209): Illuminate/Http/Middleware/TrustProxies->handle(Object(Illuminate/Http/Request), Object(Closure))
#46 C:/xampp/htdocs/repo-tugas-web-app-website/KerjoSam/vendor/laravel/framework/src/Illuminate/Foundation/Http/Middleware/InvokeDeferredCallbacks.php(22): Illuminate/Pipeline/Pipeline->Illuminate/Pipeline/{closure}(Object(Illuminate/Http/Request))
#47 C:/xampp/htdocs/repo-tugas-web-app-website/KerjoSam/vendor/laravel/framework/src/Illuminate/Pipeline/Pipeline.php(209): Illuminate/Foundation/Http/Middleware/InvokeDeferredCallbacks->handle(Object(Illuminate/Http/Request), Object(Closure))
#48 C:/xampp/htdocs/repo-tugas-web-app-website/KerjoSam/vendor/laravel/framework/src/Illuminate/Pipeline/Pipeline.php(127): Illuminate/Pipeline/Pipeline->Illuminate/Pipeline/{closure}(Object(Illuminate/Http/Request))
#49 C:/xampp/htdocs/repo-tugas-web-app-website/KerjoSam/vendor/laravel/framework/src/Illuminate/Foundation/Http/Kernel.php(176): Illuminate/Pipeline/Pipeline->then(Object(Closure))
#50 C:/xampp/htdocs/repo-tugas-web-app-website/KerjoSam/vendor/laravel/framework/src/Illuminate/Foundation/Http/Kernel.php(145): Illuminate/Foundation/Http/Kernel->sendRequestThroughRouter(Object(Illuminate/Http/Request))
#51 C:/xampp/htdocs/repo-tugas-web-app-website/KerjoSam/vendor/laravel/framework/src/Illuminate/Foundation/Application.php(1220): Illuminate/Foundation/Http/Kernel->handle(Object(Illuminate/Http/Request))
#52 C:/xampp/htdocs/repo-tugas-web-app-website/KerjoSam/public/index.php(17): Illuminate/Foundation/Application->handleRequest(Object(Illuminate/Http/Request))
#53 C:/xampp/htdocs/repo-tugas-web-app-website/KerjoSam/vendor/laravel/framework/src/Illuminate/Foundation/resources/server.php(23): require_once('C://xampp//htdocs...')
#54 {main}
"} 
[2026-01-10 10:32:56] local.ERROR: syntax error, unexpected end of file (View: C:\xampp\htdocs\repo-tugas-web-app-website\KerjoSam\resources\views\welcome.blade.php) {"exception":"[object] (Illuminate\\View\\ViewException(code: 0): syntax error, unexpected end of file (View: C:\\xampp\\htdocs\\repo-tugas-web-app-website\\KerjoSam\\resources\\views\\welcome.blade.php) at C:/xampp/htdocs/repo-tugas-web-app-website/KerjoSam/storage/framework/views/78f49b33f6aeb4e8897da4dd47557cb5.php:432)
[stacktrace]
#0 C:/xampp/htdocs/repo-tugas-web-app-website/KerjoSam/vendor/laravel/framework/src/Illuminate/View/Engines/PhpEngine.php(60): Illuminate/View/Engines/CompilerEngine->handleViewException(Object(ParseError), 1)
#1 C:/xampp/htdocs/repo-tugas-web-app-website/KerjoSam/vendor/laravel/framework/src/Illuminate/View/Engines/CompilerEngine.php(75): Illuminate/View/Engines/PhpEngine->evaluatePath('C://xampp//htdocs...', Array)
#2 C:/xampp/htdocs/repo-tugas-web-app-website/KerjoSam/vendor/laravel/framework/src/Illuminate/View/View.php(209): Illuminate/View/Engines/CompilerEngine->get('C://xampp//htdocs...', Array)
#3 C:/xampp/htdocs/repo-tugas-web-app-website/KerjoSam/vendor/laravel/framework/src/Illuminate/View/View.php(192): Illuminate/View/View->getContents()
#4 C:/xampp/htdocs/repo-tugas-web-app-website/KerjoSam/vendor/laravel/framework/src/Illuminate/View/View.php(161): Illuminate/View/View->renderContents()
#5 C:/xampp/htdocs/repo-tugas-web-app-website/KerjoSam/vendor/laravel/framework/src/Illuminate/Http/Response.php(79): Illuminate/View/View->render()
#6 C:/xampp/htdocs/repo-tugas-web-app-website/KerjoSam/vendor/laravel/framework/src/Illuminate/Http/Response.php(35): Illuminate/Http/Response->setContent(Object(Illuminate/View/View))
#7 C:/xampp/htdocs/repo-tugas-web-app-website/KerjoSam/vendor/laravel/framework/src/Illuminate/Routing/Router.php(920): Illuminate/Http/Response->__construct(Object(Illuminate/View/View), 200, Array)
#8 C:/xampp/htdocs/repo-tugas-web-app-website/KerjoSam/vendor/laravel/framework/src/Illuminate/Routing/Router.php(887): Illuminate/Routing/Router::toResponse(Object(Illuminate/Http/Request), Object(Illuminate/View/View))
#9 C:/xampp/htdocs/repo-tugas-web-app-website/KerjoSam/vendor/laravel/framework/src/Illuminate/Routing/Router.php(807): Illuminate/Routing/Router->prepareResponse(Object(Illuminate/Http/Request), Object(Illuminate/View/View))
#10 C:/xampp/htdocs/repo-tugas-web-app-website/KerjoSam/vendor/laravel/framework/src/Illuminate/Pipeline/Pipeline.php(170): Illuminate/Routing/Router->Illuminate/Routing/{closure}(Object(Illuminate/Http/Request))
#11 C:/xampp/htdocs/repo-tugas-web-app-website/KerjoSam/vendor/laravel/framework/src/Illuminate/Routing/Middleware/SubstituteBindings.php(51): Illuminate/Pipeline/Pipeline->Illuminate/Pipeline/{closure}(Object(Illuminate/Http/Request))
#12 C:/xampp/htdocs/repo-tugas-web-app-website/KerjoSam/vendor/laravel/framework/src/Illuminate/Pipeline/Pipeline.php(209): Illuminate/Routing/Middleware/SubstituteBindings->handle(Object(Illuminate/Http/Request), Object(Closure))
#13 C:/xampp/htdocs/repo-tugas-web-app-website/KerjoSam/vendor/laravel/framework/src/Illuminate/Foundation/Http/Middleware/VerifyCsrfToken.php(88): Illuminate/Pipeline/Pipeline->Illuminate/Pipeline/{closure}(Object(Illuminate/Http/Request))
#14 C:/xampp/htdocs/repo-tugas-web-app-website/KerjoSam/vendor/laravel/framework/src/Illuminate/Pipeline/Pipeline.php(209): Illuminate/Foundation/Http/Middleware/VerifyCsrfToken->handle(Object(Illuminate/Http/Request), Object(Closure))
#15 C:/xampp/htdocs/repo-tugas-web-app-website/KerjoSam/vendor/laravel/framework/src/Illuminate/View/Middleware/ShareErrorsFromSession.php(49): Illuminate/Pipeline/Pipeline->Illuminate/Pipeline/{closure}(Object(Illuminate/Http/Request))
#16 C:/xampp/htdocs/repo-tugas-web-app-website/KerjoSam/vendor/laravel/framework/src/Illuminate/Pipeline/Pipeline.php(209): Illuminate/View/Middleware/ShareErrorsFromSession->handle(Object(Illuminate/Http/Request), Object(Closure))
#17 C:/xampp/htdocs/repo-tugas-web-app-website/KerjoSam/vendor/laravel/framework/src/Illuminate/Session/Middleware/StartSession.php(121): Illuminate/Pipeline/Pipeline->Illuminate/Pipeline/{closure}(Object(Illuminate/Http/Request))
#18 C:/xampp/htdocs/repo-tugas-web-app-website/KerjoSam/vendor/laravel/framework/src/Illuminate/Session/Middleware/StartSession.php(64): Illuminate/Session/Middleware/StartSession->handleStatefulRequest(Object(Illuminate/Http/Request), Object(Illuminate/Session/Store), Object(Closure))
#19 C:/xampp/htdocs/repo-tugas-web-app-website/KerjoSam/vendor/laravel/framework/src/Illuminate/Pipeline/Pipeline.php(209): Illuminate/Session/Middleware/StartSession->handle(Object(Illuminate/Http/Request), Object(Closure))
#20 C:/xampp/htdocs/repo-tugas-web-app-website/KerjoSam/vendor/laravel/framework/src/Illuminate/Cookie/Middleware/AddQueuedCookiesToResponse.php(37): Illuminate/Pipeline/Pipeline->Illuminate/Pipeline/{closure}(Object(Illuminate/Http/Request))
#21 C:/xampp/htdocs/repo-tugas-web-app-website/KerjoSam/vendor/laravel/framework/src/Illuminate/Pipeline/Pipeline.php(209): Illuminate/Cookie/Middleware/AddQueuedCookiesToResponse->handle(Object(Illuminate/Http/Request), Object(Closure))
#22 C:/xampp/htdocs/repo-tugas-web-app-website/KerjoSam/vendor/laravel/framework/src/Illuminate/Cookie/Middleware/EncryptCookies.php(75): Illuminate/Pipeline/Pipeline->Illuminate/Pipeline/{closure}(Object(Illuminate/Http/Request))
#23 C:/xampp/htdocs/repo-tugas-web-app-website/KerjoSam/vendor/laravel/framework/src/Illuminate/Pipeline/Pipeline.php(209): Illuminate/Cookie/Middleware/EncryptCookies->handle(Object(Illuminate/Http/Request), Object(Closure))
#24 C:/xampp/htdocs/repo-tugas-web-app-website/KerjoSam/vendor/laravel/framework/src/Illuminate/Pipeline/Pipeline.php(127): Illuminate/Pipeline/Pipeline->Illuminate/Pipeline/{closure}(Object(Illuminate/Http/Request))
#25 C:/xampp/htdocs/repo-tugas-web-app-website/KerjoSam/vendor/laravel/framework/src/Illuminate/Routing/Router.php(807): Illuminate/Pipeline/Pipeline->then(Object(Closure))
#26 C:/xampp/htdocs/repo-tugas-web-app-website/KerjoSam/vendor/laravel/framework/src/Illuminate/Routing/Router.php(786): Illuminate/Routing/Router->runRouteWithinStack(Object(Illuminate/Routing/Route), Object(Illuminate/Http/Request))
#27 C:/xampp/htdocs/repo-tugas-web-app-website/KerjoSam/vendor/laravel/framework/src/Illuminate/Routing/Router.php(750): Illuminate/Routing/Router->runRoute(Object(Illuminate/Http/Request), Object(Illuminate/Routing/Route))
#28 C:/xampp/htdocs/repo-tugas-web-app-website/KerjoSam/vendor/laravel/framework/src/Illuminate/Routing/Router.php(739): Illuminate/Routing/Router->dispatchToRoute(Object(Illuminate/Http/Request))
#29 C:/xampp/htdocs/repo-tugas-web-app-website/KerjoSam/vendor/laravel/framework/src/Illuminate/Foundation/Http/Kernel.php(201): Illuminate/Routing/Router->dispatch(Object(Illuminate/Http/Request))
#30 C:/xampp/htdocs/repo-tugas-web-app-website/KerjoSam/vendor/laravel/framework/src/Illuminate/Pipeline/Pipeline.php(170): Illuminate/Foundation/Http/Kernel->Illuminate/Foundation/Http/{closure}(Object(Illuminate/Http/Request))
#31 C:/xampp/htdocs/repo-tugas-web-app-website/KerjoSam/vendor/laravel/framework/src/Illuminate/Foundation/Http/Middleware/TransformsRequest.php(21): Illuminate/Pipeline/Pipeline->Illuminate/Pipeline/{closure}(Object(Illuminate/Http/Request))
#32 C:/xampp/htdocs/repo-tugas-web-app-website/KerjoSam/vendor/laravel/framework/src/Illuminate/Foundation/Http/Middleware/ConvertEmptyStringsToNull.php(31): Illuminate/Foundation/Http/Middleware/TransformsRequest->handle(Object(Illuminate/Http/Request), Object(Closure))
#33 C:/xampp/htdocs/repo-tugas-web-app-website/KerjoSam/vendor/laravel/framework/src/Illuminate/Pipeline/Pipeline.php(209): Illuminate/Foundation/Http/Middleware/ConvertEmptyStringsToNull->handle(Object(Illuminate/Http/Request), Object(Closure))
#34 C:/xampp/htdocs/repo-tugas-web-app-website/KerjoSam/vendor/laravel/framework/src/Illuminate/Foundation/Http/Middleware/TransformsRequest.php(21): Illuminate/Pipeline/Pipeline->Illuminate/Pipeline/{closure}(Object(Illuminate/Http/Request))
#35 C:/xampp/htdocs/repo-tugas-web-app-website/KerjoSam/vendor/laravel/framework/src/Illuminate/Foundation/Http/Middleware/TrimStrings.php(51): Illuminate/Foundation/Http/Middleware/TransformsRequest->handle(Object(Illuminate/Http/Request), Object(Closure))
#36 C:/xampp/htdocs/repo-tugas-web-app-website/KerjoSam/vendor/laravel/framework/src/Illuminate/Pipeline/Pipeline.php(209): Illuminate/Foundation/Http/Middleware/TrimStrings->handle(Object(Illuminate/Http/Request), Object(Closure))
#37 C:/xampp/htdocs/repo-tugas-web-app-website/KerjoSam/vendor/laravel/framework/src/Illuminate/Http/Middleware/ValidatePostSize.php(27): Illuminate/Pipeline/Pipeline->Illuminate/Pipeline/{closure}(Object(Illuminate/Http/Request))
#38 C:/xampp/htdocs/repo-tugas-web-app-website/KerjoSam/vendor/laravel/framework/src/Illuminate/Pipeline/Pipeline.php(209): Illuminate/Http/Middleware/ValidatePostSize->handle(Object(Illuminate/Http/Request), Object(Closure))
#39 C:/xampp/htdocs/repo-tugas-web-app-website/KerjoSam/vendor/laravel/framework/src/Illuminate/Foundation/Http/Middleware/PreventRequestsDuringMaintenance.php(110): Illuminate/Pipeline/Pipeline->Illuminate/Pipeline/{closure}(Object(Illuminate/Http/Request))
#40 C:/xampp/htdocs/repo-tugas-web-app-website/KerjoSam/vendor/laravel/framework/src/Illuminate/Pipeline/Pipeline.php(209): Illuminate/Foundation/Http/Middleware/PreventRequestsDuringMaintenance->handle(Object(Illuminate/Http/Request), Object(Closure))
#41 C:/xampp/htdocs/repo-tugas-web-app-website/KerjoSam/vendor/laravel/framework/src/Illuminate/Http/Middleware/HandleCors.php(49): Illuminate/Pipeline/Pipeline->Illuminate/Pipeline/{closure}(Object(Illuminate/Http/Request))
#42 C:/xampp/htdocs/repo-tugas-web-app-website/KerjoSam/vendor/laravel/framework/src/Illuminate/Pipeline/Pipeline.php(209): Illuminate/Http/Middleware/HandleCors->handle(Object(Illuminate/Http/Request), Object(Closure))
#43 C:/xampp/htdocs/repo-tugas-web-app-website/KerjoSam/vendor/laravel/framework/src/Illuminate/Http/Middleware/TrustProxies.php(58): Illuminate/Pipeline/Pipeline->Illuminate/Pipeline/{closure}(Object(Illuminate/Http/Request))
#44 C:/xampp/htdocs/repo-tugas-web-app-website/KerjoSam/vendor/laravel/framework/src/Illuminate/Pipeline/Pipeline.php(209): Illuminate/Http/Middleware/TrustProxies->handle(Object(Illuminate/Http/Request), Object(Closure))
#45 C:/xampp/htdocs/repo-tugas-web-app-website/KerjoSam/vendor/laravel/framework/src/Illuminate/Foundation/Http/Middleware/InvokeDeferredCallbacks.php(22): Illuminate/Pipeline/Pipeline->Illuminate/Pipeline/{closure}(Object(Illuminate/Http/Request))
#46 C:/xampp/htdocs/repo-tugas-web-app-website/KerjoSam/vendor/laravel/framework/src/Illuminate/Pipeline/Pipeline.php(209): Illuminate/Foundation/Http/Middleware/InvokeDeferredCallbacks->handle(Object(Illuminate/Http/Request), Object(Closure))
#47 C:/xampp/htdocs/repo-tugas-web-app-website/KerjoSam/vendor/laravel/framework/src/Illuminate/Pipeline/Pipeline.php(127): Illuminate/Pipeline/Pipeline->Illuminate/Pipeline/{closure}(Object(Illuminate/Http/Request))
#48 C:/xampp/htdocs/repo-tugas-web-app-website/KerjoSam/vendor/laravel/framework/src/Illuminate/Foundation/Http/Kernel.php(176): Illuminate/Pipeline/Pipeline->then(Object(Closure))
#49 C:/xampp/htdocs/repo-tugas-web-app-website/KerjoSam/vendor/laravel/framework/src/Illuminate/Foundation/Http/Kernel.php(145): Illuminate/Foundation/Http/Kernel->sendRequestThroughRouter(Object(Illuminate/Http/Request))
#50 C:/xampp/htdocs/repo-tugas-web-app-website/KerjoSam/vendor/laravel/framework/src/Illuminate/Foundation/Application.php(1220): Illuminate/Foundation/Http/Kernel->handle(Object(Illuminate/Http/Request))
#51 C:/xampp/htdocs/repo-tugas-web-app-website/KerjoSam/public/index.php(17): Illuminate/Foundation/Application->handleRequest(Object(Illuminate/Http/Request))
#52 C:/xampp/htdocs/repo-tugas-web-app-website/KerjoSam/vendor/laravel/framework/src/Illuminate/Foundation/resources/server.php(23): require_once('C://xampp//htdocs...')
#53 {main}

[previous exception] [object] (ParseError(code: 0): syntax error, unexpected end of file at C:/xampp/htdocs/repo-tugas-web-app-website/KerjoSam/storage/framework/views/78f49b33f6aeb4e8897da4dd47557cb5.php:432)
[stacktrace]
#0 C:/xampp/htdocs/repo-tugas-web-app-website/KerjoSam/vendor/laravel/framework/src/Illuminate/Filesystem/Filesystem.php(124): Illuminate/Filesystem/Filesystem::Illuminate/Filesystem/{closure}()
#1 C:/xampp/htdocs/repo-tugas-web-app-website/KerjoSam/vendor/laravel/framework/src/Illuminate/View/Engines/PhpEngine.php(58): Illuminate/Filesystem/Filesystem->getRequire('C://xampp//htdocs...', Array)
#2 C:/xampp/htdocs/repo-tugas-web-app-website/KerjoSam/vendor/laravel/framework/src/Illuminate/View/Engines/CompilerEngine.php(75): Illuminate/View/Engines/PhpEngine->evaluatePath('C://xampp//htdocs...', Array)
#3 C:/xampp/htdocs/repo-tugas-web-app-website/KerjoSam/vendor/laravel/framework/src/Illuminate/View/View.php(209): Illuminate/View/Engines/CompilerEngine->get('C://xampp//htdocs...', Array)
#4 C:/xampp/htdocs/repo-tugas-web-app-website/KerjoSam/vendor/laravel/framework/src/Illuminate/View/View.php(192): Illuminate/View/View->getContents()
#5 C:/xampp/htdocs/repo-tugas-web-app-website/KerjoSam/vendor/laravel/framework/src/Illuminate/View/View.php(161): Illuminate/View/View->renderContents()
#6 C:/xampp/htdocs/repo-tugas-web-app-website/KerjoSam/vendor/laravel/framework/src/Illuminate/Http/Response.php(79): Illuminate/View/View->render()
#7 C:/xampp/htdocs/repo-tugas-web-app-website/KerjoSam/vendor/laravel/framework/src/Illuminate/Http/Response.php(35): Illuminate/Http/Response->setContent(Object(Illuminate/View/View))
#8 C:/xampp/htdocs/repo-tugas-web-app-website/KerjoSam/vendor/laravel/framework/src/Illuminate/Routing/Router.php(920): Illuminate/Http/Response->__construct(Object(Illuminate/View/View), 200, Array)
#9 C:/xampp/htdocs/repo-tugas-web-app-website/KerjoSam/vendor/laravel/framework/src/Illuminate/Routing/Router.php(887): Illuminate/Routing/Router::toResponse(Object(Illuminate/Http/Request), Object(Illuminate/View/View))
#10 C:/xampp/htdocs/repo-tugas-web-app-website/KerjoSam/vendor/laravel/framework/src/Illuminate/Routing/Router.php(807): Illuminate/Routing/Router->prepareResponse(Object(Illuminate/Http/Request), Object(Illuminate/View/View))
#11 C:/xampp/htdocs/repo-tugas-web-app-website/KerjoSam/vendor/laravel/framework/src/Illuminate/Pipeline/Pipeline.php(170): Illuminate/Routing/Router->Illuminate/Routing/{closure}(Object(Illuminate/Http/Request))
#12 C:/xampp/htdocs/repo-tugas-web-app-website/KerjoSam/vendor/laravel/framework/src/Illuminate/Routing/Middleware/SubstituteBindings.php(51): Illuminate/Pipeline/Pipeline->Illuminate/Pipeline/{closure}(Object(Illuminate/Http/Request))
#13 C:/xampp/htdocs/repo-tugas-web-app-website/KerjoSam/vendor/laravel/framework/src/Illuminate/Pipeline/Pipeline.php(209): Illuminate/Routing/Middleware/SubstituteBindings->handle(Object(Illuminate/Http/Request), Object(Closure))
#14 C:/xampp/htdocs/repo-tugas-web-app-website/KerjoSam/vendor/laravel/framework/src/Illuminate/Foundation/Http/Middleware/VerifyCsrfToken.php(88): Illuminate/Pipeline/Pipeline->Illuminate/Pipeline/{closure}(Object(Illuminate/Http/Request))
#15 C:/xampp/htdocs/repo-tugas-web-app-website/KerjoSam/vendor/laravel/framework/src/Illuminate/Pipeline/Pipeline.php(209): Illuminate/Foundation/Http/Middleware/VerifyCsrfToken->handle(Object(Illuminate/Http/Request), Object(Closure))
#16 C:/xampp/htdocs/repo-tugas-web-app-website/KerjoSam/vendor/laravel/framework/src/Illuminate/View/Middleware/ShareErrorsFromSession.php(49): Illuminate/Pipeline/Pipeline->Illuminate/Pipeline/{closure}(Object(Illuminate/Http/Request))
#17 C:/xampp/htdocs/repo-tugas-web-app-website/KerjoSam/vendor/laravel/framework/src/Illuminate/Pipeline/Pipeline.php(209): Illuminate/View/Middleware/ShareErrorsFromSession->handle(Object(Illuminate/Http/Request), Object(Closure))
#18 C:/xampp/htdocs/repo-tugas-web-app-website/KerjoSam/vendor/laravel/framework/src/Illuminate/Session/Middleware/StartSession.php(121): Illuminate/Pipeline/Pipeline->Illuminate/Pipeline/{closure}(Object(Illuminate/Http/Request))
#19 C:/xampp/htdocs/repo-tugas-web-app-website/KerjoSam/vendor/laravel/framework/src/Illuminate/Session/Middleware/StartSession.php(64): Illuminate/Session/Middleware/StartSession->handleStatefulRequest(Object(Illuminate/Http/Request), Object(Illuminate/Session/Store), Object(Closure))
#20 C:/xampp/htdocs/repo-tugas-web-app-website/KerjoSam/vendor/laravel/framework/src/Illuminate/Pipeline/Pipeline.php(209): Illuminate/Session/Middleware/StartSession->handle(Object(Illuminate/Http/Request), Object(Closure))
#21 C:/xampp/htdocs/repo-tugas-web-app-website/KerjoSam/vendor/laravel/framework/src/Illuminate/Cookie/Middleware/AddQueuedCookiesToResponse.php(37): Illuminate/Pipeline/Pipeline->Illuminate/Pipeline/{closure}(Object(Illuminate/Http/Request))
#22 C:/xampp/htdocs/repo-tugas-web-app-website/KerjoSam/vendor/laravel/framework/src/Illuminate/Pipeline/Pipeline.php(209): Illuminate/Cookie/Middleware/AddQueuedCookiesToResponse->handle(Object(Illuminate/Http/Request), Object(Closure))
#23 C:/xampp/htdocs/repo-tugas-web-app-website/KerjoSam/vendor/laravel/framework/src/Illuminate/Cookie/Middleware/EncryptCookies.php(75): Illuminate/Pipeline/Pipeline->Illuminate/Pipeline/{closure}(Object(Illuminate/Http/Request))
#24 C:/xampp/htdocs/repo-tugas-web-app-website/KerjoSam/vendor/laravel/framework/src/Illuminate/Pipeline/Pipeline.php(209): Illuminate/Cookie/Middleware/EncryptCookies->handle(Object(Illuminate/Http/Request), Object(Closure))
#25 C:/xampp/htdocs/repo-tugas-web-app-website/KerjoSam/vendor/laravel/framework/src/Illuminate/Pipeline/Pipeline.php(127): Illuminate/Pipeline/Pipeline->Illuminate/Pipeline/{closure}(Object(Illuminate/Http/Request))
#26 C:/xampp/htdocs/repo-tugas-web-app-website/KerjoSam/vendor/laravel/framework/src/Illuminate/Routing/Router.php(807): Illuminate/Pipeline/Pipeline->then(Object(Closure))
#27 C:/xampp/htdocs/repo-tugas-web-app-website/KerjoSam/vendor/laravel/framework/src/Illuminate/Routing/Router.php(786): Illuminate/Routing/Router->runRouteWithinStack(Object(Illuminate/Routing/Route), Object(Illuminate/Http/Request))
#28 C:/xampp/htdocs/repo-tugas-web-app-website/KerjoSam/vendor/laravel/framework/src/Illuminate/Routing/Router.php(750): Illuminate/Routing/Router->runRoute(Object(Illuminate/Http/Request), Object(Illuminate/Routing/Route))
#29 C:/xampp/htdocs/repo-tugas-web-app-website/KerjoSam/vendor/laravel/framework/src/Illuminate/Routing/Router.php(739): Illuminate/Routing/Router->dispatchToRoute(Object(Illuminate/Http/Request))
#30 C:/xampp/htdocs/repo-tugas-web-app-website/KerjoSam/vendor/laravel/framework/src/Illuminate/Foundation/Http/Kernel.php(201): Illuminate/Routing/Router->dispatch(Object(Illuminate/Http/Request))
#31 C:/xampp/htdocs/repo-tugas-web-app-website/KerjoSam/vendor/laravel/framework/src/Illuminate/Pipeline/Pipeline.php(170): Illuminate/Foundation/Http/Kernel->Illuminate/Foundation/Http/{closure}(Object(Illuminate/Http/Request))
#32 C:/xampp/htdocs/repo-tugas-web-app-website/KerjoSam/vendor/laravel/framework/src/Illuminate/Foundation/Http/Middleware/TransformsRequest.php(21): Illuminate/Pipeline/Pipeline->Illuminate/Pipeline/{closure}(Object(Illuminate/Http/Request))
#33 C:/xampp/htdocs/repo-tugas-web-app-website/KerjoSam/vendor/laravel/framework/src/Illuminate/Foundation/Http/Middleware/ConvertEmptyStringsToNull.php(31): Illuminate/Foundation/Http/Middleware/TransformsRequest->handle(Object(Illuminate/Http/Request), Object(Closure))
#34 C:/xampp/htdocs/repo-tugas-web-app-website/KerjoSam/vendor/laravel/framework/src/Illuminate/Pipeline/Pipeline.php(209): Illuminate/Foundation/Http/Middleware/ConvertEmptyStringsToNull->handle(Object(Illuminate/Http/Request), Object(Closure))
#35 C:/xampp/htdocs/repo-tugas-web-app-website/KerjoSam/vendor/laravel/framework/src/Illuminate/Foundation/Http/Middleware/TransformsRequest.php(21): Illuminate/Pipeline/Pipeline->Illuminate/Pipeline/{closure}(Object(Illuminate/Http/Request))
#36 C:/xampp/htdocs/repo-tugas-web-app-website/KerjoSam/vendor/laravel/framework/src/Illuminate/Foundation/Http/Middleware/TrimStrings.php(51): Illuminate/Foundation/Http/Middleware/TransformsRequest->handle(Object(Illuminate/Http/Request), Object(Closure))
#37 C:/xampp/htdocs/repo-tugas-web-app-website/KerjoSam/vendor/laravel/framework/src/Illuminate/Pipeline/Pipeline.php(209): Illuminate/Foundation/Http/Middleware/TrimStrings->handle(Object(Illuminate/Http/Request), Object(Closure))
#38 C:/xampp/htdocs/repo-tugas-web-app-website/KerjoSam/vendor/laravel/framework/src/Illuminate/Http/Middleware/ValidatePostSize.php(27): Illuminate/Pipeline/Pipeline->Illuminate/Pipeline/{closure}(Object(Illuminate/Http/Request))
#39 C:/xampp/htdocs/repo-tugas-web-app-website/KerjoSam/vendor/laravel/framework/src/Illuminate/Pipeline/Pipeline.php(209): Illuminate/Http/Middleware/ValidatePostSize->handle(Object(Illuminate/Http/Request), Object(Closure))
#40 C:/xampp/htdocs/repo-tugas-web-app-website/KerjoSam/vendor/laravel/framework/src/Illuminate/Foundation/Http/Middleware/PreventRequestsDuringMaintenance.php(110): Illuminate/Pipeline/Pipeline->Illuminate/Pipeline/{closure}(Object(Illuminate/Http/Request))
#41 C:/xampp/htdocs/repo-tugas-web-app-website/KerjoSam/vendor/laravel/framework/src/Illuminate/Pipeline/Pipeline.php(209): Illuminate/Foundation/Http/Middleware/PreventRequestsDuringMaintenance->handle(Object(Illuminate/Http/Request), Object(Closure))
#42 C:/xampp/htdocs/repo-tugas-web-app-website/KerjoSam/vendor/laravel/framework/src/Illuminate/Http/Middleware/HandleCors.php(49): Illuminate/Pipeline/Pipeline->Illuminate/Pipeline/{closure}(Object(Illuminate/Http/Request))
#43 C:/xampp/htdocs/repo-tugas-web-app-website/KerjoSam/vendor/laravel/framework/src/Illuminate/Pipeline/Pipeline.php(209): Illuminate/Http/Middleware/HandleCors->handle(Object(Illuminate/Http/Request), Object(Closure))
#44 C:/xampp/htdocs/repo-tugas-web-app-website/KerjoSam/vendor/laravel/framework/src/Illuminate/Http/Middleware/TrustProxies.php(58): Illuminate/Pipeline/Pipeline->Illuminate/Pipeline/{closure}(Object(Illuminate/Http/Request))
#45 C:/xampp/htdocs/repo-tugas-web-app-website/KerjoSam/vendor/laravel/framework/src/Illuminate/Pipeline/Pipeline.php(209): Illuminate/Http/Middleware/TrustProxies->handle(Object(Illuminate/Http/Request), Object(Closure))
#46 C:/xampp/htdocs/repo-tugas-web-app-website/KerjoSam/vendor/laravel/framework/src/Illuminate/Foundation/Http/Middleware/InvokeDeferredCallbacks.php(22): Illuminate/Pipeline/Pipeline->Illuminate/Pipeline/{closure}(Object(Illuminate/Http/Request))
#47 C:/xampp/htdocs/repo-tugas-web-app-website/KerjoSam/vendor/laravel/framework/src/Illuminate/Pipeline/Pipeline.php(209): Illuminate/Foundation/Http/Middleware/InvokeDeferredCallbacks->handle(Object(Illuminate/Http/Request), Object(Closure))
#48 C:/xampp/htdocs/repo-tugas-web-app-website/KerjoSam/vendor/laravel/framework/src/Illuminate/Pipeline/Pipeline.php(127): Illuminate/Pipeline/Pipeline->Illuminate/Pipeline/{closure}(Object(Illuminate/Http/Request))
#49 C:/xampp/htdocs/repo-tugas-web-app-website/KerjoSam/vendor/laravel/framework/src/Illuminate/Foundation/Http/Kernel.php(176): Illuminate/Pipeline/Pipeline->then(Object(Closure))
#50 C:/xampp/htdocs/repo-tugas-web-app-website/KerjoSam/vendor/laravel/framework/src/Illuminate/Foundation/Http/Kernel.php(145): Illuminate/Foundation/Http/Kernel->sendRequestThroughRouter(Object(Illuminate/Http/Request))
#51 C:/xampp/htdocs/repo-tugas-web-app-website/KerjoSam/vendor/laravel/framework/src/Illuminate/Foundation/Application.php(1220): Illuminate/Foundation/Http/Kernel->handle(Object(Illuminate/Http/Request))
#52 C:/xampp/htdocs/repo-tugas-web-app-website/KerjoSam/public/index.php(17): Illuminate/Foundation/Application->handleRequest(Object(Illuminate/Http/Request))
#53 C:/xampp/htdocs/repo-tugas-web-app-website/KerjoSam/vendor/laravel/framework/src/Illuminate/Foundation/resources/server.php(23): require_once('C://xampp//htdocs...')
#54 {main}
"} 
[2026-01-11 12:11:30] local.ERROR: syntax error, unexpected end of file (View: C:\xampp\htdocs\repo-tugas-web-app-website\KerjoSam\resources\views\welcome.blade.php) {"exception":"[object] (Illuminate\\View\\ViewException(code: 0): syntax error, unexpected end of file (View: C:\\xampp\\htdocs\\repo-tugas-web-app-website\\KerjoSam\\resources\\views\\welcome.blade.php) at C:/xampp/htdocs/repo-tugas-web-app-website/KerjoSam/storage/framework/views/78f49b33f6aeb4e8897da4dd47557cb5.php:432)
[stacktrace]
#0 C:/xampp/htdocs/repo-tugas-web-app-website/KerjoSam/vendor/laravel/framework/src/Illuminate/View/Engines/PhpEngine.php(60): Illuminate/View/Engines/CompilerEngine->handleViewException(Object(ParseError), 1)
#1 C:/xampp/htdocs/repo-tugas-web-app-website/KerjoSam/vendor/laravel/framework/src/Illuminate/View/Engines/CompilerEngine.php(75): Illuminate/View/Engines/PhpEngine->evaluatePath('C://xampp//htdocs...', Array)
#2 C:/xampp/htdocs/repo-tugas-web-app-website/KerjoSam/vendor/laravel/framework/src/Illuminate/View/View.php(209): Illuminate/View/Engines/CompilerEngine->get('C://xampp//htdocs...', Array)
#3 C:/xampp/htdocs/repo-tugas-web-app-website/KerjoSam/vendor/laravel/framework/src/Illuminate/View/View.php(192): Illuminate/View/View->getContents()
#4 C:/xampp/htdocs/repo-tugas-web-app-website/KerjoSam/vendor/laravel/framework/src/Illuminate/View/View.php(161): Illuminate/View/View->renderContents()
#5 C:/xampp/htdocs/repo-tugas-web-app-website/KerjoSam/vendor/laravel/framework/src/Illuminate/Http/Response.php(79): Illuminate/View/View->render()
#6 C:/xampp/htdocs/repo-tugas-web-app-website/KerjoSam/vendor/laravel/framework/src/Illuminate/Http/Response.php(35): Illuminate/Http/Response->setContent(Object(Illuminate/View/View))
#7 C:/xampp/htdocs/repo-tugas-web-app-website/KerjoSam/vendor/laravel/framework/src/Illuminate/Routing/Router.php(920): Illuminate/Http/Response->__construct(Object(Illuminate/View/View), 200, Array)
#8 C:/xampp/htdocs/repo-tugas-web-app-website/KerjoSam/vendor/laravel/framework/src/Illuminate/Routing/Router.php(887): Illuminate/Routing/Router::toResponse(Object(Illuminate/Http/Request), Object(Illuminate/View/View))
#9 C:/xampp/htdocs/repo-tugas-web-app-website/KerjoSam/vendor/laravel/framework/src/Illuminate/Routing/Router.php(807): Illuminate/Routing/Router->prepareResponse(Object(Illuminate/Http/Request), Object(Illuminate/View/View))
#10 C:/xampp/htdocs/repo-tugas-web-app-website/KerjoSam/vendor/laravel/framework/src/Illuminate/Pipeline/Pipeline.php(170): Illuminate/Routing/Router->Illuminate/Routing/{closure}(Object(Illuminate/Http/Request))
#11 C:/xampp/htdocs/repo-tugas-web-app-website/KerjoSam/vendor/laravel/framework/src/Illuminate/Routing/Middleware/SubstituteBindings.php(51): Illuminate/Pipeline/Pipeline->Illuminate/Pipeline/{closure}(Object(Illuminate/Http/Request))
#12 C:/xampp/htdocs/repo-tugas-web-app-website/KerjoSam/vendor/laravel/framework/src/Illuminate/Pipeline/Pipeline.php(209): Illuminate/Routing/Middleware/SubstituteBindings->handle(Object(Illuminate/Http/Request), Object(Closure))
#13 C:/xampp/htdocs/repo-tugas-web-app-website/KerjoSam/vendor/laravel/framework/src/Illuminate/Foundation/Http/Middleware/VerifyCsrfToken.php(88): Illuminate/Pipeline/Pipeline->Illuminate/Pipeline/{closure}(Object(Illuminate/Http/Request))
#14 C:/xampp/htdocs/repo-tugas-web-app-website/KerjoSam/vendor/laravel/framework/src/Illuminate/Pipeline/Pipeline.php(209): Illuminate/Foundation/Http/Middleware/VerifyCsrfToken->handle(Object(Illuminate/Http/Request), Object(Closure))
#15 C:/xampp/htdocs/repo-tugas-web-app-website/KerjoSam/vendor/laravel/framework/src/Illuminate/View/Middleware/ShareErrorsFromSession.php(49): Illuminate/Pipeline/Pipeline->Illuminate/Pipeline/{closure}(Object(Illuminate/Http/Request))
#16 C:/xampp/htdocs/repo-tugas-web-app-website/KerjoSam/vendor/laravel/framework/src/Illuminate/Pipeline/Pipeline.php(209): Illuminate/View/Middleware/ShareErrorsFromSession->handle(Object(Illuminate/Http/Request), Object(Closure))
#17 C:/xampp/htdocs/repo-tugas-web-app-website/KerjoSam/vendor/laravel/framework/src/Illuminate/Session/Middleware/StartSession.php(121): Illuminate/Pipeline/Pipeline->Illuminate/Pipeline/{closure}(Object(Illuminate/Http/Request))
#18 C:/xampp/htdocs/repo-tugas-web-app-website/KerjoSam/vendor/laravel/framework/src/Illuminate/Session/Middleware/StartSession.php(64): Illuminate/Session/Middleware/StartSession->handleStatefulRequest(Object(Illuminate/Http/Request), Object(Illuminate/Session/Store), Object(Closure))
#19 C:/xampp/htdocs/repo-tugas-web-app-website/KerjoSam/vendor/laravel/framework/src/Illuminate/Pipeline/Pipeline.php(209): Illuminate/Session/Middleware/StartSession->handle(Object(Illuminate/Http/Request), Object(Closure))
#20 C:/xampp/htdocs/repo-tugas-web-app-website/KerjoSam/vendor/laravel/framework/src/Illuminate/Cookie/Middleware/AddQueuedCookiesToResponse.php(37): Illuminate/Pipeline/Pipeline->Illuminate/Pipeline/{closure}(Object(Illuminate/Http/Request))
#21 C:/xampp/htdocs/repo-tugas-web-app-website/KerjoSam/vendor/laravel/framework/src/Illuminate/Pipeline/Pipeline.php(209): Illuminate/Cookie/Middleware/AddQueuedCookiesToResponse->handle(Object(Illuminate/Http/Request), Object(Closure))
#22 C:/xampp/htdocs/repo-tugas-web-app-website/KerjoSam/vendor/laravel/framework/src/Illuminate/Cookie/Middleware/EncryptCookies.php(75): Illuminate/Pipeline/Pipeline->Illuminate/Pipeline/{closure}(Object(Illuminate/Http/Request))
#23 C:/xampp/htdocs/repo-tugas-web-app-website/KerjoSam/vendor/laravel/framework/src/Illuminate/Pipeline/Pipeline.php(209): Illuminate/Cookie/Middleware/EncryptCookies->handle(Object(Illuminate/Http/Request), Object(Closure))
#24 C:/xampp/htdocs/repo-tugas-web-app-website/KerjoSam/vendor/laravel/framework/src/Illuminate/Pipeline/Pipeline.php(127): Illuminate/Pipeline/Pipeline->Illuminate/Pipeline/{closure}(Object(Illuminate/Http/Request))
#25 C:/xampp/htdocs/repo-tugas-web-app-website/KerjoSam/vendor/laravel/framework/src/Illuminate/Routing/Router.php(807): Illuminate/Pipeline/Pipeline->then(Object(Closure))
#26 C:/xampp/htdocs/repo-tugas-web-app-website/KerjoSam/vendor/laravel/framework/src/Illuminate/Routing/Router.php(786): Illuminate/Routing/Router->runRouteWithinStack(Object(Illuminate/Routing/Route), Object(Illuminate/Http/Request))
#27 C:/xampp/htdocs/repo-tugas-web-app-website/KerjoSam/vendor/laravel/framework/src/Illuminate/Routing/Router.php(750): Illuminate/Routing/Router->runRoute(Object(Illuminate/Http/Request), Object(Illuminate/Routing/Route))
#28 C:/xampp/htdocs/repo-tugas-web-app-website/KerjoSam/vendor/laravel/framework/src/Illuminate/Routing/Router.php(739): Illuminate/Routing/Router->dispatchToRoute(Object(Illuminate/Http/Request))
#29 C:/xampp/htdocs/repo-tugas-web-app-website/KerjoSam/vendor/laravel/framework/src/Illuminate/Foundation/Http/Kernel.php(201): Illuminate/Routing/Router->dispatch(Object(Illuminate/Http/Request))
#30 C:/xampp/htdocs/repo-tugas-web-app-website/KerjoSam/vendor/laravel/framework/src/Illuminate/Pipeline/Pipeline.php(170): Illuminate/Foundation/Http/Kernel->Illuminate/Foundation/Http/{closure}(Object(Illuminate/Http/Request))
#31 C:/xampp/htdocs/repo-tugas-web-app-website/KerjoSam/vendor/laravel/framework/src/Illuminate/Foundation/Http/Middleware/TransformsRequest.php(21): Illuminate/Pipeline/Pipeline->Illuminate/Pipeline/{closure}(Object(Illuminate/Http/Request))
#32 C:/xampp/htdocs/repo-tugas-web-app-website/KerjoSam/vendor/laravel/framework/src/Illuminate/Foundation/Http/Middleware/ConvertEmptyStringsToNull.php(31): Illuminate/Foundation/Http/Middleware/TransformsRequest->handle(Object(Illuminate/Http/Request), Object(Closure))
#33 C:/xampp/htdocs/repo-tugas-web-app-website/KerjoSam/vendor/laravel/framework/src/Illuminate/Pipeline/Pipeline.php(209): Illuminate/Foundation/Http/Middleware/ConvertEmptyStringsToNull->handle(Object(Illuminate/Http/Request), Object(Closure))
#34 C:/xampp/htdocs/repo-tugas-web-app-website/KerjoSam/vendor/laravel/framework/src/Illuminate/Foundation/Http/Middleware/TransformsRequest.php(21): Illuminate/Pipeline/Pipeline->Illuminate/Pipeline/{closure}(Object(Illuminate/Http/Request))
#35 C:/xampp/htdocs/repo-tugas-web-app-website/KerjoSam/vendor/laravel/framework/src/Illuminate/Foundation/Http/Middleware/TrimStrings.php(51): Illuminate/Foundation/Http/Middleware/TransformsRequest->handle(Object(Illuminate/Http/Request), Object(Closure))
#36 C:/xampp/htdocs/repo-tugas-web-app-website/KerjoSam/vendor/laravel/framework/src/Illuminate/Pipeline/Pipeline.php(209): Illuminate/Foundation/Http/Middleware/TrimStrings->handle(Object(Illuminate/Http/Request), Object(Closure))
#37 C:/xampp/htdocs/repo-tugas-web-app-website/KerjoSam/vendor/laravel/framework/src/Illuminate/Http/Middleware/ValidatePostSize.php(27): Illuminate/Pipeline/Pipeline->Illuminate/Pipeline/{closure}(Object(Illuminate/Http/Request))
#38 C:/xampp/htdocs/repo-tugas-web-app-website/KerjoSam/vendor/laravel/framework/src/Illuminate/Pipeline/Pipeline.php(209): Illuminate/Http/Middleware/ValidatePostSize->handle(Object(Illuminate/Http/Request), Object(Closure))
#39 C:/xampp/htdocs/repo-tugas-web-app-website/KerjoSam/vendor/laravel/framework/src/Illuminate/Foundation/Http/Middleware/PreventRequestsDuringMaintenance.php(110): Illuminate/Pipeline/Pipeline->Illuminate/Pipeline/{closure}(Object(Illuminate/Http/Request))
#40 C:/xampp/htdocs/repo-tugas-web-app-website/KerjoSam/vendor/laravel/framework/src/Illuminate/Pipeline/Pipeline.php(209): Illuminate/Foundation/Http/Middleware/PreventRequestsDuringMaintenance->handle(Object(Illuminate/Http/Request), Object(Closure))
#41 C:/xampp/htdocs/repo-tugas-web-app-website/KerjoSam/vendor/laravel/framework/src/Illuminate/Http/Middleware/HandleCors.php(49): Illuminate/Pipeline/Pipeline->Illuminate/Pipeline/{closure}(Object(Illuminate/Http/Request))
#42 C:/xampp/htdocs/repo-tugas-web-app-website/KerjoSam/vendor/laravel/framework/src/Illuminate/Pipeline/Pipeline.php(209): Illuminate/Http/Middleware/HandleCors->handle(Object(Illuminate/Http/Request), Object(Closure))
#43 C:/xampp/htdocs/repo-tugas-web-app-website/KerjoSam/vendor/laravel/framework/src/Illuminate/Http/Middleware/TrustProxies.php(58): Illuminate/Pipeline/Pipeline->Illuminate/Pipeline/{closure}(Object(Illuminate/Http/Request))
#44 C:/xampp/htdocs/repo-tugas-web-app-website/KerjoSam/vendor/laravel/framework/src/Illuminate/Pipeline/Pipeline.php(209): Illuminate/Http/Middleware/TrustProxies->handle(Object(Illuminate/Http/Request), Object(Closure))
#45 C:/xampp/htdocs/repo-tugas-web-app-website/KerjoSam/vendor/laravel/framework/src/Illuminate/Foundation/Http/Middleware/InvokeDeferredCallbacks.php(22): Illuminate/Pipeline/Pipeline->Illuminate/Pipeline/{closure}(Object(Illuminate/Http/Request))
#46 C:/xampp/htdocs/repo-tugas-web-app-website/KerjoSam/vendor/laravel/framework/src/Illuminate/Pipeline/Pipeline.php(209): Illuminate/Foundation/Http/Middleware/InvokeDeferredCallbacks->handle(Object(Illuminate/Http/Request), Object(Closure))
#47 C:/xampp/htdocs/repo-tugas-web-app-website/KerjoSam/vendor/laravel/framework/src/Illuminate/Pipeline/Pipeline.php(127): Illuminate/Pipeline/Pipeline->Illuminate/Pipeline/{closure}(Object(Illuminate/Http/Request))
#48 C:/xampp/htdocs/repo-tugas-web-app-website/KerjoSam/vendor/laravel/framework/src/Illuminate/Foundation/Http/Kernel.php(176): Illuminate/Pipeline/Pipeline->then(Object(Closure))
#49 C:/xampp/htdocs/repo-tugas-web-app-website/KerjoSam/vendor/laravel/framework/src/Illuminate/Foundation/Http/Kernel.php(145): Illuminate/Foundation/Http/Kernel->sendRequestThroughRouter(Object(Illuminate/Http/Request))
#50 C:/xampp/htdocs/repo-tugas-web-app-website/KerjoSam/vendor/laravel/framework/src/Illuminate/Foundation/Application.php(1220): Illuminate/Foundation/Http/Kernel->handle(Object(Illuminate/Http/Request))
#51 C:/xampp/htdocs/repo-tugas-web-app-website/KerjoSam/public/index.php(17): Illuminate/Foundation/Application->handleRequest(Object(Illuminate/Http/Request))
#52 C:/xampp/htdocs/repo-tugas-web-app-website/KerjoSam/vendor/laravel/framework/src/Illuminate/Foundation/resources/server.php(23): require_once('C://xampp//htdocs...')
#53 {main}

[previous exception] [object] (ParseError(code: 0): syntax error, unexpected end of file at C:/xampp/htdocs/repo-tugas-web-app-website/KerjoSam/storage/framework/views/78f49b33f6aeb4e8897da4dd47557cb5.php:432)
[stacktrace]
#0 C:/xampp/htdocs/repo-tugas-web-app-website/KerjoSam/vendor/laravel/framework/src/Illuminate/Filesystem/Filesystem.php(124): Illuminate/Filesystem/Filesystem::Illuminate/Filesystem/{closure}()
#1 C:/xampp/htdocs/repo-tugas-web-app-website/KerjoSam/vendor/laravel/framework/src/Illuminate/View/Engines/PhpEngine.php(58): Illuminate/Filesystem/Filesystem->getRequire('C://xampp//htdocs...', Array)
#2 C:/xampp/htdocs/repo-tugas-web-app-website/KerjoSam/vendor/laravel/framework/src/Illuminate/View/Engines/CompilerEngine.php(75): Illuminate/View/Engines/PhpEngine->evaluatePath('C://xampp//htdocs...', Array)
#3 C:/xampp/htdocs/repo-tugas-web-app-website/KerjoSam/vendor/laravel/framework/src/Illuminate/View/View.php(209): Illuminate/View/Engines/CompilerEngine->get('C://xampp//htdocs...', Array)
#4 C:/xampp/htdocs/repo-tugas-web-app-website/KerjoSam/vendor/laravel/framework/src/Illuminate/View/View.php(192): Illuminate/View/View->getContents()
#5 C:/xampp/htdocs/repo-tugas-web-app-website/KerjoSam/vendor/laravel/framework/src/Illuminate/View/View.php(161): Illuminate/View/View->renderContents()
#6 C:/xampp/htdocs/repo-tugas-web-app-website/KerjoSam/vendor/laravel/framework/src/Illuminate/Http/Response.php(79): Illuminate/View/View->render()
#7 C:/xampp/htdocs/repo-tugas-web-app-website/KerjoSam/vendor/laravel/framework/src/Illuminate/Http/Response.php(35): Illuminate/Http/Response->setContent(Object(Illuminate/View/View))
#8 C:/xampp/htdocs/repo-tugas-web-app-website/KerjoSam/vendor/laravel/framework/src/Illuminate/Routing/Router.php(920): Illuminate/Http/Response->__construct(Object(Illuminate/View/View), 200, Array)
#9 C:/xampp/htdocs/repo-tugas-web-app-website/KerjoSam/vendor/laravel/framework/src/Illuminate/Routing/Router.php(887): Illuminate/Routing/Router::toResponse(Object(Illuminate/Http/Request), Object(Illuminate/View/View))
#10 C:/xampp/htdocs/repo-tugas-web-app-website/KerjoSam/vendor/laravel/framework/src/Illuminate/Routing/Router.php(807): Illuminate/Routing/Router->prepareResponse(Object(Illuminate/Http/Request), Object(Illuminate/View/View))
#11 C:/xampp/htdocs/repo-tugas-web-app-website/KerjoSam/vendor/laravel/framework/src/Illuminate/Pipeline/Pipeline.php(170): Illuminate/Routing/Router->Illuminate/Routing/{closure}(Object(Illuminate/Http/Request))
#12 C:/xampp/htdocs/repo-tugas-web-app-website/KerjoSam/vendor/laravel/framework/src/Illuminate/Routing/Middleware/SubstituteBindings.php(51): Illuminate/Pipeline/Pipeline->Illuminate/Pipeline/{closure}(Object(Illuminate/Http/Request))
#13 C:/xampp/htdocs/repo-tugas-web-app-website/KerjoSam/vendor/laravel/framework/src/Illuminate/Pipeline/Pipeline.php(209): Illuminate/Routing/Middleware/SubstituteBindings->handle(Object(Illuminate/Http/Request), Object(Closure))
#14 C:/xampp/htdocs/repo-tugas-web-app-website/KerjoSam/vendor/laravel/framework/src/Illuminate/Foundation/Http/Middleware/VerifyCsrfToken.php(88): Illuminate/Pipeline/Pipeline->Illuminate/Pipeline/{closure}(Object(Illuminate/Http/Request))
#15 C:/xampp/htdocs/repo-tugas-web-app-website/KerjoSam/vendor/laravel/framework/src/Illuminate/Pipeline/Pipeline.php(209): Illuminate/Foundation/Http/Middleware/VerifyCsrfToken->handle(Object(Illuminate/Http/Request), Object(Closure))
#16 C:/xampp/htdocs/repo-tugas-web-app-website/KerjoSam/vendor/laravel/framework/src/Illuminate/View/Middleware/ShareErrorsFromSession.php(49): Illuminate/Pipeline/Pipeline->Illuminate/Pipeline/{closure}(Object(Illuminate/Http/Request))
#17 C:/xampp/htdocs/repo-tugas-web-app-website/KerjoSam/vendor/laravel/framework/src/Illuminate/Pipeline/Pipeline.php(209): Illuminate/View/Middleware/ShareErrorsFromSession->handle(Object(Illuminate/Http/Request), Object(Closure))
#18 C:/xampp/htdocs/repo-tugas-web-app-website/KerjoSam/vendor/laravel/framework/src/Illuminate/Session/Middleware/StartSession.php(121): Illuminate/Pipeline/Pipeline->Illuminate/Pipeline/{closure}(Object(Illuminate/Http/Request))
#19 C:/xampp/htdocs/repo-tugas-web-app-website/KerjoSam/vendor/laravel/framework/src/Illuminate/Session/Middleware/StartSession.php(64): Illuminate/Session/Middleware/StartSession->handleStatefulRequest(Object(Illuminate/Http/Request), Object(Illuminate/Session/Store), Object(Closure))
#20 C:/xampp/htdocs/repo-tugas-web-app-website/KerjoSam/vendor/laravel/framework/src/Illuminate/Pipeline/Pipeline.php(209): Illuminate/Session/Middleware/StartSession->handle(Object(Illuminate/Http/Request), Object(Closure))
#21 C:/xampp/htdocs/repo-tugas-web-app-website/KerjoSam/vendor/laravel/framework/src/Illuminate/Cookie/Middleware/AddQueuedCookiesToResponse.php(37): Illuminate/Pipeline/Pipeline->Illuminate/Pipeline/{closure}(Object(Illuminate/Http/Request))
#22 C:/xampp/htdocs/repo-tugas-web-app-website/KerjoSam/vendor/laravel/framework/src/Illuminate/Pipeline/Pipeline.php(209): Illuminate/Cookie/Middleware/AddQueuedCookiesToResponse->handle(Object(Illuminate/Http/Request), Object(Closure))
#23 C:/xampp/htdocs/repo-tugas-web-app-website/KerjoSam/vendor/laravel/framework/src/Illuminate/Cookie/Middleware/EncryptCookies.php(75): Illuminate/Pipeline/Pipeline->Illuminate/Pipeline/{closure}(Object(Illuminate/Http/Request))
#24 C:/xampp/htdocs/repo-tugas-web-app-website/KerjoSam/vendor/laravel/framework/src/Illuminate/Pipeline/Pipeline.php(209): Illuminate/Cookie/Middleware/EncryptCookies->handle(Object(Illuminate/Http/Request), Object(Closure))
#25 C:/xampp/htdocs/repo-tugas-web-app-website/KerjoSam/vendor/laravel/framework/src/Illuminate/Pipeline/Pipeline.php(127): Illuminate/Pipeline/Pipeline->Illuminate/Pipeline/{closure}(Object(Illuminate/Http/Request))
#26 C:/xampp/htdocs/repo-tugas-web-app-website/KerjoSam/vendor/laravel/framework/src/Illuminate/Routing/Router.php(807): Illuminate/Pipeline/Pipeline->then(Object(Closure))
#27 C:/xampp/htdocs/repo-tugas-web-app-website/KerjoSam/vendor/laravel/framework/src/Illuminate/Routing/Router.php(786): Illuminate/Routing/Router->runRouteWithinStack(Object(Illuminate/Routing/Route), Object(Illuminate/Http/Request))
#28 C:/xampp/htdocs/repo-tugas-web-app-website/KerjoSam/vendor/laravel/framework/src/Illuminate/Routing/Router.php(750): Illuminate/Routing/Router->runRoute(Object(Illuminate/Http/Request), Object(Illuminate/Routing/Route))
#29 C:/xampp/htdocs/repo-tugas-web-app-website/KerjoSam/vendor/laravel/framework/src/Illuminate/Routing/Router.php(739): Illuminate/Routing/Router->dispatchToRoute(Object(Illuminate/Http/Request))
#30 C:/xampp/htdocs/repo-tugas-web-app-website/KerjoSam/vendor/laravel/framework/src/Illuminate/Foundation/Http/Kernel.php(201): Illuminate/Routing/Router->dispatch(Object(Illuminate/Http/Request))
#31 C:/xampp/htdocs/repo-tugas-web-app-website/KerjoSam/vendor/laravel/framework/src/Illuminate/Pipeline/Pipeline.php(170): Illuminate/Foundation/Http/Kernel->Illuminate/Foundation/Http/{closure}(Object(Illuminate/Http/Request))
#32 C:/xampp/htdocs/repo-tugas-web-app-website/KerjoSam/vendor/laravel/framework/src/Illuminate/Foundation/Http/Middleware/TransformsRequest.php(21): Illuminate/Pipeline/Pipeline->Illuminate/Pipeline/{closure}(Object(Illuminate/Http/Request))
#33 C:/xampp/htdocs/repo-tugas-web-app-website/KerjoSam/vendor/laravel/framework/src/Illuminate/Foundation/Http/Middleware/ConvertEmptyStringsToNull.php(31): Illuminate/Foundation/Http/Middleware/TransformsRequest->handle(Object(Illuminate/Http/Request), Object(Closure))
#34 C:/xampp/htdocs/repo-tugas-web-app-website/KerjoSam/vendor/laravel/framework/src/Illuminate/Pipeline/Pipeline.php(209): Illuminate/Foundation/Http/Middleware/ConvertEmptyStringsToNull->handle(Object(Illuminate/Http/Request), Object(Closure))
#35 C:/xampp/htdocs/repo-tugas-web-app-website/KerjoSam/vendor/laravel/framework/src/Illuminate/Foundation/Http/Middleware/TransformsRequest.php(21): Illuminate/Pipeline/Pipeline->Illuminate/Pipeline/{closure}(Object(Illuminate/Http/Request))
#36 C:/xampp/htdocs/repo-tugas-web-app-website/KerjoSam/vendor/laravel/framework/src/Illuminate/Foundation/Http/Middleware/TrimStrings.php(51): Illuminate/Foundation/Http/Middleware/TransformsRequest->handle(Object(Illuminate/Http/Request), Object(Closure))
#37 C:/xampp/htdocs/repo-tugas-web-app-website/KerjoSam/vendor/laravel/framework/src/Illuminate/Pipeline/Pipeline.php(209): Illuminate/Foundation/Http/Middleware/TrimStrings->handle(Object(Illuminate/Http/Request), Object(Closure))
#38 C:/xampp/htdocs/repo-tugas-web-app-website/KerjoSam/vendor/laravel/framework/src/Illuminate/Http/Middleware/ValidatePostSize.php(27): Illuminate/Pipeline/Pipeline->Illuminate/Pipeline/{closure}(Object(Illuminate/Http/Request))
#39 C:/xampp/htdocs/repo-tugas-web-app-website/KerjoSam/vendor/laravel/framework/src/Illuminate/Pipeline/Pipeline.php(209): Illuminate/Http/Middleware/ValidatePostSize->handle(Object(Illuminate/Http/Request), Object(Closure))
#40 C:/xampp/htdocs/repo-tugas-web-app-website/KerjoSam/vendor/laravel/framework/src/Illuminate/Foundation/Http/Middleware/PreventRequestsDuringMaintenance.php(110): Illuminate/Pipeline/Pipeline->Illuminate/Pipeline/{closure}(Object(Illuminate/Http/Request))
#41 C:/xampp/htdocs/repo-tugas-web-app-website/KerjoSam/vendor/laravel/framework/src/Illuminate/Pipeline/Pipeline.php(209): Illuminate/Foundation/Http/Middleware/PreventRequestsDuringMaintenance->handle(Object(Illuminate/Http/Request), Object(Closure))
#42 C:/xampp/htdocs/repo-tugas-web-app-website/KerjoSam/vendor/laravel/framework/src/Illuminate/Http/Middleware/HandleCors.php(49): Illuminate/Pipeline/Pipeline->Illuminate/Pipeline/{closure}(Object(Illuminate/Http/Request))
#43 C:/xampp/htdocs/repo-tugas-web-app-website/KerjoSam/vendor/laravel/framework/src/Illuminate/Pipeline/Pipeline.php(209): Illuminate/Http/Middleware/HandleCors->handle(Object(Illuminate/Http/Request), Object(Closure))
#44 C:/xampp/htdocs/repo-tugas-web-app-website/KerjoSam/vendor/laravel/framework/src/Illuminate/Http/Middleware/TrustProxies.php(58): Illuminate/Pipeline/Pipeline->Illuminate/Pipeline/{closure}(Object(Illuminate/Http/Request))
#45 C:/xampp/htdocs/repo-tugas-web-app-website/KerjoSam/vendor/laravel/framework/src/Illuminate/Pipeline/Pipeline.php(209): Illuminate/Http/Middleware/TrustProxies->handle(Object(Illuminate/Http/Request), Object(Closure))
#46 C:/xampp/htdocs/repo-tugas-web-app-website/KerjoSam/vendor/laravel/framework/src/Illuminate/Foundation/Http/Middleware/InvokeDeferredCallbacks.php(22): Illuminate/Pipeline/Pipeline->Illuminate/Pipeline/{closure}(Object(Illuminate/Http/Request))
#47 C:/xampp/htdocs/repo-tugas-web-app-website/KerjoSam/vendor/laravel/framework/src/Illuminate/Pipeline/Pipeline.php(209): Illuminate/Foundation/Http/Middleware/InvokeDeferredCallbacks->handle(Object(Illuminate/Http/Request), Object(Closure))
#48 C:/xampp/htdocs/repo-tugas-web-app-website/KerjoSam/vendor/laravel/framework/src/Illuminate/Pipeline/Pipeline.php(127): Illuminate/Pipeline/Pipeline->Illuminate/Pipeline/{closure}(Object(Illuminate/Http/Request))
#49 C:/xampp/htdocs/repo-tugas-web-app-website/KerjoSam/vendor/laravel/framework/src/Illuminate/Foundation/Http/Kernel.php(176): Illuminate/Pipeline/Pipeline->then(Object(Closure))
#50 C:/xampp/htdocs/repo-tugas-web-app-website/KerjoSam/vendor/laravel/framework/src/Illuminate/Foundation/Http/Kernel.php(145): Illuminate/Foundation/Http/Kernel->sendRequestThroughRouter(Object(Illuminate/Http/Request))
#51 C:/xampp/htdocs/repo-tugas-web-app-website/KerjoSam/vendor/laravel/framework/src/Illuminate/Foundation/Application.php(1220): Illuminate/Foundation/Http/Kernel->handle(Object(Illuminate/Http/Request))
#52 C:/xampp/htdocs/repo-tugas-web-app-website/KerjoSam/public/index.php(17): Illuminate/Foundation/Application->handleRequest(Object(Illuminate/Http/Request))
#53 C:/xampp/htdocs/repo-tugas-web-app-website/KerjoSam/vendor/laravel/framework/src/Illuminate/Foundation/resources/server.php(23): require_once('C://xampp//htdocs...')
#54 {main}
"} 
[2026-01-11 12:21:20] local.ERROR: The [pcntl] extension is required to run Pail. {"exception":"[object] (RuntimeException(code: 0): The [pcntl] extension is required to run Pail. at C:/xampp/htdocs/repo-tugas-web-app-website/KerjoSam/vendor/laravel/pail/src/Guards/EnsurePcntlIsAvailable.php:15)
[stacktrace]
#0 C:/xampp/htdocs/repo-tugas-web-app-website/KerjoSam/vendor/laravel/pail/src/Console/Commands/PailCommand.php(46): Laravel/Pail/Guards/EnsurePcntlIsAvailable::check()
#1 C:/xampp/htdocs/repo-tugas-web-app-website/KerjoSam/vendor/laravel/framework/src/Illuminate/Container/BoundMethod.php(36): Laravel/Pail/Console/Commands/PailCommand->handle(Object(Laravel/Pail/ProcessFactory))
#2 C:/xampp/htdocs/repo-tugas-web-app-website/KerjoSam/vendor/laravel/framework/src/Illuminate/Container/Util.php(43): Illuminate/Container/BoundMethod::Illuminate/Container/{closure}()
#3 C:/xampp/htdocs/repo-tugas-web-app-website/KerjoSam/vendor/laravel/framework/src/Illuminate/Container/BoundMethod.php(95): Illuminate/Container/Util::unwrapIfClosure(Object(Closure))
#4 C:/xampp/htdocs/repo-tugas-web-app-website/KerjoSam/vendor/laravel/framework/src/Illuminate/Container/BoundMethod.php(35): Illuminate/Container/BoundMethod::callBoundMethod(Object(Illuminate/Foundation/Application), Array, Object(Closure))
#5 C:/xampp/htdocs/repo-tugas-web-app-website/KerjoSam/vendor/laravel/framework/src/Illuminate/Container/Container.php(696): Illuminate/Container/BoundMethod::call(Object(Illuminate/Foundation/Application), Array, Array, NULL)
#6 C:/xampp/htdocs/repo-tugas-web-app-website/KerjoSam/vendor/laravel/framework/src/Illuminate/Console/Command.php(213): Illuminate/Container/Container->call(Array)
#7 C:/xampp/htdocs/repo-tugas-web-app-website/KerjoSam/vendor/symfony/console/Command/Command.php(341): Illuminate/Console/Command->execute(Object(Symfony/Component/Console/Input/ArgvInput), Object(Illuminate/Console/OutputStyle))
#8 C:/xampp/htdocs/repo-tugas-web-app-website/KerjoSam/vendor/laravel/framework/src/Illuminate/Console/Command.php(182): Symfony/Component/Console/Command/Command->run(Object(Symfony/Component/Console/Input/ArgvInput), Object(Illuminate/Console/OutputStyle))
#9 C:/xampp/htdocs/repo-tugas-web-app-website/KerjoSam/vendor/symfony/console/Application.php(1102): Illuminate/Console/Command->run(Object(Symfony/Component/Console/Input/ArgvInput), Object(Symfony/Component/Console/Output/ConsoleOutput))
#10 C:/xampp/htdocs/repo-tugas-web-app-website/KerjoSam/vendor/symfony/console/Application.php(356): Symfony/Component/Console/Application->doRunCommand(Object(Laravel/Pail/Console/Commands/PailCommand), Object(Symfony/Component/Console/Input/ArgvInput), Object(Symfony/Component/Console/Output/ConsoleOutput))
#11 C:/xampp/htdocs/repo-tugas-web-app-website/KerjoSam/vendor/symfony/console/Application.php(195): Symfony/Component/Console/Application->doRun(Object(Symfony/Component/Console/Input/ArgvInput), Object(Symfony/Component/Console/Output/ConsoleOutput))
#12 C:/xampp/htdocs/repo-tugas-web-app-website/KerjoSam/vendor/laravel/framework/src/Illuminate/Foundation/Console/Kernel.php(198): Symfony/Component/Console/Application->run(Object(Symfony/Component/Console/Input/ArgvInput), Object(Symfony/Component/Console/Output/ConsoleOutput))
#13 C:/xampp/htdocs/repo-tugas-web-app-website/KerjoSam/vendor/laravel/framework/src/Illuminate/Foundation/Application.php(1235): Illuminate/Foundation/Console/Kernel->handle(Object(Symfony/Component/Console/Input/ArgvInput), Object(Symfony/Component/Console/Output/ConsoleOutput))
#14 C:/xampp/htdocs/repo-tugas-web-app-website/KerjoSam/artisan(13): Illuminate/Foundation/Application->handleCommand(Object(Symfony/Component/Console/Input/ArgvInput))
#15 {main}
"} 
[2026-01-12 03:06:53] local.ERROR: View [about] not found. {"userId":1,"exception":"[object] (InvalidArgumentException(code: 0): View [about] not found. at C:/xampp/htdocs/repo-tugas-web-app-website/KerjoSam/vendor/laravel/framework/src/Illuminate/View/FileViewFinder.php:139)
[stacktrace]
#0 C:/xampp/htdocs/repo-tugas-web-app-website/KerjoSam/vendor/laravel/framework/src/Illuminate/View/FileViewFinder.php(79): Illuminate/View/FileViewFinder->findInPaths('about', Array)
#1 C:/xampp/htdocs/repo-tugas-web-app-website/KerjoSam/vendor/laravel/framework/src/Illuminate/View/Factory.php(151): Illuminate/View/FileViewFinder->find('about')
#2 C:/xampp/htdocs/repo-tugas-web-app-website/KerjoSam/vendor/laravel/framework/src/Illuminate/Foundation/helpers.php(1062): Illuminate/View/Factory->make('about', Array, Array)
#3 C:/xampp/htdocs/repo-tugas-web-app-website/KerjoSam/app/Http/Controllers/AboutController.php(11): view('about')
#4 C:/xampp/htdocs/repo-tugas-web-app-website/KerjoSam/vendor/laravel/framework/src/Illuminate/Routing/ControllerDispatcher.php(47): App/Http/Controllers/AboutController->index()
#5 C:/xampp/htdocs/repo-tugas-web-app-website/KerjoSam/vendor/laravel/framework/src/Illuminate/Routing/Route.php(266): Illuminate/Routing/ControllerDispatcher->dispatch(Object(Illuminate/Routing/Route), Object(App/Http/Controllers/AboutController), 'index')
#6 C:/xampp/htdocs/repo-tugas-web-app-website/KerjoSam/vendor/laravel/framework/src/Illuminate/Routing/Route.php(212): Illuminate/Routing/Route->runController()
#7 C:/xampp/htdocs/repo-tugas-web-app-website/KerjoSam/vendor/laravel/framework/src/Illuminate/Routing/Router.php(808): Illuminate/Routing/Route->run()
#8 C:/xampp/htdocs/repo-tugas-web-app-website/KerjoSam/vendor/laravel/framework/src/Illuminate/Pipeline/Pipeline.php(170): Illuminate/Routing/Router->Illuminate/Routing/{closure}(Object(Illuminate/Http/Request))
#9 C:/xampp/htdocs/repo-tugas-web-app-website/KerjoSam/vendor/laravel/framework/src/Illuminate/Routing/Middleware/SubstituteBindings.php(51): Illuminate/Pipeline/Pipeline->Illuminate/Pipeline/{closure}(Object(Illuminate/Http/Request))
#10 C:/xampp/htdocs/repo-tugas-web-app-website/KerjoSam/vendor/laravel/framework/src/Illuminate/Pipeline/Pipeline.php(209): Illuminate/Routing/Middleware/SubstituteBindings->handle(Object(Illuminate/Http/Request), Object(Closure))
#11 C:/xampp/htdocs/repo-tugas-web-app-website/KerjoSam/vendor/laravel/framework/src/Illuminate/Foundation/Http/Middleware/VerifyCsrfToken.php(88): Illuminate/Pipeline/Pipeline->Illuminate/Pipeline/{closure}(Object(Illuminate/Http/Request))
#12 C:/xampp/htdocs/repo-tugas-web-app-website/KerjoSam/vendor/laravel/framework/src/Illuminate/Pipeline/Pipeline.php(209): Illuminate/Foundation/Http/Middleware/VerifyCsrfToken->handle(Object(Illuminate/Http/Request), Object(Closure))
#13 C:/xampp/htdocs/repo-tugas-web-app-website/KerjoSam/vendor/laravel/framework/src/Illuminate/View/Middleware/ShareErrorsFromSession.php(49): Illuminate/Pipeline/Pipeline->Illuminate/Pipeline/{closure}(Object(Illuminate/Http/Request))
#14 C:/xampp/htdocs/repo-tugas-web-app-website/KerjoSam/vendor/laravel/framework/src/Illuminate/Pipeline/Pipeline.php(209): Illuminate/View/Middleware/ShareErrorsFromSession->handle(Object(Illuminate/Http/Request), Object(Closure))
#15 C:/xampp/htdocs/repo-tugas-web-app-website/KerjoSam/vendor/laravel/framework/src/Illuminate/Session/Middleware/StartSession.php(121): Illuminate/Pipeline/Pipeline->Illuminate/Pipeline/{closure}(Object(Illuminate/Http/Request))
#16 C:/xampp/htdocs/repo-tugas-web-app-website/KerjoSam/vendor/laravel/framework/src/Illuminate/Session/Middleware/StartSession.php(64): Illuminate/Session/Middleware/StartSession->handleStatefulRequest(Object(Illuminate/Http/Request), Object(Illuminate/Session/Store), Object(Closure))
#17 C:/xampp/htdocs/repo-tugas-web-app-website/KerjoSam/vendor/laravel/framework/src/Illuminate/Pipeline/Pipeline.php(209): Illuminate/Session/Middleware/StartSession->handle(Object(Illuminate/Http/Request), Object(Closure))
#18 C:/xampp/htdocs/repo-tugas-web-app-website/KerjoSam/vendor/laravel/framework/src/Illuminate/Cookie/Middleware/AddQueuedCookiesToResponse.php(37): Illuminate/Pipeline/Pipeline->Illuminate/Pipeline/{closure}(Object(Illuminate/Http/Request))
#19 C:/xampp/htdocs/repo-tugas-web-app-website/KerjoSam/vendor/laravel/framework/src/Illuminate/Pipeline/Pipeline.php(209): Illuminate/Cookie/Middleware/AddQueuedCookiesToResponse->handle(Object(Illuminate/Http/Request), Object(Closure))
#20 C:/xampp/htdocs/repo-tugas-web-app-website/KerjoSam/vendor/laravel/framework/src/Illuminate/Cookie/Middleware/EncryptCookies.php(75): Illuminate/Pipeline/Pipeline->Illuminate/Pipeline/{closure}(Object(Illuminate/Http/Request))
#21 C:/xampp/htdocs/repo-tugas-web-app-website/KerjoSam/vendor/laravel/framework/src/Illuminate/Pipeline/Pipeline.php(209): Illuminate/Cookie/Middleware/EncryptCookies->handle(Object(Illuminate/Http/Request), Object(Closure))
#22 C:/xampp/htdocs/repo-tugas-web-app-website/KerjoSam/vendor/laravel/framework/src/Illuminate/Pipeline/Pipeline.php(127): Illuminate/Pipeline/Pipeline->Illuminate/Pipeline/{closure}(Object(Illuminate/Http/Request))
#23 C:/xampp/htdocs/repo-tugas-web-app-website/KerjoSam/vendor/laravel/framework/src/Illuminate/Routing/Router.php(807): Illuminate/Pipeline/Pipeline->then(Object(Closure))
#24 C:/xampp/htdocs/repo-tugas-web-app-website/KerjoSam/vendor/laravel/framework/src/Illuminate/Routing/Router.php(786): Illuminate/Routing/Router->runRouteWithinStack(Object(Illuminate/Routing/Route), Object(Illuminate/Http/Request))
#25 C:/xampp/htdocs/repo-tugas-web-app-website/KerjoSam/vendor/laravel/framework/src/Illuminate/Routing/Router.php(750): Illuminate/Routing/Router->runRoute(Object(Illuminate/Http/Request), Object(Illuminate/Routing/Route))
#26 C:/xampp/htdocs/repo-tugas-web-app-website/KerjoSam/vendor/laravel/framework/src/Illuminate/Routing/Router.php(739): Illuminate/Routing/Router->dispatchToRoute(Object(Illuminate/Http/Request))
#27 C:/xampp/htdocs/repo-tugas-web-app-website/KerjoSam/vendor/laravel/framework/src/Illuminate/Foundation/Http/Kernel.php(201): Illuminate/Routing/Router->dispatch(Object(Illuminate/Http/Request))
#28 C:/xampp/htdocs/repo-tugas-web-app-website/KerjoSam/vendor/laravel/framework/src/Illuminate/Pipeline/Pipeline.php(170): Illuminate/Foundation/Http/Kernel->Illuminate/Foundation/Http/{closure}(Object(Illuminate/Http/Request))
#29 C:/xampp/htdocs/repo-tugas-web-app-website/KerjoSam/vendor/laravel/framework/src/Illuminate/Foundation/Http/Middleware/TransformsRequest.php(21): Illuminate/Pipeline/Pipeline->Illuminate/Pipeline/{closure}(Object(Illuminate/Http/Request))
#30 C:/xampp/htdocs/repo-tugas-web-app-website/KerjoSam/vendor/laravel/framework/src/Illuminate/Foundation/Http/Middleware/ConvertEmptyStringsToNull.php(31): Illuminate/Foundation/Http/Middleware/TransformsRequest->handle(Object(Illuminate/Http/Request), Object(Closure))
#31 C:/xampp/htdocs/repo-tugas-web-app-website/KerjoSam/vendor/laravel/framework/src/Illuminate/Pipeline/Pipeline.php(209): Illuminate/Foundation/Http/Middleware/ConvertEmptyStringsToNull->handle(Object(Illuminate/Http/Request), Object(Closure))
#32 C:/xampp/htdocs/repo-tugas-web-app-website/KerjoSam/vendor/laravel/framework/src/Illuminate/Foundation/Http/Middleware/TransformsRequest.php(21): Illuminate/Pipeline/Pipeline->Illuminate/Pipeline/{closure}(Object(Illuminate/Http/Request))
#33 C:/xampp/htdocs/repo-tugas-web-app-website/KerjoSam/vendor/laravel/framework/src/Illuminate/Foundation/Http/Middleware/TrimStrings.php(51): Illuminate/Foundation/Http/Middleware/TransformsRequest->handle(Object(Illuminate/Http/Request), Object(Closure))
#34 C:/xampp/htdocs/repo-tugas-web-app-website/KerjoSam/vendor/laravel/framework/src/Illuminate/Pipeline/Pipeline.php(209): Illuminate/Foundation/Http/Middleware/TrimStrings->handle(Object(Illuminate/Http/Request), Object(Closure))
#35 C:/xampp/htdocs/repo-tugas-web-app-website/KerjoSam/vendor/laravel/framework/src/Illuminate/Http/Middleware/ValidatePostSize.php(27): Illuminate/Pipeline/Pipeline->Illuminate/Pipeline/{closure}(Object(Illuminate/Http/Request))
#36 C:/xampp/htdocs/repo-tugas-web-app-website/KerjoSam/vendor/laravel/framework/src/Illuminate/Pipeline/Pipeline.php(209): Illuminate/Http/Middleware/ValidatePostSize->handle(Object(Illuminate/Http/Request), Object(Closure))
#37 C:/xampp/htdocs/repo-tugas-web-app-website/KerjoSam/vendor/laravel/framework/src/Illuminate/Foundation/Http/Middleware/PreventRequestsDuringMaintenance.php(110): Illuminate/Pipeline/Pipeline->Illuminate/Pipeline/{closure}(Object(Illuminate/Http/Request))
#38 C:/xampp/htdocs/repo-tugas-web-app-website/KerjoSam/vendor/laravel/framework/src/Illuminate/Pipeline/Pipeline.php(209): Illuminate/Foundation/Http/Middleware/PreventRequestsDuringMaintenance->handle(Object(Illuminate/Http/Request), Object(Closure))
#39 C:/xampp/htdocs/repo-tugas-web-app-website/KerjoSam/vendor/laravel/framework/src/Illuminate/Http/Middleware/HandleCors.php(49): Illuminate/Pipeline/Pipeline->Illuminate/Pipeline/{closure}(Object(Illuminate/Http/Request))
#40 C:/xampp/htdocs/repo-tugas-web-app-website/KerjoSam/vendor/laravel/framework/src/Illuminate/Pipeline/Pipeline.php(209): Illuminate/Http/Middleware/HandleCors->handle(Object(Illuminate/Http/Request), Object(Closure))
#41 C:/xampp/htdocs/repo-tugas-web-app-website/KerjoSam/vendor/laravel/framework/src/Illuminate/Http/Middleware/TrustProxies.php(58): Illuminate/Pipeline/Pipeline->Illuminate/Pipeline/{closure}(Object(Illuminate/Http/Request))
#42 C:/xampp/htdocs/repo-tugas-web-app-website/KerjoSam/vendor/laravel/framework/src/Illuminate/Pipeline/Pipeline.php(209): Illuminate/Http/Middleware/TrustProxies->handle(Object(Illuminate/Http/Request), Object(Closure))
#43 C:/xampp/htdocs/repo-tugas-web-app-website/KerjoSam/vendor/laravel/framework/src/Illuminate/Foundation/Http/Middleware/InvokeDeferredCallbacks.php(22): Illuminate/Pipeline/Pipeline->Illuminate/Pipeline/{closure}(Object(Illuminate/Http/Request))
#44 C:/xampp/htdocs/repo-tugas-web-app-website/KerjoSam/vendor/laravel/framework/src/Illuminate/Pipeline/Pipeline.php(209): Illuminate/Foundation/Http/Middleware/InvokeDeferredCallbacks->handle(Object(Illuminate/Http/Request), Object(Closure))
#45 C:/xampp/htdocs/repo-tugas-web-app-website/KerjoSam/vendor/laravel/framework/src/Illuminate/Pipeline/Pipeline.php(127): Illuminate/Pipeline/Pipeline->Illuminate/Pipeline/{closure}(Object(Illuminate/Http/Request))
#46 C:/xampp/htdocs/repo-tugas-web-app-website/KerjoSam/vendor/laravel/framework/src/Illuminate/Foundation/Http/Kernel.php(176): Illuminate/Pipeline/Pipeline->then(Object(Closure))
#47 C:/xampp/htdocs/repo-tugas-web-app-website/KerjoSam/vendor/laravel/framework/src/Illuminate/Foundation/Http/Kernel.php(145): Illuminate/Foundation/Http/Kernel->sendRequestThroughRouter(Object(Illuminate/Http/Request))
#48 C:/xampp/htdocs/repo-tugas-web-app-website/KerjoSam/vendor/laravel/framework/src/Illuminate/Foundation/Application.php(1220): Illuminate/Foundation/Http/Kernel->handle(Object(Illuminate/Http/Request))
#49 C:/xampp/htdocs/repo-tugas-web-app-website/KerjoSam/public/index.php(17): Illuminate/Foundation/Application->handleRequest(Object(Illuminate/Http/Request))
#50 C:/xampp/htdocs/repo-tugas-web-app-website/KerjoSam/vendor/laravel/framework/src/Illuminate/Foundation/resources/server.php(23): require_once('C://xampp//htdocs...')
#51 {main}
"} 
[2026-01-13 14:03:15] local.ERROR: View [profileuser] not found. {"exception":"[object] (InvalidArgumentException(code: 0): View [profileuser] not found. at E:/repo-tugas-web-app-website/kerjosam/vendor/laravel/framework/src/Illuminate/View/FileViewFinder.php:139)
[stacktrace]
#0 E:/repo-tugas-web-app-website/kerjosam/vendor/laravel/framework/src/Illuminate/View/FileViewFinder.php(79): Illuminate/View/FileViewFinder->findInPaths('profileuser', Array)
#1 E:/repo-tugas-web-app-website/kerjosam/vendor/laravel/framework/src/Illuminate/View/Factory.php(151): Illuminate/View/FileViewFinder->find('profileuser')
#2 E:/repo-tugas-web-app-website/kerjosam/vendor/laravel/framework/src/Illuminate/Foundation/helpers.php(1062): Illuminate/View/Factory->make('profileuser', Array, Array)
#3 E:/repo-tugas-web-app-website/kerjosam/routes/web.php(37): view('profileuser')
#4 E:/repo-tugas-web-app-website/kerjosam/vendor/laravel/framework/src/Illuminate/Routing/CallableDispatcher.php(40): Illuminate/Routing/RouteFileRegistrar->{closure}()
#5 E:/repo-tugas-web-app-website/kerjosam/vendor/laravel/framework/src/Illuminate/Routing/Route.php(244): Illuminate/Routing/CallableDispatcher->dispatch(Object(Illuminate/Routing/Route), Object(Closure))
#6 E:/repo-tugas-web-app-website/kerjosam/vendor/laravel/framework/src/Illuminate/Routing/Route.php(215): Illuminate/Routing/Route->runCallable()
#7 E:/repo-tugas-web-app-website/kerjosam/vendor/laravel/framework/src/Illuminate/Routing/Router.php(808): Illuminate/Routing/Route->run()
#8 E:/repo-tugas-web-app-website/kerjosam/vendor/laravel/framework/src/Illuminate/Pipeline/Pipeline.php(170): Illuminate/Routing/Router->Illuminate/Routing/{closure}(Object(Illuminate/Http/Request))
#9 E:/repo-tugas-web-app-website/kerjosam/vendor/laravel/framework/src/Illuminate/Routing/Middleware/SubstituteBindings.php(51): Illuminate/Pipeline/Pipeline->Illuminate/Pipeline/{closure}(Object(Illuminate/Http/Request))
#10 E:/repo-tugas-web-app-website/kerjosam/vendor/laravel/framework/src/Illuminate/Pipeline/Pipeline.php(209): Illuminate/Routing/Middleware/SubstituteBindings->handle(Object(Illuminate/Http/Request), Object(Closure))
#11 E:/repo-tugas-web-app-website/kerjosam/vendor/laravel/framework/src/Illuminate/Foundation/Http/Middleware/VerifyCsrfToken.php(88): Illuminate/Pipeline/Pipeline->Illuminate/Pipeline/{closure}(Object(Illuminate/Http/Request))
#12 E:/repo-tugas-web-app-website/kerjosam/vendor/laravel/framework/src/Illuminate/Pipeline/Pipeline.php(209): Illuminate/Foundation/Http/Middleware/VerifyCsrfToken->handle(Object(Illuminate/Http/Request), Object(Closure))
#13 E:/repo-tugas-web-app-website/kerjosam/vendor/laravel/framework/src/Illuminate/View/Middleware/ShareErrorsFromSession.php(49): Illuminate/Pipeline/Pipeline->Illuminate/Pipeline/{closure}(Object(Illuminate/Http/Request))
#14 E:/repo-tugas-web-app-website/kerjosam/vendor/laravel/framework/src/Illuminate/Pipeline/Pipeline.php(209): Illuminate/View/Middleware/ShareErrorsFromSession->handle(Object(Illuminate/Http/Request), Object(Closure))
#15 E:/repo-tugas-web-app-website/kerjosam/vendor/laravel/framework/src/Illuminate/Session/Middleware/StartSession.php(121): Illuminate/Pipeline/Pipeline->Illuminate/Pipeline/{closure}(Object(Illuminate/Http/Request))
#16 E:/repo-tugas-web-app-website/kerjosam/vendor/laravel/framework/src/Illuminate/Session/Middleware/StartSession.php(64): Illuminate/Session/Middleware/StartSession->handleStatefulRequest(Object(Illuminate/Http/Request), Object(Illuminate/Session/Store), Object(Closure))
#17 E:/repo-tugas-web-app-website/kerjosam/vendor/laravel/framework/src/Illuminate/Pipeline/Pipeline.php(209): Illuminate/Session/Middleware/StartSession->handle(Object(Illuminate/Http/Request), Object(Closure))
#18 E:/repo-tugas-web-app-website/kerjosam/vendor/laravel/framework/src/Illuminate/Cookie/Middleware/AddQueuedCookiesToResponse.php(37): Illuminate/Pipeline/Pipeline->Illuminate/Pipeline/{closure}(Object(Illuminate/Http/Request))
#19 E:/repo-tugas-web-app-website/kerjosam/vendor/laravel/framework/src/Illuminate/Pipeline/Pipeline.php(209): Illuminate/Cookie/Middleware/AddQueuedCookiesToResponse->handle(Object(Illuminate/Http/Request), Object(Closure))
#20 E:/repo-tugas-web-app-website/kerjosam/vendor/laravel/framework/src/Illuminate/Cookie/Middleware/EncryptCookies.php(75): Illuminate/Pipeline/Pipeline->Illuminate/Pipeline/{closure}(Object(Illuminate/Http/Request))
#21 E:/repo-tugas-web-app-website/kerjosam/vendor/laravel/framework/src/Illuminate/Pipeline/Pipeline.php(209): Illuminate/Cookie/Middleware/EncryptCookies->handle(Object(Illuminate/Http/Request), Object(Closure))
#22 E:/repo-tugas-web-app-website/kerjosam/vendor/laravel/framework/src/Illuminate/Pipeline/Pipeline.php(127): Illuminate/Pipeline/Pipeline->Illuminate/Pipeline/{closure}(Object(Illuminate/Http/Request))
#23 E:/repo-tugas-web-app-website/kerjosam/vendor/laravel/framework/src/Illuminate/Routing/Router.php(807): Illuminate/Pipeline/Pipeline->then(Object(Closure))
#24 E:/repo-tugas-web-app-website/kerjosam/vendor/laravel/framework/src/Illuminate/Routing/Router.php(786): Illuminate/Routing/Router->runRouteWithinStack(Object(Illuminate/Routing/Route), Object(Illuminate/Http/Request))
#25 E:/repo-tugas-web-app-website/kerjosam/vendor/laravel/framework/src/Illuminate/Routing/Router.php(750): Illuminate/Routing/Router->runRoute(Object(Illuminate/Http/Request), Object(Illuminate/Routing/Route))
#26 E:/repo-tugas-web-app-website/kerjosam/vendor/laravel/framework/src/Illuminate/Routing/Router.php(739): Illuminate/Routing/Router->dispatchToRoute(Object(Illuminate/Http/Request))
#27 E:/repo-tugas-web-app-website/kerjosam/vendor/laravel/framework/src/Illuminate/Foundation/Http/Kernel.php(201): Illuminate/Routing/Router->dispatch(Object(Illuminate/Http/Request))
#28 E:/repo-tugas-web-app-website/kerjosam/vendor/laravel/framework/src/Illuminate/Pipeline/Pipeline.php(170): Illuminate/Foundation/Http/Kernel->Illuminate/Foundation/Http/{closure}(Object(Illuminate/Http/Request))
#29 E:/repo-tugas-web-app-website/kerjosam/vendor/laravel/framework/src/Illuminate/Foundation/Http/Middleware/TransformsRequest.php(21): Illuminate/Pipeline/Pipeline->Illuminate/Pipeline/{closure}(Object(Illuminate/Http/Request))
#30 E:/repo-tugas-web-app-website/kerjosam/vendor/laravel/framework/src/Illuminate/Foundation/Http/Middleware/ConvertEmptyStringsToNull.php(31): Illuminate/Foundation/Http/Middleware/TransformsRequest->handle(Object(Illuminate/Http/Request), Object(Closure))
#31 E:/repo-tugas-web-app-website/kerjosam/vendor/laravel/framework/src/Illuminate/Pipeline/Pipeline.php(209): Illuminate/Foundation/Http/Middleware/ConvertEmptyStringsToNull->handle(Object(Illuminate/Http/Request), Object(Closure))
#32 E:/repo-tugas-web-app-website/kerjosam/vendor/laravel/framework/src/Illuminate/Foundation/Http/Middleware/TransformsRequest.php(21): Illuminate/Pipeline/Pipeline->Illuminate/Pipeline/{closure}(Object(Illuminate/Http/Request))
#33 E:/repo-tugas-web-app-website/kerjosam/vendor/laravel/framework/src/Illuminate/Foundation/Http/Middleware/TrimStrings.php(51): Illuminate/Foundation/Http/Middleware/TransformsRequest->handle(Object(Illuminate/Http/Request), Object(Closure))
#34 E:/repo-tugas-web-app-website/kerjosam/vendor/laravel/framework/src/Illuminate/Pipeline/Pipeline.php(209): Illuminate/Foundation/Http/Middleware/TrimStrings->handle(Object(Illuminate/Http/Request), Object(Closure))
#35 E:/repo-tugas-web-app-website/kerjosam/vendor/laravel/framework/src/Illuminate/Http/Middleware/ValidatePostSize.php(27): Illuminate/Pipeline/Pipeline->Illuminate/Pipeline/{closure}(Object(Illuminate/Http/Request))
#36 E:/repo-tugas-web-app-website/kerjosam/vendor/laravel/framework/src/Illuminate/Pipeline/Pipeline.php(209): Illuminate/Http/Middleware/ValidatePostSize->handle(Object(Illuminate/Http/Request), Object(Closure))
#37 E:/repo-tugas-web-app-website/kerjosam/vendor/laravel/framework/src/Illuminate/Foundation/Http/Middleware/PreventRequestsDuringMaintenance.php(110): Illuminate/Pipeline/Pipeline->Illuminate/Pipeline/{closure}(Object(Illuminate/Http/Request))
#38 E:/repo-tugas-web-app-website/kerjosam/vendor/laravel/framework/src/Illuminate/Pipeline/Pipeline.php(209): Illuminate/Foundation/Http/Middleware/PreventRequestsDuringMaintenance->handle(Object(Illuminate/Http/Request), Object(Closure))
#39 E:/repo-tugas-web-app-website/kerjosam/vendor/laravel/framework/src/Illuminate/Http/Middleware/HandleCors.php(49): Illuminate/Pipeline/Pipeline->Illuminate/Pipeline/{closure}(Object(Illuminate/Http/Request))
#40 E:/repo-tugas-web-app-website/kerjosam/vendor/laravel/framework/src/Illuminate/Pipeline/Pipeline.php(209): Illuminate/Http/Middleware/HandleCors->handle(Object(Illuminate/Http/Request), Object(Closure))
#41 E:/repo-tugas-web-app-website/kerjosam/vendor/laravel/framework/src/Illuminate/Http/Middleware/TrustProxies.php(58): Illuminate/Pipeline/Pipeline->Illuminate/Pipeline/{closure}(Object(Illuminate/Http/Request))
#42 E:/repo-tugas-web-app-website/kerjosam/vendor/laravel/framework/src/Illuminate/Pipeline/Pipeline.php(209): Illuminate/Http/Middleware/TrustProxies->handle(Object(Illuminate/Http/Request), Object(Closure))
#43 E:/repo-tugas-web-app-website/kerjosam/vendor/laravel/framework/src/Illuminate/Foundation/Http/Middleware/InvokeDeferredCallbacks.php(22): Illuminate/Pipeline/Pipeline->Illuminate/Pipeline/{closure}(Object(Illuminate/Http/Request))
#44 E:/repo-tugas-web-app-website/kerjosam/vendor/laravel/framework/src/Illuminate/Pipeline/Pipeline.php(209): Illuminate/Foundation/Http/Middleware/InvokeDeferredCallbacks->handle(Object(Illuminate/Http/Request), Object(Closure))
#45 E:/repo-tugas-web-app-website/kerjosam/vendor/laravel/framework/src/Illuminate/Pipeline/Pipeline.php(127): Illuminate/Pipeline/Pipeline->Illuminate/Pipeline/{closure}(Object(Illuminate/Http/Request))
#46 E:/repo-tugas-web-app-website/kerjosam/vendor/laravel/framework/src/Illuminate/Foundation/Http/Kernel.php(176): Illuminate/Pipeline/Pipeline->then(Object(Closure))
#47 E:/repo-tugas-web-app-website/kerjosam/vendor/laravel/framework/src/Illuminate/Foundation/Http/Kernel.php(145): Illuminate/Foundation/Http/Kernel->sendRequestThroughRouter(Object(Illuminate/Http/Request))
#48 E:/repo-tugas-web-app-website/kerjosam/vendor/laravel/framework/src/Illuminate/Foundation/Application.php(1220): Illuminate/Foundation/Http/Kernel->handle(Object(Illuminate/Http/Request))
#49 E:/repo-tugas-web-app-website/kerjosam/public/index.php(17): Illuminate/Foundation/Application->handleRequest(Object(Illuminate/Http/Request))
#50 E:/repo-tugas-web-app-website/kerjosam/vendor/laravel/framework/src/Illuminate/Foundation/resources/server.php(23): require_once('E://repo-tugas-w...')
#51 {main}
"} 
[2026-01-13 14:05:26] local.ERROR: View [profileuser] not found. {"exception":"[object] (InvalidArgumentException(code: 0): View [profileuser] not found. at E:/repo-tugas-web-app-website/kerjosam/vendor/laravel/framework/src/Illuminate/View/FileViewFinder.php:139)
[stacktrace]
#0 E:/repo-tugas-web-app-website/kerjosam/vendor/laravel/framework/src/Illuminate/View/FileViewFinder.php(79): Illuminate/View/FileViewFinder->findInPaths('profileuser', Array)
#1 E:/repo-tugas-web-app-website/kerjosam/vendor/laravel/framework/src/Illuminate/View/Factory.php(151): Illuminate/View/FileViewFinder->find('profileuser')
#2 E:/repo-tugas-web-app-website/kerjosam/vendor/laravel/framework/src/Illuminate/Foundation/helpers.php(1062): Illuminate/View/Factory->make('profileuser', Array, Array)
#3 E:/repo-tugas-web-app-website/kerjosam/routes/web.php(37): view('profileuser')
#4 E:/repo-tugas-web-app-website/kerjosam/vendor/laravel/framework/src/Illuminate/Routing/CallableDispatcher.php(40): Illuminate/Routing/RouteFileRegistrar->{closure}()
#5 E:/repo-tugas-web-app-website/kerjosam/vendor/laravel/framework/src/Illuminate/Routing/Route.php(244): Illuminate/Routing/CallableDispatcher->dispatch(Object(Illuminate/Routing/Route), Object(Closure))
#6 E:/repo-tugas-web-app-website/kerjosam/vendor/laravel/framework/src/Illuminate/Routing/Route.php(215): Illuminate/Routing/Route->runCallable()
#7 E:/repo-tugas-web-app-website/kerjosam/vendor/laravel/framework/src/Illuminate/Routing/Router.php(808): Illuminate/Routing/Route->run()
#8 E:/repo-tugas-web-app-website/kerjosam/vendor/laravel/framework/src/Illuminate/Pipeline/Pipeline.php(170): Illuminate/Routing/Router->Illuminate/Routing/{closure}(Object(Illuminate/Http/Request))
#9 E:/repo-tugas-web-app-website/kerjosam/vendor/laravel/framework/src/Illuminate/Routing/Middleware/SubstituteBindings.php(51): Illuminate/Pipeline/Pipeline->Illuminate/Pipeline/{closure}(Object(Illuminate/Http/Request))
#10 E:/repo-tugas-web-app-website/kerjosam/vendor/laravel/framework/src/Illuminate/Pipeline/Pipeline.php(209): Illuminate/Routing/Middleware/SubstituteBindings->handle(Object(Illuminate/Http/Request), Object(Closure))
#11 E:/repo-tugas-web-app-website/kerjosam/vendor/laravel/framework/src/Illuminate/Foundation/Http/Middleware/VerifyCsrfToken.php(88): Illuminate/Pipeline/Pipeline->Illuminate/Pipeline/{closure}(Object(Illuminate/Http/Request))
#12 E:/repo-tugas-web-app-website/kerjosam/vendor/laravel/framework/src/Illuminate/Pipeline/Pipeline.php(209): Illuminate/Foundation/Http/Middleware/VerifyCsrfToken->handle(Object(Illuminate/Http/Request), Object(Closure))
#13 E:/repo-tugas-web-app-website/kerjosam/vendor/laravel/framework/src/Illuminate/View/Middleware/ShareErrorsFromSession.php(49): Illuminate/Pipeline/Pipeline->Illuminate/Pipeline/{closure}(Object(Illuminate/Http/Request))
#14 E:/repo-tugas-web-app-website/kerjosam/vendor/laravel/framework/src/Illuminate/Pipeline/Pipeline.php(209): Illuminate/View/Middleware/ShareErrorsFromSession->handle(Object(Illuminate/Http/Request), Object(Closure))
#15 E:/repo-tugas-web-app-website/kerjosam/vendor/laravel/framework/src/Illuminate/Session/Middleware/StartSession.php(121): Illuminate/Pipeline/Pipeline->Illuminate/Pipeline/{closure}(Object(Illuminate/Http/Request))
#16 E:/repo-tugas-web-app-website/kerjosam/vendor/laravel/framework/src/Illuminate/Session/Middleware/StartSession.php(64): Illuminate/Session/Middleware/StartSession->handleStatefulRequest(Object(Illuminate/Http/Request), Object(Illuminate/Session/Store), Object(Closure))
#17 E:/repo-tugas-web-app-website/kerjosam/vendor/laravel/framework/src/Illuminate/Pipeline/Pipeline.php(209): Illuminate/Session/Middleware/StartSession->handle(Object(Illuminate/Http/Request), Object(Closure))
#18 E:/repo-tugas-web-app-website/kerjosam/vendor/laravel/framework/src/Illuminate/Cookie/Middleware/AddQueuedCookiesToResponse.php(37): Illuminate/Pipeline/Pipeline->Illuminate/Pipeline/{closure}(Object(Illuminate/Http/Request))
#19 E:/repo-tugas-web-app-website/kerjosam/vendor/laravel/framework/src/Illuminate/Pipeline/Pipeline.php(209): Illuminate/Cookie/Middleware/AddQueuedCookiesToResponse->handle(Object(Illuminate/Http/Request), Object(Closure))
#20 E:/repo-tugas-web-app-website/kerjosam/vendor/laravel/framework/src/Illuminate/Cookie/Middleware/EncryptCookies.php(75): Illuminate/Pipeline/Pipeline->Illuminate/Pipeline/{closure}(Object(Illuminate/Http/Request))
#21 E:/repo-tugas-web-app-website/kerjosam/vendor/laravel/framework/src/Illuminate/Pipeline/Pipeline.php(209): Illuminate/Cookie/Middleware/EncryptCookies->handle(Object(Illuminate/Http/Request), Object(Closure))
#22 E:/repo-tugas-web-app-website/kerjosam/vendor/laravel/framework/src/Illuminate/Pipeline/Pipeline.php(127): Illuminate/Pipeline/Pipeline->Illuminate/Pipeline/{closure}(Object(Illuminate/Http/Request))
#23 E:/repo-tugas-web-app-website/kerjosam/vendor/laravel/framework/src/Illuminate/Routing/Router.php(807): Illuminate/Pipeline/Pipeline->then(Object(Closure))
#24 E:/repo-tugas-web-app-website/kerjosam/vendor/laravel/framework/src/Illuminate/Routing/Router.php(786): Illuminate/Routing/Router->runRouteWithinStack(Object(Illuminate/Routing/Route), Object(Illuminate/Http/Request))
#25 E:/repo-tugas-web-app-website/kerjosam/vendor/laravel/framework/src/Illuminate/Routing/Router.php(750): Illuminate/Routing/Router->runRoute(Object(Illuminate/Http/Request), Object(Illuminate/Routing/Route))
#26 E:/repo-tugas-web-app-website/kerjosam/vendor/laravel/framework/src/Illuminate/Routing/Router.php(739): Illuminate/Routing/Router->dispatchToRoute(Object(Illuminate/Http/Request))
#27 E:/repo-tugas-web-app-website/kerjosam/vendor/laravel/framework/src/Illuminate/Foundation/Http/Kernel.php(201): Illuminate/Routing/Router->dispatch(Object(Illuminate/Http/Request))
#28 E:/repo-tugas-web-app-website/kerjosam/vendor/laravel/framework/src/Illuminate/Pipeline/Pipeline.php(170): Illuminate/Foundation/Http/Kernel->Illuminate/Foundation/Http/{closure}(Object(Illuminate/Http/Request))
#29 E:/repo-tugas-web-app-website/kerjosam/vendor/laravel/framework/src/Illuminate/Foundation/Http/Middleware/TransformsRequest.php(21): Illuminate/Pipeline/Pipeline->Illuminate/Pipeline/{closure}(Object(Illuminate/Http/Request))
#30 E:/repo-tugas-web-app-website/kerjosam/vendor/laravel/framework/src/Illuminate/Foundation/Http/Middleware/ConvertEmptyStringsToNull.php(31): Illuminate/Foundation/Http/Middleware/TransformsRequest->handle(Object(Illuminate/Http/Request), Object(Closure))
#31 E:/repo-tugas-web-app-website/kerjosam/vendor/laravel/framework/src/Illuminate/Pipeline/Pipeline.php(209): Illuminate/Foundation/Http/Middleware/ConvertEmptyStringsToNull->handle(Object(Illuminate/Http/Request), Object(Closure))
#32 E:/repo-tugas-web-app-website/kerjosam/vendor/laravel/framework/src/Illuminate/Foundation/Http/Middleware/TransformsRequest.php(21): Illuminate/Pipeline/Pipeline->Illuminate/Pipeline/{closure}(Object(Illuminate/Http/Request))
#33 E:/repo-tugas-web-app-website/kerjosam/vendor/laravel/framework/src/Illuminate/Foundation/Http/Middleware/TrimStrings.php(51): Illuminate/Foundation/Http/Middleware/TransformsRequest->handle(Object(Illuminate/Http/Request), Object(Closure))
#34 E:/repo-tugas-web-app-website/kerjosam/vendor/laravel/framework/src/Illuminate/Pipeline/Pipeline.php(209): Illuminate/Foundation/Http/Middleware/TrimStrings->handle(Object(Illuminate/Http/Request), Object(Closure))
#35 E:/repo-tugas-web-app-website/kerjosam/vendor/laravel/framework/src/Illuminate/Http/Middleware/ValidatePostSize.php(27): Illuminate/Pipeline/Pipeline->Illuminate/Pipeline/{closure}(Object(Illuminate/Http/Request))
#36 E:/repo-tugas-web-app-website/kerjosam/vendor/laravel/framework/src/Illuminate/Pipeline/Pipeline.php(209): Illuminate/Http/Middleware/ValidatePostSize->handle(Object(Illuminate/Http/Request), Object(Closure))
#37 E:/repo-tugas-web-app-website/kerjosam/vendor/laravel/framework/src/Illuminate/Foundation/Http/Middleware/PreventRequestsDuringMaintenance.php(110): Illuminate/Pipeline/Pipeline->Illuminate/Pipeline/{closure}(Object(Illuminate/Http/Request))
#38 E:/repo-tugas-web-app-website/kerjosam/vendor/laravel/framework/src/Illuminate/Pipeline/Pipeline.php(209): Illuminate/Foundation/Http/Middleware/PreventRequestsDuringMaintenance->handle(Object(Illuminate/Http/Request), Object(Closure))
#39 E:/repo-tugas-web-app-website/kerjosam/vendor/laravel/framework/src/Illuminate/Http/Middleware/HandleCors.php(49): Illuminate/Pipeline/Pipeline->Illuminate/Pipeline/{closure}(Object(Illuminate/Http/Request))
#40 E:/repo-tugas-web-app-website/kerjosam/vendor/laravel/framework/src/Illuminate/Pipeline/Pipeline.php(209): Illuminate/Http/Middleware/HandleCors->handle(Object(Illuminate/Http/Request), Object(Closure))
#41 E:/repo-tugas-web-app-website/kerjosam/vendor/laravel/framework/src/Illuminate/Http/Middleware/TrustProxies.php(58): Illuminate/Pipeline/Pipeline->Illuminate/Pipeline/{closure}(Object(Illuminate/Http/Request))
#42 E:/repo-tugas-web-app-website/kerjosam/vendor/laravel/framework/src/Illuminate/Pipeline/Pipeline.php(209): Illuminate/Http/Middleware/TrustProxies->handle(Object(Illuminate/Http/Request), Object(Closure))
#43 E:/repo-tugas-web-app-website/kerjosam/vendor/laravel/framework/src/Illuminate/Foundation/Http/Middleware/InvokeDeferredCallbacks.php(22): Illuminate/Pipeline/Pipeline->Illuminate/Pipeline/{closure}(Object(Illuminate/Http/Request))
#44 E:/repo-tugas-web-app-website/kerjosam/vendor/laravel/framework/src/Illuminate/Pipeline/Pipeline.php(209): Illuminate/Foundation/Http/Middleware/InvokeDeferredCallbacks->handle(Object(Illuminate/Http/Request), Object(Closure))
#45 E:/repo-tugas-web-app-website/kerjosam/vendor/laravel/framework/src/Illuminate/Pipeline/Pipeline.php(127): Illuminate/Pipeline/Pipeline->Illuminate/Pipeline/{closure}(Object(Illuminate/Http/Request))
#46 E:/repo-tugas-web-app-website/kerjosam/vendor/laravel/framework/src/Illuminate/Foundation/Http/Kernel.php(176): Illuminate/Pipeline/Pipeline->then(Object(Closure))
#47 E:/repo-tugas-web-app-website/kerjosam/vendor/laravel/framework/src/Illuminate/Foundation/Http/Kernel.php(145): Illuminate/Foundation/Http/Kernel->sendRequestThroughRouter(Object(Illuminate/Http/Request))
#48 E:/repo-tugas-web-app-website/kerjosam/vendor/laravel/framework/src/Illuminate/Foundation/Application.php(1220): Illuminate/Foundation/Http/Kernel->handle(Object(Illuminate/Http/Request))
#49 E:/repo-tugas-web-app-website/kerjosam/public/index.php(17): Illuminate/Foundation/Application->handleRequest(Object(Illuminate/Http/Request))
#50 E:/repo-tugas-web-app-website/kerjosam/vendor/laravel/framework/src/Illuminate/Foundation/resources/server.php(23): require_once('E://repo-tugas-w...')
#51 {main}
"} 
[2026-01-13 14:06:00] local.ERROR: View [profileuser] not found. {"exception":"[object] (InvalidArgumentException(code: 0): View [profileuser] not found. at E:/repo-tugas-web-app-website/kerjosam/vendor/laravel/framework/src/Illuminate/View/FileViewFinder.php:139)
[stacktrace]
#0 E:/repo-tugas-web-app-website/kerjosam/vendor/laravel/framework/src/Illuminate/View/FileViewFinder.php(79): Illuminate/View/FileViewFinder->findInPaths('profileuser', Array)
#1 E:/repo-tugas-web-app-website/kerjosam/vendor/laravel/framework/src/Illuminate/View/Factory.php(151): Illuminate/View/FileViewFinder->find('profileuser')
#2 E:/repo-tugas-web-app-website/kerjosam/vendor/laravel/framework/src/Illuminate/Foundation/helpers.php(1062): Illuminate/View/Factory->make('profileuser', Array, Array)
#3 E:/repo-tugas-web-app-website/kerjosam/routes/web.php(37): view('profileuser')
#4 E:/repo-tugas-web-app-website/kerjosam/vendor/laravel/framework/src/Illuminate/Routing/CallableDispatcher.php(40): Illuminate/Routing/RouteFileRegistrar->{closure}()
#5 E:/repo-tugas-web-app-website/kerjosam/vendor/laravel/framework/src/Illuminate/Routing/Route.php(244): Illuminate/Routing/CallableDispatcher->dispatch(Object(Illuminate/Routing/Route), Object(Closure))
#6 E:/repo-tugas-web-app-website/kerjosam/vendor/laravel/framework/src/Illuminate/Routing/Route.php(215): Illuminate/Routing/Route->runCallable()
#7 E:/repo-tugas-web-app-website/kerjosam/vendor/laravel/framework/src/Illuminate/Routing/Router.php(808): Illuminate/Routing/Route->run()
#8 E:/repo-tugas-web-app-website/kerjosam/vendor/laravel/framework/src/Illuminate/Pipeline/Pipeline.php(170): Illuminate/Routing/Router->Illuminate/Routing/{closure}(Object(Illuminate/Http/Request))
#9 E:/repo-tugas-web-app-website/kerjosam/vendor/laravel/framework/src/Illuminate/Routing/Middleware/SubstituteBindings.php(51): Illuminate/Pipeline/Pipeline->Illuminate/Pipeline/{closure}(Object(Illuminate/Http/Request))
#10 E:/repo-tugas-web-app-website/kerjosam/vendor/laravel/framework/src/Illuminate/Pipeline/Pipeline.php(209): Illuminate/Routing/Middleware/SubstituteBindings->handle(Object(Illuminate/Http/Request), Object(Closure))
#11 E:/repo-tugas-web-app-website/kerjosam/vendor/laravel/framework/src/Illuminate/Foundation/Http/Middleware/VerifyCsrfToken.php(88): Illuminate/Pipeline/Pipeline->Illuminate/Pipeline/{closure}(Object(Illuminate/Http/Request))
#12 E:/repo-tugas-web-app-website/kerjosam/vendor/laravel/framework/src/Illuminate/Pipeline/Pipeline.php(209): Illuminate/Foundation/Http/Middleware/VerifyCsrfToken->handle(Object(Illuminate/Http/Request), Object(Closure))
#13 E:/repo-tugas-web-app-website/kerjosam/vendor/laravel/framework/src/Illuminate/View/Middleware/ShareErrorsFromSession.php(49): Illuminate/Pipeline/Pipeline->Illuminate/Pipeline/{closure}(Object(Illuminate/Http/Request))
#14 E:/repo-tugas-web-app-website/kerjosam/vendor/laravel/framework/src/Illuminate/Pipeline/Pipeline.php(209): Illuminate/View/Middleware/ShareErrorsFromSession->handle(Object(Illuminate/Http/Request), Object(Closure))
#15 E:/repo-tugas-web-app-website/kerjosam/vendor/laravel/framework/src/Illuminate/Session/Middleware/StartSession.php(121): Illuminate/Pipeline/Pipeline->Illuminate/Pipeline/{closure}(Object(Illuminate/Http/Request))
#16 E:/repo-tugas-web-app-website/kerjosam/vendor/laravel/framework/src/Illuminate/Session/Middleware/StartSession.php(64): Illuminate/Session/Middleware/StartSession->handleStatefulRequest(Object(Illuminate/Http/Request), Object(Illuminate/Session/Store), Object(Closure))
#17 E:/repo-tugas-web-app-website/kerjosam/vendor/laravel/framework/src/Illuminate/Pipeline/Pipeline.php(209): Illuminate/Session/Middleware/StartSession->handle(Object(Illuminate/Http/Request), Object(Closure))
#18 E:/repo-tugas-web-app-website/kerjosam/vendor/laravel/framework/src/Illuminate/Cookie/Middleware/AddQueuedCookiesToResponse.php(37): Illuminate/Pipeline/Pipeline->Illuminate/Pipeline/{closure}(Object(Illuminate/Http/Request))
#19 E:/repo-tugas-web-app-website/kerjosam/vendor/laravel/framework/src/Illuminate/Pipeline/Pipeline.php(209): Illuminate/Cookie/Middleware/AddQueuedCookiesToResponse->handle(Object(Illuminate/Http/Request), Object(Closure))
#20 E:/repo-tugas-web-app-website/kerjosam/vendor/laravel/framework/src/Illuminate/Cookie/Middleware/EncryptCookies.php(75): Illuminate/Pipeline/Pipeline->Illuminate/Pipeline/{closure}(Object(Illuminate/Http/Request))
#21 E:/repo-tugas-web-app-website/kerjosam/vendor/laravel/framework/src/Illuminate/Pipeline/Pipeline.php(209): Illuminate/Cookie/Middleware/EncryptCookies->handle(Object(Illuminate/Http/Request), Object(Closure))
#22 E:/repo-tugas-web-app-website/kerjosam/vendor/laravel/framework/src/Illuminate/Pipeline/Pipeline.php(127): Illuminate/Pipeline/Pipeline->Illuminate/Pipeline/{closure}(Object(Illuminate/Http/Request))
#23 E:/repo-tugas-web-app-website/kerjosam/vendor/laravel/framework/src/Illuminate/Routing/Router.php(807): Illuminate/Pipeline/Pipeline->then(Object(Closure))
#24 E:/repo-tugas-web-app-website/kerjosam/vendor/laravel/framework/src/Illuminate/Routing/Router.php(786): Illuminate/Routing/Router->runRouteWithinStack(Object(Illuminate/Routing/Route), Object(Illuminate/Http/Request))
#25 E:/repo-tugas-web-app-website/kerjosam/vendor/laravel/framework/src/Illuminate/Routing/Router.php(750): Illuminate/Routing/Router->runRoute(Object(Illuminate/Http/Request), Object(Illuminate/Routing/Route))
#26 E:/repo-tugas-web-app-website/kerjosam/vendor/laravel/framework/src/Illuminate/Routing/Router.php(739): Illuminate/Routing/Router->dispatchToRoute(Object(Illuminate/Http/Request))
#27 E:/repo-tugas-web-app-website/kerjosam/vendor/laravel/framework/src/Illuminate/Foundation/Http/Kernel.php(201): Illuminate/Routing/Router->dispatch(Object(Illuminate/Http/Request))
#28 E:/repo-tugas-web-app-website/kerjosam/vendor/laravel/framework/src/Illuminate/Pipeline/Pipeline.php(170): Illuminate/Foundation/Http/Kernel->Illuminate/Foundation/Http/{closure}(Object(Illuminate/Http/Request))
#29 E:/repo-tugas-web-app-website/kerjosam/vendor/laravel/framework/src/Illuminate/Foundation/Http/Middleware/TransformsRequest.php(21): Illuminate/Pipeline/Pipeline->Illuminate/Pipeline/{closure}(Object(Illuminate/Http/Request))
#30 E:/repo-tugas-web-app-website/kerjosam/vendor/laravel/framework/src/Illuminate/Foundation/Http/Middleware/ConvertEmptyStringsToNull.php(31): Illuminate/Foundation/Http/Middleware/TransformsRequest->handle(Object(Illuminate/Http/Request), Object(Closure))
#31 E:/repo-tugas-web-app-website/kerjosam/vendor/laravel/framework/src/Illuminate/Pipeline/Pipeline.php(209): Illuminate/Foundation/Http/Middleware/ConvertEmptyStringsToNull->handle(Object(Illuminate/Http/Request), Object(Closure))
#32 E:/repo-tugas-web-app-website/kerjosam/vendor/laravel/framework/src/Illuminate/Foundation/Http/Middleware/TransformsRequest.php(21): Illuminate/Pipeline/Pipeline->Illuminate/Pipeline/{closure}(Object(Illuminate/Http/Request))
#33 E:/repo-tugas-web-app-website/kerjosam/vendor/laravel/framework/src/Illuminate/Foundation/Http/Middleware/TrimStrings.php(51): Illuminate/Foundation/Http/Middleware/TransformsRequest->handle(Object(Illuminate/Http/Request), Object(Closure))
#34 E:/repo-tugas-web-app-website/kerjosam/vendor/laravel/framework/src/Illuminate/Pipeline/Pipeline.php(209): Illuminate/Foundation/Http/Middleware/TrimStrings->handle(Object(Illuminate/Http/Request), Object(Closure))
#35 E:/repo-tugas-web-app-website/kerjosam/vendor/laravel/framework/src/Illuminate/Http/Middleware/ValidatePostSize.php(27): Illuminate/Pipeline/Pipeline->Illuminate/Pipeline/{closure}(Object(Illuminate/Http/Request))
#36 E:/repo-tugas-web-app-website/kerjosam/vendor/laravel/framework/src/Illuminate/Pipeline/Pipeline.php(209): Illuminate/Http/Middleware/ValidatePostSize->handle(Object(Illuminate/Http/Request), Object(Closure))
#37 E:/repo-tugas-web-app-website/kerjosam/vendor/laravel/framework/src/Illuminate/Foundation/Http/Middleware/PreventRequestsDuringMaintenance.php(110): Illuminate/Pipeline/Pipeline->Illuminate/Pipeline/{closure}(Object(Illuminate/Http/Request))
#38 E:/repo-tugas-web-app-website/kerjosam/vendor/laravel/framework/src/Illuminate/Pipeline/Pipeline.php(209): Illuminate/Foundation/Http/Middleware/PreventRequestsDuringMaintenance->handle(Object(Illuminate/Http/Request), Object(Closure))
#39 E:/repo-tugas-web-app-website/kerjosam/vendor/laravel/framework/src/Illuminate/Http/Middleware/HandleCors.php(49): Illuminate/Pipeline/Pipeline->Illuminate/Pipeline/{closure}(Object(Illuminate/Http/Request))
#40 E:/repo-tugas-web-app-website/kerjosam/vendor/laravel/framework/src/Illuminate/Pipeline/Pipeline.php(209): Illuminate/Http/Middleware/HandleCors->handle(Object(Illuminate/Http/Request), Object(Closure))
#41 E:/repo-tugas-web-app-website/kerjosam/vendor/laravel/framework/src/Illuminate/Http/Middleware/TrustProxies.php(58): Illuminate/Pipeline/Pipeline->Illuminate/Pipeline/{closure}(Object(Illuminate/Http/Request))
#42 E:/repo-tugas-web-app-website/kerjosam/vendor/laravel/framework/src/Illuminate/Pipeline/Pipeline.php(209): Illuminate/Http/Middleware/TrustProxies->handle(Object(Illuminate/Http/Request), Object(Closure))
#43 E:/repo-tugas-web-app-website/kerjosam/vendor/laravel/framework/src/Illuminate/Foundation/Http/Middleware/InvokeDeferredCallbacks.php(22): Illuminate/Pipeline/Pipeline->Illuminate/Pipeline/{closure}(Object(Illuminate/Http/Request))
#44 E:/repo-tugas-web-app-website/kerjosam/vendor/laravel/framework/src/Illuminate/Pipeline/Pipeline.php(209): Illuminate/Foundation/Http/Middleware/InvokeDeferredCallbacks->handle(Object(Illuminate/Http/Request), Object(Closure))
#45 E:/repo-tugas-web-app-website/kerjosam/vendor/laravel/framework/src/Illuminate/Pipeline/Pipeline.php(127): Illuminate/Pipeline/Pipeline->Illuminate/Pipeline/{closure}(Object(Illuminate/Http/Request))
#46 E:/repo-tugas-web-app-website/kerjosam/vendor/laravel/framework/src/Illuminate/Foundation/Http/Kernel.php(176): Illuminate/Pipeline/Pipeline->then(Object(Closure))
#47 E:/repo-tugas-web-app-website/kerjosam/vendor/laravel/framework/src/Illuminate/Foundation/Http/Kernel.php(145): Illuminate/Foundation/Http/Kernel->sendRequestThroughRouter(Object(Illuminate/Http/Request))
#48 E:/repo-tugas-web-app-website/kerjosam/vendor/laravel/framework/src/Illuminate/Foundation/Application.php(1220): Illuminate/Foundation/Http/Kernel->handle(Object(Illuminate/Http/Request))
#49 E:/repo-tugas-web-app-website/kerjosam/public/index.php(17): Illuminate/Foundation/Application->handleRequest(Object(Illuminate/Http/Request))
#50 E:/repo-tugas-web-app-website/kerjosam/vendor/laravel/framework/src/Illuminate/Foundation/resources/server.php(23): require_once('E://repo-tugas-w...')
#51 {main}
"} 
[2026-01-13 14:06:02] local.ERROR: View [profileuser] not found. {"exception":"[object] (InvalidArgumentException(code: 0): View [profileuser] not found. at E:/repo-tugas-web-app-website/kerjosam/vendor/laravel/framework/src/Illuminate/View/FileViewFinder.php:139)
[stacktrace]
#0 E:/repo-tugas-web-app-website/kerjosam/vendor/laravel/framework/src/Illuminate/View/FileViewFinder.php(79): Illuminate/View/FileViewFinder->findInPaths('profileuser', Array)
#1 E:/repo-tugas-web-app-website/kerjosam/vendor/laravel/framework/src/Illuminate/View/Factory.php(151): Illuminate/View/FileViewFinder->find('profileuser')
#2 E:/repo-tugas-web-app-website/kerjosam/vendor/laravel/framework/src/Illuminate/Foundation/helpers.php(1062): Illuminate/View/Factory->make('profileuser', Array, Array)
#3 E:/repo-tugas-web-app-website/kerjosam/routes/web.php(37): view('profileuser')
#4 E:/repo-tugas-web-app-website/kerjosam/vendor/laravel/framework/src/Illuminate/Routing/CallableDispatcher.php(40): Illuminate/Routing/RouteFileRegistrar->{closure}()
#5 E:/repo-tugas-web-app-website/kerjosam/vendor/laravel/framework/src/Illuminate/Routing/Route.php(244): Illuminate/Routing/CallableDispatcher->dispatch(Object(Illuminate/Routing/Route), Object(Closure))
#6 E:/repo-tugas-web-app-website/kerjosam/vendor/laravel/framework/src/Illuminate/Routing/Route.php(215): Illuminate/Routing/Route->runCallable()
#7 E:/repo-tugas-web-app-website/kerjosam/vendor/laravel/framework/src/Illuminate/Routing/Router.php(808): Illuminate/Routing/Route->run()
#8 E:/repo-tugas-web-app-website/kerjosam/vendor/laravel/framework/src/Illuminate/Pipeline/Pipeline.php(170): Illuminate/Routing/Router->Illuminate/Routing/{closure}(Object(Illuminate/Http/Request))
#9 E:/repo-tugas-web-app-website/kerjosam/vendor/laravel/framework/src/Illuminate/Routing/Middleware/SubstituteBindings.php(51): Illuminate/Pipeline/Pipeline->Illuminate/Pipeline/{closure}(Object(Illuminate/Http/Request))
#10 E:/repo-tugas-web-app-website/kerjosam/vendor/laravel/framework/src/Illuminate/Pipeline/Pipeline.php(209): Illuminate/Routing/Middleware/SubstituteBindings->handle(Object(Illuminate/Http/Request), Object(Closure))
#11 E:/repo-tugas-web-app-website/kerjosam/vendor/laravel/framework/src/Illuminate/Foundation/Http/Middleware/VerifyCsrfToken.php(88): Illuminate/Pipeline/Pipeline->Illuminate/Pipeline/{closure}(Object(Illuminate/Http/Request))
#12 E:/repo-tugas-web-app-website/kerjosam/vendor/laravel/framework/src/Illuminate/Pipeline/Pipeline.php(209): Illuminate/Foundation/Http/Middleware/VerifyCsrfToken->handle(Object(Illuminate/Http/Request), Object(Closure))
#13 E:/repo-tugas-web-app-website/kerjosam/vendor/laravel/framework/src/Illuminate/View/Middleware/ShareErrorsFromSession.php(49): Illuminate/Pipeline/Pipeline->Illuminate/Pipeline/{closure}(Object(Illuminate/Http/Request))
#14 E:/repo-tugas-web-app-website/kerjosam/vendor/laravel/framework/src/Illuminate/Pipeline/Pipeline.php(209): Illuminate/View/Middleware/ShareErrorsFromSession->handle(Object(Illuminate/Http/Request), Object(Closure))
#15 E:/repo-tugas-web-app-website/kerjosam/vendor/laravel/framework/src/Illuminate/Session/Middleware/StartSession.php(121): Illuminate/Pipeline/Pipeline->Illuminate/Pipeline/{closure}(Object(Illuminate/Http/Request))
#16 E:/repo-tugas-web-app-website/kerjosam/vendor/laravel/framework/src/Illuminate/Session/Middleware/StartSession.php(64): Illuminate/Session/Middleware/StartSession->handleStatefulRequest(Object(Illuminate/Http/Request), Object(Illuminate/Session/Store), Object(Closure))
#17 E:/repo-tugas-web-app-website/kerjosam/vendor/laravel/framework/src/Illuminate/Pipeline/Pipeline.php(209): Illuminate/Session/Middleware/StartSession->handle(Object(Illuminate/Http/Request), Object(Closure))
#18 E:/repo-tugas-web-app-website/kerjosam/vendor/laravel/framework/src/Illuminate/Cookie/Middleware/AddQueuedCookiesToResponse.php(37): Illuminate/Pipeline/Pipeline->Illuminate/Pipeline/{closure}(Object(Illuminate/Http/Request))
#19 E:/repo-tugas-web-app-website/kerjosam/vendor/laravel/framework/src/Illuminate/Pipeline/Pipeline.php(209): Illuminate/Cookie/Middleware/AddQueuedCookiesToResponse->handle(Object(Illuminate/Http/Request), Object(Closure))
#20 E:/repo-tugas-web-app-website/kerjosam/vendor/laravel/framework/src/Illuminate/Cookie/Middleware/EncryptCookies.php(75): Illuminate/Pipeline/Pipeline->Illuminate/Pipeline/{closure}(Object(Illuminate/Http/Request))
#21 E:/repo-tugas-web-app-website/kerjosam/vendor/laravel/framework/src/Illuminate/Pipeline/Pipeline.php(209): Illuminate/Cookie/Middleware/EncryptCookies->handle(Object(Illuminate/Http/Request), Object(Closure))
#22 E:/repo-tugas-web-app-website/kerjosam/vendor/laravel/framework/src/Illuminate/Pipeline/Pipeline.php(127): Illuminate/Pipeline/Pipeline->Illuminate/Pipeline/{closure}(Object(Illuminate/Http/Request))
#23 E:/repo-tugas-web-app-website/kerjosam/vendor/laravel/framework/src/Illuminate/Routing/Router.php(807): Illuminate/Pipeline/Pipeline->then(Object(Closure))
#24 E:/repo-tugas-web-app-website/kerjosam/vendor/laravel/framework/src/Illuminate/Routing/Router.php(786): Illuminate/Routing/Router->runRouteWithinStack(Object(Illuminate/Routing/Route), Object(Illuminate/Http/Request))
#25 E:/repo-tugas-web-app-website/kerjosam/vendor/laravel/framework/src/Illuminate/Routing/Router.php(750): Illuminate/Routing/Router->runRoute(Object(Illuminate/Http/Request), Object(Illuminate/Routing/Route))
#26 E:/repo-tugas-web-app-website/kerjosam/vendor/laravel/framework/src/Illuminate/Routing/Router.php(739): Illuminate/Routing/Router->dispatchToRoute(Object(Illuminate/Http/Request))
#27 E:/repo-tugas-web-app-website/kerjosam/vendor/laravel/framework/src/Illuminate/Foundation/Http/Kernel.php(201): Illuminate/Routing/Router->dispatch(Object(Illuminate/Http/Request))
#28 E:/repo-tugas-web-app-website/kerjosam/vendor/laravel/framework/src/Illuminate/Pipeline/Pipeline.php(170): Illuminate/Foundation/Http/Kernel->Illuminate/Foundation/Http/{closure}(Object(Illuminate/Http/Request))
#29 E:/repo-tugas-web-app-website/kerjosam/vendor/laravel/framework/src/Illuminate/Foundation/Http/Middleware/TransformsRequest.php(21): Illuminate/Pipeline/Pipeline->Illuminate/Pipeline/{closure}(Object(Illuminate/Http/Request))
#30 E:/repo-tugas-web-app-website/kerjosam/vendor/laravel/framework/src/Illuminate/Foundation/Http/Middleware/ConvertEmptyStringsToNull.php(31): Illuminate/Foundation/Http/Middleware/TransformsRequest->handle(Object(Illuminate/Http/Request), Object(Closure))
#31 E:/repo-tugas-web-app-website/kerjosam/vendor/laravel/framework/src/Illuminate/Pipeline/Pipeline.php(209): Illuminate/Foundation/Http/Middleware/ConvertEmptyStringsToNull->handle(Object(Illuminate/Http/Request), Object(Closure))
#32 E:/repo-tugas-web-app-website/kerjosam/vendor/laravel/framework/src/Illuminate/Foundation/Http/Middleware/TransformsRequest.php(21): Illuminate/Pipeline/Pipeline->Illuminate/Pipeline/{closure}(Object(Illuminate/Http/Request))
#33 E:/repo-tugas-web-app-website/kerjosam/vendor/laravel/framework/src/Illuminate/Foundation/Http/Middleware/TrimStrings.php(51): Illuminate/Foundation/Http/Middleware/TransformsRequest->handle(Object(Illuminate/Http/Request), Object(Closure))
#34 E:/repo-tugas-web-app-website/kerjosam/vendor/laravel/framework/src/Illuminate/Pipeline/Pipeline.php(209): Illuminate/Foundation/Http/Middleware/TrimStrings->handle(Object(Illuminate/Http/Request), Object(Closure))
#35 E:/repo-tugas-web-app-website/kerjosam/vendor/laravel/framework/src/Illuminate/Http/Middleware/ValidatePostSize.php(27): Illuminate/Pipeline/Pipeline->Illuminate/Pipeline/{closure}(Object(Illuminate/Http/Request))
#36 E:/repo-tugas-web-app-website/kerjosam/vendor/laravel/framework/src/Illuminate/Pipeline/Pipeline.php(209): Illuminate/Http/Middleware/ValidatePostSize->handle(Object(Illuminate/Http/Request), Object(Closure))
#37 E:/repo-tugas-web-app-website/kerjosam/vendor/laravel/framework/src/Illuminate/Foundation/Http/Middleware/PreventRequestsDuringMaintenance.php(110): Illuminate/Pipeline/Pipeline->Illuminate/Pipeline/{closure}(Object(Illuminate/Http/Request))
#38 E:/repo-tugas-web-app-website/kerjosam/vendor/laravel/framework/src/Illuminate/Pipeline/Pipeline.php(209): Illuminate/Foundation/Http/Middleware/PreventRequestsDuringMaintenance->handle(Object(Illuminate/Http/Request), Object(Closure))
#39 E:/repo-tugas-web-app-website/kerjosam/vendor/laravel/framework/src/Illuminate/Http/Middleware/HandleCors.php(49): Illuminate/Pipeline/Pipeline->Illuminate/Pipeline/{closure}(Object(Illuminate/Http/Request))
#40 E:/repo-tugas-web-app-website/kerjosam/vendor/laravel/framework/src/Illuminate/Pipeline/Pipeline.php(209): Illuminate/Http/Middleware/HandleCors->handle(Object(Illuminate/Http/Request), Object(Closure))
#41 E:/repo-tugas-web-app-website/kerjosam/vendor/laravel/framework/src/Illuminate/Http/Middleware/TrustProxies.php(58): Illuminate/Pipeline/Pipeline->Illuminate/Pipeline/{closure}(Object(Illuminate/Http/Request))
#42 E:/repo-tugas-web-app-website/kerjosam/vendor/laravel/framework/src/Illuminate/Pipeline/Pipeline.php(209): Illuminate/Http/Middleware/TrustProxies->handle(Object(Illuminate/Http/Request), Object(Closure))
#43 E:/repo-tugas-web-app-website/kerjosam/vendor/laravel/framework/src/Illuminate/Foundation/Http/Middleware/InvokeDeferredCallbacks.php(22): Illuminate/Pipeline/Pipeline->Illuminate/Pipeline/{closure}(Object(Illuminate/Http/Request))
#44 E:/repo-tugas-web-app-website/kerjosam/vendor/laravel/framework/src/Illuminate/Pipeline/Pipeline.php(209): Illuminate/Foundation/Http/Middleware/InvokeDeferredCallbacks->handle(Object(Illuminate/Http/Request), Object(Closure))
#45 E:/repo-tugas-web-app-website/kerjosam/vendor/laravel/framework/src/Illuminate/Pipeline/Pipeline.php(127): Illuminate/Pipeline/Pipeline->Illuminate/Pipeline/{closure}(Object(Illuminate/Http/Request))
#46 E:/repo-tugas-web-app-website/kerjosam/vendor/laravel/framework/src/Illuminate/Foundation/Http/Kernel.php(176): Illuminate/Pipeline/Pipeline->then(Object(Closure))
#47 E:/repo-tugas-web-app-website/kerjosam/vendor/laravel/framework/src/Illuminate/Foundation/Http/Kernel.php(145): Illuminate/Foundation/Http/Kernel->sendRequestThroughRouter(Object(Illuminate/Http/Request))
#48 E:/repo-tugas-web-app-website/kerjosam/vendor/laravel/framework/src/Illuminate/Foundation/Application.php(1220): Illuminate/Foundation/Http/Kernel->handle(Object(Illuminate/Http/Request))
#49 E:/repo-tugas-web-app-website/kerjosam/public/index.php(17): Illuminate/Foundation/Application->handleRequest(Object(Illuminate/Http/Request))
#50 E:/repo-tugas-web-app-website/kerjosam/vendor/laravel/framework/src/Illuminate/Foundation/resources/server.php(23): require_once('E://repo-tugas-w...')
#51 {main}
"} 
[2026-01-13 14:06:32] local.ERROR: View [profileuser] not found. {"exception":"[object] (InvalidArgumentException(code: 0): View [profileuser] not found. at E:/repo-tugas-web-app-website/kerjosam/vendor/laravel/framework/src/Illuminate/View/FileViewFinder.php:139)
[stacktrace]
#0 E:/repo-tugas-web-app-website/kerjosam/vendor/laravel/framework/src/Illuminate/View/FileViewFinder.php(79): Illuminate/View/FileViewFinder->findInPaths('profileuser', Array)
#1 E:/repo-tugas-web-app-website/kerjosam/vendor/laravel/framework/src/Illuminate/View/Factory.php(151): Illuminate/View/FileViewFinder->find('profileuser')
#2 E:/repo-tugas-web-app-website/kerjosam/vendor/laravel/framework/src/Illuminate/Foundation/helpers.php(1062): Illuminate/View/Factory->make('profileuser', Array, Array)
#3 E:/repo-tugas-web-app-website/kerjosam/routes/web.php(37): view('profileuser')
#4 E:/repo-tugas-web-app-website/kerjosam/vendor/laravel/framework/src/Illuminate/Routing/CallableDispatcher.php(40): Illuminate/Routing/RouteFileRegistrar->{closure}()
#5 E:/repo-tugas-web-app-website/kerjosam/vendor/laravel/framework/src/Illuminate/Routing/Route.php(244): Illuminate/Routing/CallableDispatcher->dispatch(Object(Illuminate/Routing/Route), Object(Closure))
#6 E:/repo-tugas-web-app-website/kerjosam/vendor/laravel/framework/src/Illuminate/Routing/Route.php(215): Illuminate/Routing/Route->runCallable()
#7 E:/repo-tugas-web-app-website/kerjosam/vendor/laravel/framework/src/Illuminate/Routing/Router.php(808): Illuminate/Routing/Route->run()
#8 E:/repo-tugas-web-app-website/kerjosam/vendor/laravel/framework/src/Illuminate/Pipeline/Pipeline.php(170): Illuminate/Routing/Router->Illuminate/Routing/{closure}(Object(Illuminate/Http/Request))
#9 E:/repo-tugas-web-app-website/kerjosam/vendor/laravel/framework/src/Illuminate/Routing/Middleware/SubstituteBindings.php(51): Illuminate/Pipeline/Pipeline->Illuminate/Pipeline/{closure}(Object(Illuminate/Http/Request))
#10 E:/repo-tugas-web-app-website/kerjosam/vendor/laravel/framework/src/Illuminate/Pipeline/Pipeline.php(209): Illuminate/Routing/Middleware/SubstituteBindings->handle(Object(Illuminate/Http/Request), Object(Closure))
#11 E:/repo-tugas-web-app-website/kerjosam/vendor/laravel/framework/src/Illuminate/Foundation/Http/Middleware/VerifyCsrfToken.php(88): Illuminate/Pipeline/Pipeline->Illuminate/Pipeline/{closure}(Object(Illuminate/Http/Request))
#12 E:/repo-tugas-web-app-website/kerjosam/vendor/laravel/framework/src/Illuminate/Pipeline/Pipeline.php(209): Illuminate/Foundation/Http/Middleware/VerifyCsrfToken->handle(Object(Illuminate/Http/Request), Object(Closure))
#13 E:/repo-tugas-web-app-website/kerjosam/vendor/laravel/framework/src/Illuminate/View/Middleware/ShareErrorsFromSession.php(49): Illuminate/Pipeline/Pipeline->Illuminate/Pipeline/{closure}(Object(Illuminate/Http/Request))
#14 E:/repo-tugas-web-app-website/kerjosam/vendor/laravel/framework/src/Illuminate/Pipeline/Pipeline.php(209): Illuminate/View/Middleware/ShareErrorsFromSession->handle(Object(Illuminate/Http/Request), Object(Closure))
#15 E:/repo-tugas-web-app-website/kerjosam/vendor/laravel/framework/src/Illuminate/Session/Middleware/StartSession.php(121): Illuminate/Pipeline/Pipeline->Illuminate/Pipeline/{closure}(Object(Illuminate/Http/Request))
#16 E:/repo-tugas-web-app-website/kerjosam/vendor/laravel/framework/src/Illuminate/Session/Middleware/StartSession.php(64): Illuminate/Session/Middleware/StartSession->handleStatefulRequest(Object(Illuminate/Http/Request), Object(Illuminate/Session/Store), Object(Closure))
#17 E:/repo-tugas-web-app-website/kerjosam/vendor/laravel/framework/src/Illuminate/Pipeline/Pipeline.php(209): Illuminate/Session/Middleware/StartSession->handle(Object(Illuminate/Http/Request), Object(Closure))
#18 E:/repo-tugas-web-app-website/kerjosam/vendor/laravel/framework/src/Illuminate/Cookie/Middleware/AddQueuedCookiesToResponse.php(37): Illuminate/Pipeline/Pipeline->Illuminate/Pipeline/{closure}(Object(Illuminate/Http/Request))
#19 E:/repo-tugas-web-app-website/kerjosam/vendor/laravel/framework/src/Illuminate/Pipeline/Pipeline.php(209): Illuminate/Cookie/Middleware/AddQueuedCookiesToResponse->handle(Object(Illuminate/Http/Request), Object(Closure))
#20 E:/repo-tugas-web-app-website/kerjosam/vendor/laravel/framework/src/Illuminate/Cookie/Middleware/EncryptCookies.php(75): Illuminate/Pipeline/Pipeline->Illuminate/Pipeline/{closure}(Object(Illuminate/Http/Request))
#21 E:/repo-tugas-web-app-website/kerjosam/vendor/laravel/framework/src/Illuminate/Pipeline/Pipeline.php(209): Illuminate/Cookie/Middleware/EncryptCookies->handle(Object(Illuminate/Http/Request), Object(Closure))
#22 E:/repo-tugas-web-app-website/kerjosam/vendor/laravel/framework/src/Illuminate/Pipeline/Pipeline.php(127): Illuminate/Pipeline/Pipeline->Illuminate/Pipeline/{closure}(Object(Illuminate/Http/Request))
#23 E:/repo-tugas-web-app-website/kerjosam/vendor/laravel/framework/src/Illuminate/Routing/Router.php(807): Illuminate/Pipeline/Pipeline->then(Object(Closure))
#24 E:/repo-tugas-web-app-website/kerjosam/vendor/laravel/framework/src/Illuminate/Routing/Router.php(786): Illuminate/Routing/Router->runRouteWithinStack(Object(Illuminate/Routing/Route), Object(Illuminate/Http/Request))
#25 E:/repo-tugas-web-app-website/kerjosam/vendor/laravel/framework/src/Illuminate/Routing/Router.php(750): Illuminate/Routing/Router->runRoute(Object(Illuminate/Http/Request), Object(Illuminate/Routing/Route))
#26 E:/repo-tugas-web-app-website/kerjosam/vendor/laravel/framework/src/Illuminate/Routing/Router.php(739): Illuminate/Routing/Router->dispatchToRoute(Object(Illuminate/Http/Request))
#27 E:/repo-tugas-web-app-website/kerjosam/vendor/laravel/framework/src/Illuminate/Foundation/Http/Kernel.php(201): Illuminate/Routing/Router->dispatch(Object(Illuminate/Http/Request))
#28 E:/repo-tugas-web-app-website/kerjosam/vendor/laravel/framework/src/Illuminate/Pipeline/Pipeline.php(170): Illuminate/Foundation/Http/Kernel->Illuminate/Foundation/Http/{closure}(Object(Illuminate/Http/Request))
#29 E:/repo-tugas-web-app-website/kerjosam/vendor/laravel/framework/src/Illuminate/Foundation/Http/Middleware/TransformsRequest.php(21): Illuminate/Pipeline/Pipeline->Illuminate/Pipeline/{closure}(Object(Illuminate/Http/Request))
#30 E:/repo-tugas-web-app-website/kerjosam/vendor/laravel/framework/src/Illuminate/Foundation/Http/Middleware/ConvertEmptyStringsToNull.php(31): Illuminate/Foundation/Http/Middleware/TransformsRequest->handle(Object(Illuminate/Http/Request), Object(Closure))
#31 E:/repo-tugas-web-app-website/kerjosam/vendor/laravel/framework/src/Illuminate/Pipeline/Pipeline.php(209): Illuminate/Foundation/Http/Middleware/ConvertEmptyStringsToNull->handle(Object(Illuminate/Http/Request), Object(Closure))
#32 E:/repo-tugas-web-app-website/kerjosam/vendor/laravel/framework/src/Illuminate/Foundation/Http/Middleware/TransformsRequest.php(21): Illuminate/Pipeline/Pipeline->Illuminate/Pipeline/{closure}(Object(Illuminate/Http/Request))
#33 E:/repo-tugas-web-app-website/kerjosam/vendor/laravel/framework/src/Illuminate/Foundation/Http/Middleware/TrimStrings.php(51): Illuminate/Foundation/Http/Middleware/TransformsRequest->handle(Object(Illuminate/Http/Request), Object(Closure))
#34 E:/repo-tugas-web-app-website/kerjosam/vendor/laravel/framework/src/Illuminate/Pipeline/Pipeline.php(209): Illuminate/Foundation/Http/Middleware/TrimStrings->handle(Object(Illuminate/Http/Request), Object(Closure))
#35 E:/repo-tugas-web-app-website/kerjosam/vendor/laravel/framework/src/Illuminate/Http/Middleware/ValidatePostSize.php(27): Illuminate/Pipeline/Pipeline->Illuminate/Pipeline/{closure}(Object(Illuminate/Http/Request))
#36 E:/repo-tugas-web-app-website/kerjosam/vendor/laravel/framework/src/Illuminate/Pipeline/Pipeline.php(209): Illuminate/Http/Middleware/ValidatePostSize->handle(Object(Illuminate/Http/Request), Object(Closure))
#37 E:/repo-tugas-web-app-website/kerjosam/vendor/laravel/framework/src/Illuminate/Foundation/Http/Middleware/PreventRequestsDuringMaintenance.php(110): Illuminate/Pipeline/Pipeline->Illuminate/Pipeline/{closure}(Object(Illuminate/Http/Request))
#38 E:/repo-tugas-web-app-website/kerjosam/vendor/laravel/framework/src/Illuminate/Pipeline/Pipeline.php(209): Illuminate/Foundation/Http/Middleware/PreventRequestsDuringMaintenance->handle(Object(Illuminate/Http/Request), Object(Closure))
#39 E:/repo-tugas-web-app-website/kerjosam/vendor/laravel/framework/src/Illuminate/Http/Middleware/HandleCors.php(49): Illuminate/Pipeline/Pipeline->Illuminate/Pipeline/{closure}(Object(Illuminate/Http/Request))
#40 E:/repo-tugas-web-app-website/kerjosam/vendor/laravel/framework/src/Illuminate/Pipeline/Pipeline.php(209): Illuminate/Http/Middleware/HandleCors->handle(Object(Illuminate/Http/Request), Object(Closure))
#41 E:/repo-tugas-web-app-website/kerjosam/vendor/laravel/framework/src/Illuminate/Http/Middleware/TrustProxies.php(58): Illuminate/Pipeline/Pipeline->Illuminate/Pipeline/{closure}(Object(Illuminate/Http/Request))
#42 E:/repo-tugas-web-app-website/kerjosam/vendor/laravel/framework/src/Illuminate/Pipeline/Pipeline.php(209): Illuminate/Http/Middleware/TrustProxies->handle(Object(Illuminate/Http/Request), Object(Closure))
#43 E:/repo-tugas-web-app-website/kerjosam/vendor/laravel/framework/src/Illuminate/Foundation/Http/Middleware/InvokeDeferredCallbacks.php(22): Illuminate/Pipeline/Pipeline->Illuminate/Pipeline/{closure}(Object(Illuminate/Http/Request))
#44 E:/repo-tugas-web-app-website/kerjosam/vendor/laravel/framework/src/Illuminate/Pipeline/Pipeline.php(209): Illuminate/Foundation/Http/Middleware/InvokeDeferredCallbacks->handle(Object(Illuminate/Http/Request), Object(Closure))
#45 E:/repo-tugas-web-app-website/kerjosam/vendor/laravel/framework/src/Illuminate/Pipeline/Pipeline.php(127): Illuminate/Pipeline/Pipeline->Illuminate/Pipeline/{closure}(Object(Illuminate/Http/Request))
#46 E:/repo-tugas-web-app-website/kerjosam/vendor/laravel/framework/src/Illuminate/Foundation/Http/Kernel.php(176): Illuminate/Pipeline/Pipeline->then(Object(Closure))
#47 E:/repo-tugas-web-app-website/kerjosam/vendor/laravel/framework/src/Illuminate/Foundation/Http/Kernel.php(145): Illuminate/Foundation/Http/Kernel->sendRequestThroughRouter(Object(Illuminate/Http/Request))
#48 E:/repo-tugas-web-app-website/kerjosam/vendor/laravel/framework/src/Illuminate/Foundation/Application.php(1220): Illuminate/Foundation/Http/Kernel->handle(Object(Illuminate/Http/Request))
#49 E:/repo-tugas-web-app-website/kerjosam/public/index.php(17): Illuminate/Foundation/Application->handleRequest(Object(Illuminate/Http/Request))
#50 E:/repo-tugas-web-app-website/kerjosam/vendor/laravel/framework/src/Illuminate/Foundation/resources/server.php(23): require_once('E://repo-tugas-w...')
#51 {main}
"} 
[2026-01-15 18:47:13] local.ERROR: Attempt to read property "name" on null (View: C:\xampp\htdocs\repo-tugas-web-app-website\KerjoSam\resources\views\about-us.blade.php) {"exception":"[object] (Illuminate\\View\\ViewException(code: 0): Attempt to read property \"name\" on null (View: C:\\xampp\\htdocs\\repo-tugas-web-app-website\\KerjoSam\\resources\\views\\about-us.blade.php) at C:/xampp/htdocs/repo-tugas-web-app-website/KerjoSam/storage/framework/views/e6b292086be5e81c3114bf71609f04d8.php:64)
[stacktrace]
#0 C:/xampp/htdocs/repo-tugas-web-app-website/KerjoSam/vendor/laravel/framework/src/Illuminate/View/Engines/PhpEngine.php(60): Illuminate/View/Engines/CompilerEngine->handleViewException(Object(ErrorException), 1)
#1 C:/xampp/htdocs/repo-tugas-web-app-website/KerjoSam/vendor/laravel/framework/src/Illuminate/View/Engines/CompilerEngine.php(75): Illuminate/View/Engines/PhpEngine->evaluatePath('C://xampp//htdocs...', Array)
#2 C:/xampp/htdocs/repo-tugas-web-app-website/KerjoSam/vendor/laravel/framework/src/Illuminate/View/View.php(209): Illuminate/View/Engines/CompilerEngine->get('C://xampp//htdocs...', Array)
#3 C:/xampp/htdocs/repo-tugas-web-app-website/KerjoSam/vendor/laravel/framework/src/Illuminate/View/View.php(192): Illuminate/View/View->getContents()
#4 C:/xampp/htdocs/repo-tugas-web-app-website/KerjoSam/vendor/laravel/framework/src/Illuminate/View/View.php(161): Illuminate/View/View->renderContents()
#5 C:/xampp/htdocs/repo-tugas-web-app-website/KerjoSam/vendor/laravel/framework/src/Illuminate/Http/Response.php(79): Illuminate/View/View->render()
#6 C:/xampp/htdocs/repo-tugas-web-app-website/KerjoSam/vendor/laravel/framework/src/Illuminate/Http/Response.php(35): Illuminate/Http/Response->setContent(Object(Illuminate/View/View))
#7 C:/xampp/htdocs/repo-tugas-web-app-website/KerjoSam/vendor/laravel/framework/src/Illuminate/Routing/Router.php(920): Illuminate/Http/Response->__construct(Object(Illuminate/View/View), 200, Array)
#8 C:/xampp/htdocs/repo-tugas-web-app-website/KerjoSam/vendor/laravel/framework/src/Illuminate/Routing/Router.php(887): Illuminate/Routing/Router::toResponse(Object(Illuminate/Http/Request), Object(Illuminate/View/View))
#9 C:/xampp/htdocs/repo-tugas-web-app-website/KerjoSam/vendor/laravel/framework/src/Illuminate/Routing/Router.php(807): Illuminate/Routing/Router->prepareResponse(Object(Illuminate/Http/Request), Object(Illuminate/View/View))
#10 C:/xampp/htdocs/repo-tugas-web-app-website/KerjoSam/vendor/laravel/framework/src/Illuminate/Pipeline/Pipeline.php(170): Illuminate/Routing/Router->Illuminate/Routing/{closure}(Object(Illuminate/Http/Request))
#11 C:/xampp/htdocs/repo-tugas-web-app-website/KerjoSam/vendor/laravel/framework/src/Illuminate/Routing/Middleware/SubstituteBindings.php(51): Illuminate/Pipeline/Pipeline->Illuminate/Pipeline/{closure}(Object(Illuminate/Http/Request))
#12 C:/xampp/htdocs/repo-tugas-web-app-website/KerjoSam/vendor/laravel/framework/src/Illuminate/Pipeline/Pipeline.php(209): Illuminate/Routing/Middleware/SubstituteBindings->handle(Object(Illuminate/Http/Request), Object(Closure))
#13 C:/xampp/htdocs/repo-tugas-web-app-website/KerjoSam/vendor/laravel/framework/src/Illuminate/Foundation/Http/Middleware/VerifyCsrfToken.php(88): Illuminate/Pipeline/Pipeline->Illuminate/Pipeline/{closure}(Object(Illuminate/Http/Request))
#14 C:/xampp/htdocs/repo-tugas-web-app-website/KerjoSam/vendor/laravel/framework/src/Illuminate/Pipeline/Pipeline.php(209): Illuminate/Foundation/Http/Middleware/VerifyCsrfToken->handle(Object(Illuminate/Http/Request), Object(Closure))
#15 C:/xampp/htdocs/repo-tugas-web-app-website/KerjoSam/vendor/laravel/framework/src/Illuminate/View/Middleware/ShareErrorsFromSession.php(49): Illuminate/Pipeline/Pipeline->Illuminate/Pipeline/{closure}(Object(Illuminate/Http/Request))
#16 C:/xampp/htdocs/repo-tugas-web-app-website/KerjoSam/vendor/laravel/framework/src/Illuminate/Pipeline/Pipeline.php(209): Illuminate/View/Middleware/ShareErrorsFromSession->handle(Object(Illuminate/Http/Request), Object(Closure))
#17 C:/xampp/htdocs/repo-tugas-web-app-website/KerjoSam/vendor/laravel/framework/src/Illuminate/Session/Middleware/StartSession.php(121): Illuminate/Pipeline/Pipeline->Illuminate/Pipeline/{closure}(Object(Illuminate/Http/Request))
#18 C:/xampp/htdocs/repo-tugas-web-app-website/KerjoSam/vendor/laravel/framework/src/Illuminate/Session/Middleware/StartSession.php(64): Illuminate/Session/Middleware/StartSession->handleStatefulRequest(Object(Illuminate/Http/Request), Object(Illuminate/Session/Store), Object(Closure))
#19 C:/xampp/htdocs/repo-tugas-web-app-website/KerjoSam/vendor/laravel/framework/src/Illuminate/Pipeline/Pipeline.php(209): Illuminate/Session/Middleware/StartSession->handle(Object(Illuminate/Http/Request), Object(Closure))
#20 C:/xampp/htdocs/repo-tugas-web-app-website/KerjoSam/vendor/laravel/framework/src/Illuminate/Cookie/Middleware/AddQueuedCookiesToResponse.php(37): Illuminate/Pipeline/Pipeline->Illuminate/Pipeline/{closure}(Object(Illuminate/Http/Request))
#21 C:/xampp/htdocs/repo-tugas-web-app-website/KerjoSam/vendor/laravel/framework/src/Illuminate/Pipeline/Pipeline.php(209): Illuminate/Cookie/Middleware/AddQueuedCookiesToResponse->handle(Object(Illuminate/Http/Request), Object(Closure))
#22 C:/xampp/htdocs/repo-tugas-web-app-website/KerjoSam/vendor/laravel/framework/src/Illuminate/Cookie/Middleware/EncryptCookies.php(75): Illuminate/Pipeline/Pipeline->Illuminate/Pipeline/{closure}(Object(Illuminate/Http/Request))
#23 C:/xampp/htdocs/repo-tugas-web-app-website/KerjoSam/vendor/laravel/framework/src/Illuminate/Pipeline/Pipeline.php(209): Illuminate/Cookie/Middleware/EncryptCookies->handle(Object(Illuminate/Http/Request), Object(Closure))
#24 C:/xampp/htdocs/repo-tugas-web-app-website/KerjoSam/vendor/laravel/framework/src/Illuminate/Pipeline/Pipeline.php(127): Illuminate/Pipeline/Pipeline->Illuminate/Pipeline/{closure}(Object(Illuminate/Http/Request))
#25 C:/xampp/htdocs/repo-tugas-web-app-website/KerjoSam/vendor/laravel/framework/src/Illuminate/Routing/Router.php(807): Illuminate/Pipeline/Pipeline->then(Object(Closure))
#26 C:/xampp/htdocs/repo-tugas-web-app-website/KerjoSam/vendor/laravel/framework/src/Illuminate/Routing/Router.php(786): Illuminate/Routing/Router->runRouteWithinStack(Object(Illuminate/Routing/Route), Object(Illuminate/Http/Request))
#27 C:/xampp/htdocs/repo-tugas-web-app-website/KerjoSam/vendor/laravel/framework/src/Illuminate/Routing/Router.php(750): Illuminate/Routing/Router->runRoute(Object(Illuminate/Http/Request), Object(Illuminate/Routing/Route))
#28 C:/xampp/htdocs/repo-tugas-web-app-website/KerjoSam/vendor/laravel/framework/src/Illuminate/Routing/Router.php(739): Illuminate/Routing/Router->dispatchToRoute(Object(Illuminate/Http/Request))
#29 C:/xampp/htdocs/repo-tugas-web-app-website/KerjoSam/vendor/laravel/framework/src/Illuminate/Foundation/Http/Kernel.php(201): Illuminate/Routing/Router->dispatch(Object(Illuminate/Http/Request))
#30 C:/xampp/htdocs/repo-tugas-web-app-website/KerjoSam/vendor/laravel/framework/src/Illuminate/Pipeline/Pipeline.php(170): Illuminate/Foundation/Http/Kernel->Illuminate/Foundation/Http/{closure}(Object(Illuminate/Http/Request))
#31 C:/xampp/htdocs/repo-tugas-web-app-website/KerjoSam/vendor/laravel/framework/src/Illuminate/Foundation/Http/Middleware/TransformsRequest.php(21): Illuminate/Pipeline/Pipeline->Illuminate/Pipeline/{closure}(Object(Illuminate/Http/Request))
#32 C:/xampp/htdocs/repo-tugas-web-app-website/KerjoSam/vendor/laravel/framework/src/Illuminate/Foundation/Http/Middleware/ConvertEmptyStringsToNull.php(31): Illuminate/Foundation/Http/Middleware/TransformsRequest->handle(Object(Illuminate/Http/Request), Object(Closure))
#33 C:/xampp/htdocs/repo-tugas-web-app-website/KerjoSam/vendor/laravel/framework/src/Illuminate/Pipeline/Pipeline.php(209): Illuminate/Foundation/Http/Middleware/ConvertEmptyStringsToNull->handle(Object(Illuminate/Http/Request), Object(Closure))
#34 C:/xampp/htdocs/repo-tugas-web-app-website/KerjoSam/vendor/laravel/framework/src/Illuminate/Foundation/Http/Middleware/TransformsRequest.php(21): Illuminate/Pipeline/Pipeline->Illuminate/Pipeline/{closure}(Object(Illuminate/Http/Request))
#35 C:/xampp/htdocs/repo-tugas-web-app-website/KerjoSam/vendor/laravel/framework/src/Illuminate/Foundation/Http/Middleware/TrimStrings.php(51): Illuminate/Foundation/Http/Middleware/TransformsRequest->handle(Object(Illuminate/Http/Request), Object(Closure))
#36 C:/xampp/htdocs/repo-tugas-web-app-website/KerjoSam/vendor/laravel/framework/src/Illuminate/Pipeline/Pipeline.php(209): Illuminate/Foundation/Http/Middleware/TrimStrings->handle(Object(Illuminate/Http/Request), Object(Closure))
#37 C:/xampp/htdocs/repo-tugas-web-app-website/KerjoSam/vendor/laravel/framework/src/Illuminate/Http/Middleware/ValidatePostSize.php(27): Illuminate/Pipeline/Pipeline->Illuminate/Pipeline/{closure}(Object(Illuminate/Http/Request))
#38 C:/xampp/htdocs/repo-tugas-web-app-website/KerjoSam/vendor/laravel/framework/src/Illuminate/Pipeline/Pipeline.php(209): Illuminate/Http/Middleware/ValidatePostSize->handle(Object(Illuminate/Http/Request), Object(Closure))
#39 C:/xampp/htdocs/repo-tugas-web-app-website/KerjoSam/vendor/laravel/framework/src/Illuminate/Foundation/Http/Middleware/PreventRequestsDuringMaintenance.php(110): Illuminate/Pipeline/Pipeline->Illuminate/Pipeline/{closure}(Object(Illuminate/Http/Request))
#40 C:/xampp/htdocs/repo-tugas-web-app-website/KerjoSam/vendor/laravel/framework/src/Illuminate/Pipeline/Pipeline.php(209): Illuminate/Foundation/Http/Middleware/PreventRequestsDuringMaintenance->handle(Object(Illuminate/Http/Request), Object(Closure))
#41 C:/xampp/htdocs/repo-tugas-web-app-website/KerjoSam/vendor/laravel/framework/src/Illuminate/Http/Middleware/HandleCors.php(49): Illuminate/Pipeline/Pipeline->Illuminate/Pipeline/{closure}(Object(Illuminate/Http/Request))
#42 C:/xampp/htdocs/repo-tugas-web-app-website/KerjoSam/vendor/laravel/framework/src/Illuminate/Pipeline/Pipeline.php(209): Illuminate/Http/Middleware/HandleCors->handle(Object(Illuminate/Http/Request), Object(Closure))
#43 C:/xampp/htdocs/repo-tugas-web-app-website/KerjoSam/vendor/laravel/framework/src/Illuminate/Http/Middleware/TrustProxies.php(58): Illuminate/Pipeline/Pipeline->Illuminate/Pipeline/{closure}(Object(Illuminate/Http/Request))
#44 C:/xampp/htdocs/repo-tugas-web-app-website/KerjoSam/vendor/laravel/framework/src/Illuminate/Pipeline/Pipeline.php(209): Illuminate/Http/Middleware/TrustProxies->handle(Object(Illuminate/Http/Request), Object(Closure))
#45 C:/xampp/htdocs/repo-tugas-web-app-website/KerjoSam/vendor/laravel/framework/src/Illuminate/Foundation/Http/Middleware/InvokeDeferredCallbacks.php(22): Illuminate/Pipeline/Pipeline->Illuminate/Pipeline/{closure}(Object(Illuminate/Http/Request))
#46 C:/xampp/htdocs/repo-tugas-web-app-website/KerjoSam/vendor/laravel/framework/src/Illuminate/Pipeline/Pipeline.php(209): Illuminate/Foundation/Http/Middleware/InvokeDeferredCallbacks->handle(Object(Illuminate/Http/Request), Object(Closure))
#47 C:/xampp/htdocs/repo-tugas-web-app-website/KerjoSam/vendor/laravel/framework/src/Illuminate/Pipeline/Pipeline.php(127): Illuminate/Pipeline/Pipeline->Illuminate/Pipeline/{closure}(Object(Illuminate/Http/Request))
#48 C:/xampp/htdocs/repo-tugas-web-app-website/KerjoSam/vendor/laravel/framework/src/Illuminate/Foundation/Http/Kernel.php(176): Illuminate/Pipeline/Pipeline->then(Object(Closure))
#49 C:/xampp/htdocs/repo-tugas-web-app-website/KerjoSam/vendor/laravel/framework/src/Illuminate/Foundation/Http/Kernel.php(145): Illuminate/Foundation/Http/Kernel->sendRequestThroughRouter(Object(Illuminate/Http/Request))
#50 C:/xampp/htdocs/repo-tugas-web-app-website/KerjoSam/vendor/laravel/framework/src/Illuminate/Foundation/Application.php(1220): Illuminate/Foundation/Http/Kernel->handle(Object(Illuminate/Http/Request))
#51 C:/xampp/htdocs/repo-tugas-web-app-website/KerjoSam/public/index.php(17): Illuminate/Foundation/Application->handleRequest(Object(Illuminate/Http/Request))
#52 C:/xampp/htdocs/repo-tugas-web-app-website/KerjoSam/vendor/laravel/framework/src/Illuminate/Foundation/resources/server.php(23): require_once('C://xampp//htdocs...')
#53 {main}

[previous exception] [object] (ErrorException(code: 0): Attempt to read property \"name\" on null at C:/xampp/htdocs/repo-tugas-web-app-website/KerjoSam/storage/framework/views/e6b292086be5e81c3114bf71609f04d8.php:64)
[stacktrace]
#0 C:/xampp/htdocs/repo-tugas-web-app-website/KerjoSam/vendor/laravel/framework/src/Illuminate/Foundation/Bootstrap/HandleExceptions.php(258): Illuminate/Foundation/Bootstrap/HandleExceptions->handleError(2, 'Attempt to read...', 'C://xampp//htdocs...', 64)
#1 C:/xampp/htdocs/repo-tugas-web-app-website/KerjoSam/storage/framework/views/e6b292086be5e81c3114bf71609f04d8.php(64): Illuminate/Foundation/Bootstrap/HandleExceptions->Illuminate/Foundation/Bootstrap/{closure}(2, 'Attempt to read...', 'C://xampp//htdocs...', 64)
#2 C:/xampp/htdocs/repo-tugas-web-app-website/KerjoSam/vendor/laravel/framework/src/Illuminate/Filesystem/Filesystem.php(123): require('C://xampp//htdocs...')
#3 C:/xampp/htdocs/repo-tugas-web-app-website/KerjoSam/vendor/laravel/framework/src/Illuminate/Filesystem/Filesystem.php(124): Illuminate/Filesystem/Filesystem::Illuminate/Filesystem/{closure}()
#4 C:/xampp/htdocs/repo-tugas-web-app-website/KerjoSam/vendor/laravel/framework/src/Illuminate/View/Engines/PhpEngine.php(58): Illuminate/Filesystem/Filesystem->getRequire('C://xampp//htdocs...', Array)
#5 C:/xampp/htdocs/repo-tugas-web-app-website/KerjoSam/vendor/laravel/framework/src/Illuminate/View/Engines/CompilerEngine.php(75): Illuminate/View/Engines/PhpEngine->evaluatePath('C://xampp//htdocs...', Array)
#6 C:/xampp/htdocs/repo-tugas-web-app-website/KerjoSam/vendor/laravel/framework/src/Illuminate/View/View.php(209): Illuminate/View/Engines/CompilerEngine->get('C://xampp//htdocs...', Array)
#7 C:/xampp/htdocs/repo-tugas-web-app-website/KerjoSam/vendor/laravel/framework/src/Illuminate/View/View.php(192): Illuminate/View/View->getContents()
#8 C:/xampp/htdocs/repo-tugas-web-app-website/KerjoSam/vendor/laravel/framework/src/Illuminate/View/View.php(161): Illuminate/View/View->renderContents()
#9 C:/xampp/htdocs/repo-tugas-web-app-website/KerjoSam/vendor/laravel/framework/src/Illuminate/Http/Response.php(79): Illuminate/View/View->render()
#10 C:/xampp/htdocs/repo-tugas-web-app-website/KerjoSam/vendor/laravel/framework/src/Illuminate/Http/Response.php(35): Illuminate/Http/Response->setContent(Object(Illuminate/View/View))
#11 C:/xampp/htdocs/repo-tugas-web-app-website/KerjoSam/vendor/laravel/framework/src/Illuminate/Routing/Router.php(920): Illuminate/Http/Response->__construct(Object(Illuminate/View/View), 200, Array)
#12 C:/xampp/htdocs/repo-tugas-web-app-website/KerjoSam/vendor/laravel/framework/src/Illuminate/Routing/Router.php(887): Illuminate/Routing/Router::toResponse(Object(Illuminate/Http/Request), Object(Illuminate/View/View))
#13 C:/xampp/htdocs/repo-tugas-web-app-website/KerjoSam/vendor/laravel/framework/src/Illuminate/Routing/Router.php(807): Illuminate/Routing/Router->prepareResponse(Object(Illuminate/Http/Request), Object(Illuminate/View/View))
#14 C:/xampp/htdocs/repo-tugas-web-app-website/KerjoSam/vendor/laravel/framework/src/Illuminate/Pipeline/Pipeline.php(170): Illuminate/Routing/Router->Illuminate/Routing/{closure}(Object(Illuminate/Http/Request))
#15 C:/xampp/htdocs/repo-tugas-web-app-website/KerjoSam/vendor/laravel/framework/src/Illuminate/Routing/Middleware/SubstituteBindings.php(51): Illuminate/Pipeline/Pipeline->Illuminate/Pipeline/{closure}(Object(Illuminate/Http/Request))
#16 C:/xampp/htdocs/repo-tugas-web-app-website/KerjoSam/vendor/laravel/framework/src/Illuminate/Pipeline/Pipeline.php(209): Illuminate/Routing/Middleware/SubstituteBindings->handle(Object(Illuminate/Http/Request), Object(Closure))
#17 C:/xampp/htdocs/repo-tugas-web-app-website/KerjoSam/vendor/laravel/framework/src/Illuminate/Foundation/Http/Middleware/VerifyCsrfToken.php(88): Illuminate/Pipeline/Pipeline->Illuminate/Pipeline/{closure}(Object(Illuminate/Http/Request))
#18 C:/xampp/htdocs/repo-tugas-web-app-website/KerjoSam/vendor/laravel/framework/src/Illuminate/Pipeline/Pipeline.php(209): Illuminate/Foundation/Http/Middleware/VerifyCsrfToken->handle(Object(Illuminate/Http/Request), Object(Closure))
#19 C:/xampp/htdocs/repo-tugas-web-app-website/KerjoSam/vendor/laravel/framework/src/Illuminate/View/Middleware/ShareErrorsFromSession.php(49): Illuminate/Pipeline/Pipeline->Illuminate/Pipeline/{closure}(Object(Illuminate/Http/Request))
#20 C:/xampp/htdocs/repo-tugas-web-app-website/KerjoSam/vendor/laravel/framework/src/Illuminate/Pipeline/Pipeline.php(209): Illuminate/View/Middleware/ShareErrorsFromSession->handle(Object(Illuminate/Http/Request), Object(Closure))
#21 C:/xampp/htdocs/repo-tugas-web-app-website/KerjoSam/vendor/laravel/framework/src/Illuminate/Session/Middleware/StartSession.php(121): Illuminate/Pipeline/Pipeline->Illuminate/Pipeline/{closure}(Object(Illuminate/Http/Request))
#22 C:/xampp/htdocs/repo-tugas-web-app-website/KerjoSam/vendor/laravel/framework/src/Illuminate/Session/Middleware/StartSession.php(64): Illuminate/Session/Middleware/StartSession->handleStatefulRequest(Object(Illuminate/Http/Request), Object(Illuminate/Session/Store), Object(Closure))
#23 C:/xampp/htdocs/repo-tugas-web-app-website/KerjoSam/vendor/laravel/framework/src/Illuminate/Pipeline/Pipeline.php(209): Illuminate/Session/Middleware/StartSession->handle(Object(Illuminate/Http/Request), Object(Closure))
#24 C:/xampp/htdocs/repo-tugas-web-app-website/KerjoSam/vendor/laravel/framework/src/Illuminate/Cookie/Middleware/AddQueuedCookiesToResponse.php(37): Illuminate/Pipeline/Pipeline->Illuminate/Pipeline/{closure}(Object(Illuminate/Http/Request))
#25 C:/xampp/htdocs/repo-tugas-web-app-website/KerjoSam/vendor/laravel/framework/src/Illuminate/Pipeline/Pipeline.php(209): Illuminate/Cookie/Middleware/AddQueuedCookiesToResponse->handle(Object(Illuminate/Http/Request), Object(Closure))
#26 C:/xampp/htdocs/repo-tugas-web-app-website/KerjoSam/vendor/laravel/framework/src/Illuminate/Cookie/Middleware/EncryptCookies.php(75): Illuminate/Pipeline/Pipeline->Illuminate/Pipeline/{closure}(Object(Illuminate/Http/Request))
#27 C:/xampp/htdocs/repo-tugas-web-app-website/KerjoSam/vendor/laravel/framework/src/Illuminate/Pipeline/Pipeline.php(209): Illuminate/Cookie/Middleware/EncryptCookies->handle(Object(Illuminate/Http/Request), Object(Closure))
#28 C:/xampp/htdocs/repo-tugas-web-app-website/KerjoSam/vendor/laravel/framework/src/Illuminate/Pipeline/Pipeline.php(127): Illuminate/Pipeline/Pipeline->Illuminate/Pipeline/{closure}(Object(Illuminate/Http/Request))
#29 C:/xampp/htdocs/repo-tugas-web-app-website/KerjoSam/vendor/laravel/framework/src/Illuminate/Routing/Router.php(807): Illuminate/Pipeline/Pipeline->then(Object(Closure))
#30 C:/xampp/htdocs/repo-tugas-web-app-website/KerjoSam/vendor/laravel/framework/src/Illuminate/Routing/Router.php(786): Illuminate/Routing/Router->runRouteWithinStack(Object(Illuminate/Routing/Route), Object(Illuminate/Http/Request))
#31 C:/xampp/htdocs/repo-tugas-web-app-website/KerjoSam/vendor/laravel/framework/src/Illuminate/Routing/Router.php(750): Illuminate/Routing/Router->runRoute(Object(Illuminate/Http/Request), Object(Illuminate/Routing/Route))
#32 C:/xampp/htdocs/repo-tugas-web-app-website/KerjoSam/vendor/laravel/framework/src/Illuminate/Routing/Router.php(739): Illuminate/Routing/Router->dispatchToRoute(Object(Illuminate/Http/Request))
#33 C:/xampp/htdocs/repo-tugas-web-app-website/KerjoSam/vendor/laravel/framework/src/Illuminate/Foundation/Http/Kernel.php(201): Illuminate/Routing/Router->dispatch(Object(Illuminate/Http/Request))
#34 C:/xampp/htdocs/repo-tugas-web-app-website/KerjoSam/vendor/laravel/framework/src/Illuminate/Pipeline/Pipeline.php(170): Illuminate/Foundation/Http/Kernel->Illuminate/Foundation/Http/{closure}(Object(Illuminate/Http/Request))
#35 C:/xampp/htdocs/repo-tugas-web-app-website/KerjoSam/vendor/laravel/framework/src/Illuminate/Foundation/Http/Middleware/TransformsRequest.php(21): Illuminate/Pipeline/Pipeline->Illuminate/Pipeline/{closure}(Object(Illuminate/Http/Request))
#36 C:/xampp/htdocs/repo-tugas-web-app-website/KerjoSam/vendor/laravel/framework/src/Illuminate/Foundation/Http/Middleware/ConvertEmptyStringsToNull.php(31): Illuminate/Foundation/Http/Middleware/TransformsRequest->handle(Object(Illuminate/Http/Request), Object(Closure))
#37 C:/xampp/htdocs/repo-tugas-web-app-website/KerjoSam/vendor/laravel/framework/src/Illuminate/Pipeline/Pipeline.php(209): Illuminate/Foundation/Http/Middleware/ConvertEmptyStringsToNull->handle(Object(Illuminate/Http/Request), Object(Closure))
#38 C:/xampp/htdocs/repo-tugas-web-app-website/KerjoSam/vendor/laravel/framework/src/Illuminate/Foundation/Http/Middleware/TransformsRequest.php(21): Illuminate/Pipeline/Pipeline->Illuminate/Pipeline/{closure}(Object(Illuminate/Http/Request))
#39 C:/xampp/htdocs/repo-tugas-web-app-website/KerjoSam/vendor/laravel/framework/src/Illuminate/Foundation/Http/Middleware/TrimStrings.php(51): Illuminate/Foundation/Http/Middleware/TransformsRequest->handle(Object(Illuminate/Http/Request), Object(Closure))
#40 C:/xampp/htdocs/repo-tugas-web-app-website/KerjoSam/vendor/laravel/framework/src/Illuminate/Pipeline/Pipeline.php(209): Illuminate/Foundation/Http/Middleware/TrimStrings->handle(Object(Illuminate/Http/Request), Object(Closure))
#41 C:/xampp/htdocs/repo-tugas-web-app-website/KerjoSam/vendor/laravel/framework/src/Illuminate/Http/Middleware/ValidatePostSize.php(27): Illuminate/Pipeline/Pipeline->Illuminate/Pipeline/{closure}(Object(Illuminate/Http/Request))
#42 C:/xampp/htdocs/repo-tugas-web-app-website/KerjoSam/vendor/laravel/framework/src/Illuminate/Pipeline/Pipeline.php(209): Illuminate/Http/Middleware/ValidatePostSize->handle(Object(Illuminate/Http/Request), Object(Closure))
#43 C:/xampp/htdocs/repo-tugas-web-app-website/KerjoSam/vendor/laravel/framework/src/Illuminate/Foundation/Http/Middleware/PreventRequestsDuringMaintenance.php(110): Illuminate/Pipeline/Pipeline->Illuminate/Pipeline/{closure}(Object(Illuminate/Http/Request))
#44 C:/xampp/htdocs/repo-tugas-web-app-website/KerjoSam/vendor/laravel/framework/src/Illuminate/Pipeline/Pipeline.php(209): Illuminate/Foundation/Http/Middleware/PreventRequestsDuringMaintenance->handle(Object(Illuminate/Http/Request), Object(Closure))
#45 C:/xampp/htdocs/repo-tugas-web-app-website/KerjoSam/vendor/laravel/framework/src/Illuminate/Http/Middleware/HandleCors.php(49): Illuminate/Pipeline/Pipeline->Illuminate/Pipeline/{closure}(Object(Illuminate/Http/Request))
#46 C:/xampp/htdocs/repo-tugas-web-app-website/KerjoSam/vendor/laravel/framework/src/Illuminate/Pipeline/Pipeline.php(209): Illuminate/Http/Middleware/HandleCors->handle(Object(Illuminate/Http/Request), Object(Closure))
#47 C:/xampp/htdocs/repo-tugas-web-app-website/KerjoSam/vendor/laravel/framework/src/Illuminate/Http/Middleware/TrustProxies.php(58): Illuminate/Pipeline/Pipeline->Illuminate/Pipeline/{closure}(Object(Illuminate/Http/Request))
#48 C:/xampp/htdocs/repo-tugas-web-app-website/KerjoSam/vendor/laravel/framework/src/Illuminate/Pipeline/Pipeline.php(209): Illuminate/Http/Middleware/TrustProxies->handle(Object(Illuminate/Http/Request), Object(Closure))
#49 C:/xampp/htdocs/repo-tugas-web-app-website/KerjoSam/vendor/laravel/framework/src/Illuminate/Foundation/Http/Middleware/InvokeDeferredCallbacks.php(22): Illuminate/Pipeline/Pipeline->Illuminate/Pipeline/{closure}(Object(Illuminate/Http/Request))
#50 C:/xampp/htdocs/repo-tugas-web-app-website/KerjoSam/vendor/laravel/framework/src/Illuminate/Pipeline/Pipeline.php(209): Illuminate/Foundation/Http/Middleware/InvokeDeferredCallbacks->handle(Object(Illuminate/Http/Request), Object(Closure))
#51 C:/xampp/htdocs/repo-tugas-web-app-website/KerjoSam/vendor/laravel/framework/src/Illuminate/Pipeline/Pipeline.php(127): Illuminate/Pipeline/Pipeline->Illuminate/Pipeline/{closure}(Object(Illuminate/Http/Request))
#52 C:/xampp/htdocs/repo-tugas-web-app-website/KerjoSam/vendor/laravel/framework/src/Illuminate/Foundation/Http/Kernel.php(176): Illuminate/Pipeline/Pipeline->then(Object(Closure))
#53 C:/xampp/htdocs/repo-tugas-web-app-website/KerjoSam/vendor/laravel/framework/src/Illuminate/Foundation/Http/Kernel.php(145): Illuminate/Foundation/Http/Kernel->sendRequestThroughRouter(Object(Illuminate/Http/Request))
#54 C:/xampp/htdocs/repo-tugas-web-app-website/KerjoSam/vendor/laravel/framework/src/Illuminate/Foundation/Application.php(1220): Illuminate/Foundation/Http/Kernel->handle(Object(Illuminate/Http/Request))
#55 C:/xampp/htdocs/repo-tugas-web-app-website/KerjoSam/public/index.php(17): Illuminate/Foundation/Application->handleRequest(Object(Illuminate/Http/Request))
#56 C:/xampp/htdocs/repo-tugas-web-app-website/KerjoSam/vendor/laravel/framework/src/Illuminate/Foundation/resources/server.php(23): require_once('C://xampp//htdocs...')
#57 {main}
"} 
[2026-01-17 17:06:04] local.ERROR: Attempt to read property "name" on null (View: C:\xampp\htdocs\repo-tugas-web-app-website\KerjoSam\resources\views\about-us.blade.php) {"exception":"[object] (Illuminate\\View\\ViewException(code: 0): Attempt to read property \"name\" on null (View: C:\\xampp\\htdocs\\repo-tugas-web-app-website\\KerjoSam\\resources\\views\\about-us.blade.php) at C:/xampp/htdocs/repo-tugas-web-app-website/KerjoSam/storage/framework/views/e6b292086be5e81c3114bf71609f04d8.php:64)
[stacktrace]
#0 C:/xampp/htdocs/repo-tugas-web-app-website/KerjoSam/vendor/laravel/framework/src/Illuminate/View/Engines/PhpEngine.php(60): Illuminate/View/Engines/CompilerEngine->handleViewException(Object(ErrorException), 1)
#1 C:/xampp/htdocs/repo-tugas-web-app-website/KerjoSam/vendor/laravel/framework/src/Illuminate/View/Engines/CompilerEngine.php(75): Illuminate/View/Engines/PhpEngine->evaluatePath('C://xampp//htdocs...', Array)
#2 C:/xampp/htdocs/repo-tugas-web-app-website/KerjoSam/vendor/laravel/framework/src/Illuminate/View/View.php(209): Illuminate/View/Engines/CompilerEngine->get('C://xampp//htdocs...', Array)
#3 C:/xampp/htdocs/repo-tugas-web-app-website/KerjoSam/vendor/laravel/framework/src/Illuminate/View/View.php(192): Illuminate/View/View->getContents()
#4 C:/xampp/htdocs/repo-tugas-web-app-website/KerjoSam/vendor/laravel/framework/src/Illuminate/View/View.php(161): Illuminate/View/View->renderContents()
#5 C:/xampp/htdocs/repo-tugas-web-app-website/KerjoSam/vendor/laravel/framework/src/Illuminate/Http/Response.php(79): Illuminate/View/View->render()
#6 C:/xampp/htdocs/repo-tugas-web-app-website/KerjoSam/vendor/laravel/framework/src/Illuminate/Http/Response.php(35): Illuminate/Http/Response->setContent(Object(Illuminate/View/View))
#7 C:/xampp/htdocs/repo-tugas-web-app-website/KerjoSam/vendor/laravel/framework/src/Illuminate/Routing/Router.php(920): Illuminate/Http/Response->__construct(Object(Illuminate/View/View), 200, Array)
#8 C:/xampp/htdocs/repo-tugas-web-app-website/KerjoSam/vendor/laravel/framework/src/Illuminate/Routing/Router.php(887): Illuminate/Routing/Router::toResponse(Object(Illuminate/Http/Request), Object(Illuminate/View/View))
#9 C:/xampp/htdocs/repo-tugas-web-app-website/KerjoSam/vendor/laravel/framework/src/Illuminate/Routing/Router.php(807): Illuminate/Routing/Router->prepareResponse(Object(Illuminate/Http/Request), Object(Illuminate/View/View))
#10 C:/xampp/htdocs/repo-tugas-web-app-website/KerjoSam/vendor/laravel/framework/src/Illuminate/Pipeline/Pipeline.php(170): Illuminate/Routing/Router->Illuminate/Routing/{closure}(Object(Illuminate/Http/Request))
#11 C:/xampp/htdocs/repo-tugas-web-app-website/KerjoSam/vendor/laravel/framework/src/Illuminate/Routing/Middleware/SubstituteBindings.php(51): Illuminate/Pipeline/Pipeline->Illuminate/Pipeline/{closure}(Object(Illuminate/Http/Request))
#12 C:/xampp/htdocs/repo-tugas-web-app-website/KerjoSam/vendor/laravel/framework/src/Illuminate/Pipeline/Pipeline.php(209): Illuminate/Routing/Middleware/SubstituteBindings->handle(Object(Illuminate/Http/Request), Object(Closure))
#13 C:/xampp/htdocs/repo-tugas-web-app-website/KerjoSam/vendor/laravel/framework/src/Illuminate/Foundation/Http/Middleware/VerifyCsrfToken.php(88): Illuminate/Pipeline/Pipeline->Illuminate/Pipeline/{closure}(Object(Illuminate/Http/Request))
#14 C:/xampp/htdocs/repo-tugas-web-app-website/KerjoSam/vendor/laravel/framework/src/Illuminate/Pipeline/Pipeline.php(209): Illuminate/Foundation/Http/Middleware/VerifyCsrfToken->handle(Object(Illuminate/Http/Request), Object(Closure))
#15 C:/xampp/htdocs/repo-tugas-web-app-website/KerjoSam/vendor/laravel/framework/src/Illuminate/View/Middleware/ShareErrorsFromSession.php(49): Illuminate/Pipeline/Pipeline->Illuminate/Pipeline/{closure}(Object(Illuminate/Http/Request))
#16 C:/xampp/htdocs/repo-tugas-web-app-website/KerjoSam/vendor/laravel/framework/src/Illuminate/Pipeline/Pipeline.php(209): Illuminate/View/Middleware/ShareErrorsFromSession->handle(Object(Illuminate/Http/Request), Object(Closure))
#17 C:/xampp/htdocs/repo-tugas-web-app-website/KerjoSam/vendor/laravel/framework/src/Illuminate/Session/Middleware/StartSession.php(121): Illuminate/Pipeline/Pipeline->Illuminate/Pipeline/{closure}(Object(Illuminate/Http/Request))
#18 C:/xampp/htdocs/repo-tugas-web-app-website/KerjoSam/vendor/laravel/framework/src/Illuminate/Session/Middleware/StartSession.php(64): Illuminate/Session/Middleware/StartSession->handleStatefulRequest(Object(Illuminate/Http/Request), Object(Illuminate/Session/Store), Object(Closure))
#19 C:/xampp/htdocs/repo-tugas-web-app-website/KerjoSam/vendor/laravel/framework/src/Illuminate/Pipeline/Pipeline.php(209): Illuminate/Session/Middleware/StartSession->handle(Object(Illuminate/Http/Request), Object(Closure))
#20 C:/xampp/htdocs/repo-tugas-web-app-website/KerjoSam/vendor/laravel/framework/src/Illuminate/Cookie/Middleware/AddQueuedCookiesToResponse.php(37): Illuminate/Pipeline/Pipeline->Illuminate/Pipeline/{closure}(Object(Illuminate/Http/Request))
#21 C:/xampp/htdocs/repo-tugas-web-app-website/KerjoSam/vendor/laravel/framework/src/Illuminate/Pipeline/Pipeline.php(209): Illuminate/Cookie/Middleware/AddQueuedCookiesToResponse->handle(Object(Illuminate/Http/Request), Object(Closure))
#22 C:/xampp/htdocs/repo-tugas-web-app-website/KerjoSam/vendor/laravel/framework/src/Illuminate/Cookie/Middleware/EncryptCookies.php(75): Illuminate/Pipeline/Pipeline->Illuminate/Pipeline/{closure}(Object(Illuminate/Http/Request))
#23 C:/xampp/htdocs/repo-tugas-web-app-website/KerjoSam/vendor/laravel/framework/src/Illuminate/Pipeline/Pipeline.php(209): Illuminate/Cookie/Middleware/EncryptCookies->handle(Object(Illuminate/Http/Request), Object(Closure))
#24 C:/xampp/htdocs/repo-tugas-web-app-website/KerjoSam/vendor/laravel/framework/src/Illuminate/Pipeline/Pipeline.php(127): Illuminate/Pipeline/Pipeline->Illuminate/Pipeline/{closure}(Object(Illuminate/Http/Request))
#25 C:/xampp/htdocs/repo-tugas-web-app-website/KerjoSam/vendor/laravel/framework/src/Illuminate/Routing/Router.php(807): Illuminate/Pipeline/Pipeline->then(Object(Closure))
#26 C:/xampp/htdocs/repo-tugas-web-app-website/KerjoSam/vendor/laravel/framework/src/Illuminate/Routing/Router.php(786): Illuminate/Routing/Router->runRouteWithinStack(Object(Illuminate/Routing/Route), Object(Illuminate/Http/Request))
#27 C:/xampp/htdocs/repo-tugas-web-app-website/KerjoSam/vendor/laravel/framework/src/Illuminate/Routing/Router.php(750): Illuminate/Routing/Router->runRoute(Object(Illuminate/Http/Request), Object(Illuminate/Routing/Route))
#28 C:/xampp/htdocs/repo-tugas-web-app-website/KerjoSam/vendor/laravel/framework/src/Illuminate/Routing/Router.php(739): Illuminate/Routing/Router->dispatchToRoute(Object(Illuminate/Http/Request))
#29 C:/xampp/htdocs/repo-tugas-web-app-website/KerjoSam/vendor/laravel/framework/src/Illuminate/Foundation/Http/Kernel.php(201): Illuminate/Routing/Router->dispatch(Object(Illuminate/Http/Request))
#30 C:/xampp/htdocs/repo-tugas-web-app-website/KerjoSam/vendor/laravel/framework/src/Illuminate/Pipeline/Pipeline.php(170): Illuminate/Foundation/Http/Kernel->Illuminate/Foundation/Http/{closure}(Object(Illuminate/Http/Request))
#31 C:/xampp/htdocs/repo-tugas-web-app-website/KerjoSam/vendor/laravel/framework/src/Illuminate/Foundation/Http/Middleware/TransformsRequest.php(21): Illuminate/Pipeline/Pipeline->Illuminate/Pipeline/{closure}(Object(Illuminate/Http/Request))
#32 C:/xampp/htdocs/repo-tugas-web-app-website/KerjoSam/vendor/laravel/framework/src/Illuminate/Foundation/Http/Middleware/ConvertEmptyStringsToNull.php(31): Illuminate/Foundation/Http/Middleware/TransformsRequest->handle(Object(Illuminate/Http/Request), Object(Closure))
#33 C:/xampp/htdocs/repo-tugas-web-app-website/KerjoSam/vendor/laravel/framework/src/Illuminate/Pipeline/Pipeline.php(209): Illuminate/Foundation/Http/Middleware/ConvertEmptyStringsToNull->handle(Object(Illuminate/Http/Request), Object(Closure))
#34 C:/xampp/htdocs/repo-tugas-web-app-website/KerjoSam/vendor/laravel/framework/src/Illuminate/Foundation/Http/Middleware/TransformsRequest.php(21): Illuminate/Pipeline/Pipeline->Illuminate/Pipeline/{closure}(Object(Illuminate/Http/Request))
#35 C:/xampp/htdocs/repo-tugas-web-app-website/KerjoSam/vendor/laravel/framework/src/Illuminate/Foundation/Http/Middleware/TrimStrings.php(51): Illuminate/Foundation/Http/Middleware/TransformsRequest->handle(Object(Illuminate/Http/Request), Object(Closure))
#36 C:/xampp/htdocs/repo-tugas-web-app-website/KerjoSam/vendor/laravel/framework/src/Illuminate/Pipeline/Pipeline.php(209): Illuminate/Foundation/Http/Middleware/TrimStrings->handle(Object(Illuminate/Http/Request), Object(Closure))
#37 C:/xampp/htdocs/repo-tugas-web-app-website/KerjoSam/vendor/laravel/framework/src/Illuminate/Http/Middleware/ValidatePostSize.php(27): Illuminate/Pipeline/Pipeline->Illuminate/Pipeline/{closure}(Object(Illuminate/Http/Request))
#38 C:/xampp/htdocs/repo-tugas-web-app-website/KerjoSam/vendor/laravel/framework/src/Illuminate/Pipeline/Pipeline.php(209): Illuminate/Http/Middleware/ValidatePostSize->handle(Object(Illuminate/Http/Request), Object(Closure))
#39 C:/xampp/htdocs/repo-tugas-web-app-website/KerjoSam/vendor/laravel/framework/src/Illuminate/Foundation/Http/Middleware/PreventRequestsDuringMaintenance.php(110): Illuminate/Pipeline/Pipeline->Illuminate/Pipeline/{closure}(Object(Illuminate/Http/Request))
#40 C:/xampp/htdocs/repo-tugas-web-app-website/KerjoSam/vendor/laravel/framework/src/Illuminate/Pipeline/Pipeline.php(209): Illuminate/Foundation/Http/Middleware/PreventRequestsDuringMaintenance->handle(Object(Illuminate/Http/Request), Object(Closure))
#41 C:/xampp/htdocs/repo-tugas-web-app-website/KerjoSam/vendor/laravel/framework/src/Illuminate/Http/Middleware/HandleCors.php(49): Illuminate/Pipeline/Pipeline->Illuminate/Pipeline/{closure}(Object(Illuminate/Http/Request))
#42 C:/xampp/htdocs/repo-tugas-web-app-website/KerjoSam/vendor/laravel/framework/src/Illuminate/Pipeline/Pipeline.php(209): Illuminate/Http/Middleware/HandleCors->handle(Object(Illuminate/Http/Request), Object(Closure))
#43 C:/xampp/htdocs/repo-tugas-web-app-website/KerjoSam/vendor/laravel/framework/src/Illuminate/Http/Middleware/TrustProxies.php(58): Illuminate/Pipeline/Pipeline->Illuminate/Pipeline/{closure}(Object(Illuminate/Http/Request))
#44 C:/xampp/htdocs/repo-tugas-web-app-website/KerjoSam/vendor/laravel/framework/src/Illuminate/Pipeline/Pipeline.php(209): Illuminate/Http/Middleware/TrustProxies->handle(Object(Illuminate/Http/Request), Object(Closure))
#45 C:/xampp/htdocs/repo-tugas-web-app-website/KerjoSam/vendor/laravel/framework/src/Illuminate/Foundation/Http/Middleware/InvokeDeferredCallbacks.php(22): Illuminate/Pipeline/Pipeline->Illuminate/Pipeline/{closure}(Object(Illuminate/Http/Request))
#46 C:/xampp/htdocs/repo-tugas-web-app-website/KerjoSam/vendor/laravel/framework/src/Illuminate/Pipeline/Pipeline.php(209): Illuminate/Foundation/Http/Middleware/InvokeDeferredCallbacks->handle(Object(Illuminate/Http/Request), Object(Closure))
#47 C:/xampp/htdocs/repo-tugas-web-app-website/KerjoSam/vendor/laravel/framework/src/Illuminate/Pipeline/Pipeline.php(127): Illuminate/Pipeline/Pipeline->Illuminate/Pipeline/{closure}(Object(Illuminate/Http/Request))
#48 C:/xampp/htdocs/repo-tugas-web-app-website/KerjoSam/vendor/laravel/framework/src/Illuminate/Foundation/Http/Kernel.php(176): Illuminate/Pipeline/Pipeline->then(Object(Closure))
#49 C:/xampp/htdocs/repo-tugas-web-app-website/KerjoSam/vendor/laravel/framework/src/Illuminate/Foundation/Http/Kernel.php(145): Illuminate/Foundation/Http/Kernel->sendRequestThroughRouter(Object(Illuminate/Http/Request))
#50 C:/xampp/htdocs/repo-tugas-web-app-website/KerjoSam/vendor/laravel/framework/src/Illuminate/Foundation/Application.php(1220): Illuminate/Foundation/Http/Kernel->handle(Object(Illuminate/Http/Request))
#51 C:/xampp/htdocs/repo-tugas-web-app-website/KerjoSam/public/index.php(17): Illuminate/Foundation/Application->handleRequest(Object(Illuminate/Http/Request))
#52 C:/xampp/htdocs/repo-tugas-web-app-website/KerjoSam/vendor/laravel/framework/src/Illuminate/Foundation/resources/server.php(23): require_once('C://xampp//htdocs...')
#53 {main}

[previous exception] [object] (ErrorException(code: 0): Attempt to read property \"name\" on null at C:/xampp/htdocs/repo-tugas-web-app-website/KerjoSam/storage/framework/views/e6b292086be5e81c3114bf71609f04d8.php:64)
[stacktrace]
#0 C:/xampp/htdocs/repo-tugas-web-app-website/KerjoSam/vendor/laravel/framework/src/Illuminate/Foundation/Bootstrap/HandleExceptions.php(258): Illuminate/Foundation/Bootstrap/HandleExceptions->handleError(2, 'Attempt to read...', 'C://xampp//htdocs...', 64)
#1 C:/xampp/htdocs/repo-tugas-web-app-website/KerjoSam/storage/framework/views/e6b292086be5e81c3114bf71609f04d8.php(64): Illuminate/Foundation/Bootstrap/HandleExceptions->Illuminate/Foundation/Bootstrap/{closure}(2, 'Attempt to read...', 'C://xampp//htdocs...', 64)
#2 C:/xampp/htdocs/repo-tugas-web-app-website/KerjoSam/vendor/laravel/framework/src/Illuminate/Filesystem/Filesystem.php(123): require('C://xampp//htdocs...')
#3 C:/xampp/htdocs/repo-tugas-web-app-website/KerjoSam/vendor/laravel/framework/src/Illuminate/Filesystem/Filesystem.php(124): Illuminate/Filesystem/Filesystem::Illuminate/Filesystem/{closure}()
#4 C:/xampp/htdocs/repo-tugas-web-app-website/KerjoSam/vendor/laravel/framework/src/Illuminate/View/Engines/PhpEngine.php(58): Illuminate/Filesystem/Filesystem->getRequire('C://xampp//htdocs...', Array)
#5 C:/xampp/htdocs/repo-tugas-web-app-website/KerjoSam/vendor/laravel/framework/src/Illuminate/View/Engines/CompilerEngine.php(75): Illuminate/View/Engines/PhpEngine->evaluatePath('C://xampp//htdocs...', Array)
#6 C:/xampp/htdocs/repo-tugas-web-app-website/KerjoSam/vendor/laravel/framework/src/Illuminate/View/View.php(209): Illuminate/View/Engines/CompilerEngine->get('C://xampp//htdocs...', Array)
#7 C:/xampp/htdocs/repo-tugas-web-app-website/KerjoSam/vendor/laravel/framework/src/Illuminate/View/View.php(192): Illuminate/View/View->getContents()
#8 C:/xampp/htdocs/repo-tugas-web-app-website/KerjoSam/vendor/laravel/framework/src/Illuminate/View/View.php(161): Illuminate/View/View->renderContents()
#9 C:/xampp/htdocs/repo-tugas-web-app-website/KerjoSam/vendor/laravel/framework/src/Illuminate/Http/Response.php(79): Illuminate/View/View->render()
#10 C:/xampp/htdocs/repo-tugas-web-app-website/KerjoSam/vendor/laravel/framework/src/Illuminate/Http/Response.php(35): Illuminate/Http/Response->setContent(Object(Illuminate/View/View))
#11 C:/xampp/htdocs/repo-tugas-web-app-website/KerjoSam/vendor/laravel/framework/src/Illuminate/Routing/Router.php(920): Illuminate/Http/Response->__construct(Object(Illuminate/View/View), 200, Array)
#12 C:/xampp/htdocs/repo-tugas-web-app-website/KerjoSam/vendor/laravel/framework/src/Illuminate/Routing/Router.php(887): Illuminate/Routing/Router::toResponse(Object(Illuminate/Http/Request), Object(Illuminate/View/View))
#13 C:/xampp/htdocs/repo-tugas-web-app-website/KerjoSam/vendor/laravel/framework/src/Illuminate/Routing/Router.php(807): Illuminate/Routing/Router->prepareResponse(Object(Illuminate/Http/Request), Object(Illuminate/View/View))
#14 C:/xampp/htdocs/repo-tugas-web-app-website/KerjoSam/vendor/laravel/framework/src/Illuminate/Pipeline/Pipeline.php(170): Illuminate/Routing/Router->Illuminate/Routing/{closure}(Object(Illuminate/Http/Request))
#15 C:/xampp/htdocs/repo-tugas-web-app-website/KerjoSam/vendor/laravel/framework/src/Illuminate/Routing/Middleware/SubstituteBindings.php(51): Illuminate/Pipeline/Pipeline->Illuminate/Pipeline/{closure}(Object(Illuminate/Http/Request))
#16 C:/xampp/htdocs/repo-tugas-web-app-website/KerjoSam/vendor/laravel/framework/src/Illuminate/Pipeline/Pipeline.php(209): Illuminate/Routing/Middleware/SubstituteBindings->handle(Object(Illuminate/Http/Request), Object(Closure))
#17 C:/xampp/htdocs/repo-tugas-web-app-website/KerjoSam/vendor/laravel/framework/src/Illuminate/Foundation/Http/Middleware/VerifyCsrfToken.php(88): Illuminate/Pipeline/Pipeline->Illuminate/Pipeline/{closure}(Object(Illuminate/Http/Request))
#18 C:/xampp/htdocs/repo-tugas-web-app-website/KerjoSam/vendor/laravel/framework/src/Illuminate/Pipeline/Pipeline.php(209): Illuminate/Foundation/Http/Middleware/VerifyCsrfToken->handle(Object(Illuminate/Http/Request), Object(Closure))
#19 C:/xampp/htdocs/repo-tugas-web-app-website/KerjoSam/vendor/laravel/framework/src/Illuminate/View/Middleware/ShareErrorsFromSession.php(49): Illuminate/Pipeline/Pipeline->Illuminate/Pipeline/{closure}(Object(Illuminate/Http/Request))
#20 C:/xampp/htdocs/repo-tugas-web-app-website/KerjoSam/vendor/laravel/framework/src/Illuminate/Pipeline/Pipeline.php(209): Illuminate/View/Middleware/ShareErrorsFromSession->handle(Object(Illuminate/Http/Request), Object(Closure))
#21 C:/xampp/htdocs/repo-tugas-web-app-website/KerjoSam/vendor/laravel/framework/src/Illuminate/Session/Middleware/StartSession.php(121): Illuminate/Pipeline/Pipeline->Illuminate/Pipeline/{closure}(Object(Illuminate/Http/Request))
#22 C:/xampp/htdocs/repo-tugas-web-app-website/KerjoSam/vendor/laravel/framework/src/Illuminate/Session/Middleware/StartSession.php(64): Illuminate/Session/Middleware/StartSession->handleStatefulRequest(Object(Illuminate/Http/Request), Object(Illuminate/Session/Store), Object(Closure))
#23 C:/xampp/htdocs/repo-tugas-web-app-website/KerjoSam/vendor/laravel/framework/src/Illuminate/Pipeline/Pipeline.php(209): Illuminate/Session/Middleware/StartSession->handle(Object(Illuminate/Http/Request), Object(Closure))
#24 C:/xampp/htdocs/repo-tugas-web-app-website/KerjoSam/vendor/laravel/framework/src/Illuminate/Cookie/Middleware/AddQueuedCookiesToResponse.php(37): Illuminate/Pipeline/Pipeline->Illuminate/Pipeline/{closure}(Object(Illuminate/Http/Request))
#25 C:/xampp/htdocs/repo-tugas-web-app-website/KerjoSam/vendor/laravel/framework/src/Illuminate/Pipeline/Pipeline.php(209): Illuminate/Cookie/Middleware/AddQueuedCookiesToResponse->handle(Object(Illuminate/Http/Request), Object(Closure))
#26 C:/xampp/htdocs/repo-tugas-web-app-website/KerjoSam/vendor/laravel/framework/src/Illuminate/Cookie/Middleware/EncryptCookies.php(75): Illuminate/Pipeline/Pipeline->Illuminate/Pipeline/{closure}(Object(Illuminate/Http/Request))
#27 C:/xampp/htdocs/repo-tugas-web-app-website/KerjoSam/vendor/laravel/framework/src/Illuminate/Pipeline/Pipeline.php(209): Illuminate/Cookie/Middleware/EncryptCookies->handle(Object(Illuminate/Http/Request), Object(Closure))
#28 C:/xampp/htdocs/repo-tugas-web-app-website/KerjoSam/vendor/laravel/framework/src/Illuminate/Pipeline/Pipeline.php(127): Illuminate/Pipeline/Pipeline->Illuminate/Pipeline/{closure}(Object(Illuminate/Http/Request))
#29 C:/xampp/htdocs/repo-tugas-web-app-website/KerjoSam/vendor/laravel/framework/src/Illuminate/Routing/Router.php(807): Illuminate/Pipeline/Pipeline->then(Object(Closure))
#30 C:/xampp/htdocs/repo-tugas-web-app-website/KerjoSam/vendor/laravel/framework/src/Illuminate/Routing/Router.php(786): Illuminate/Routing/Router->runRouteWithinStack(Object(Illuminate/Routing/Route), Object(Illuminate/Http/Request))
#31 C:/xampp/htdocs/repo-tugas-web-app-website/KerjoSam/vendor/laravel/framework/src/Illuminate/Routing/Router.php(750): Illuminate/Routing/Router->runRoute(Object(Illuminate/Http/Request), Object(Illuminate/Routing/Route))
#32 C:/xampp/htdocs/repo-tugas-web-app-website/KerjoSam/vendor/laravel/framework/src/Illuminate/Routing/Router.php(739): Illuminate/Routing/Router->dispatchToRoute(Object(Illuminate/Http/Request))
#33 C:/xampp/htdocs/repo-tugas-web-app-website/KerjoSam/vendor/laravel/framework/src/Illuminate/Foundation/Http/Kernel.php(201): Illuminate/Routing/Router->dispatch(Object(Illuminate/Http/Request))
#34 C:/xampp/htdocs/repo-tugas-web-app-website/KerjoSam/vendor/laravel/framework/src/Illuminate/Pipeline/Pipeline.php(170): Illuminate/Foundation/Http/Kernel->Illuminate/Foundation/Http/{closure}(Object(Illuminate/Http/Request))
#35 C:/xampp/htdocs/repo-tugas-web-app-website/KerjoSam/vendor/laravel/framework/src/Illuminate/Foundation/Http/Middleware/TransformsRequest.php(21): Illuminate/Pipeline/Pipeline->Illuminate/Pipeline/{closure}(Object(Illuminate/Http/Request))
#36 C:/xampp/htdocs/repo-tugas-web-app-website/KerjoSam/vendor/laravel/framework/src/Illuminate/Foundation/Http/Middleware/ConvertEmptyStringsToNull.php(31): Illuminate/Foundation/Http/Middleware/TransformsRequest->handle(Object(Illuminate/Http/Request), Object(Closure))
#37 C:/xampp/htdocs/repo-tugas-web-app-website/KerjoSam/vendor/laravel/framework/src/Illuminate/Pipeline/Pipeline.php(209): Illuminate/Foundation/Http/Middleware/ConvertEmptyStringsToNull->handle(Object(Illuminate/Http/Request), Object(Closure))
#38 C:/xampp/htdocs/repo-tugas-web-app-website/KerjoSam/vendor/laravel/framework/src/Illuminate/Foundation/Http/Middleware/TransformsRequest.php(21): Illuminate/Pipeline/Pipeline->Illuminate/Pipeline/{closure}(Object(Illuminate/Http/Request))
#39 C:/xampp/htdocs/repo-tugas-web-app-website/KerjoSam/vendor/laravel/framework/src/Illuminate/Foundation/Http/Middleware/TrimStrings.php(51): Illuminate/Foundation/Http/Middleware/TransformsRequest->handle(Object(Illuminate/Http/Request), Object(Closure))
#40 C:/xampp/htdocs/repo-tugas-web-app-website/KerjoSam/vendor/laravel/framework/src/Illuminate/Pipeline/Pipeline.php(209): Illuminate/Foundation/Http/Middleware/TrimStrings->handle(Object(Illuminate/Http/Request), Object(Closure))
#41 C:/xampp/htdocs/repo-tugas-web-app-website/KerjoSam/vendor/laravel/framework/src/Illuminate/Http/Middleware/ValidatePostSize.php(27): Illuminate/Pipeline/Pipeline->Illuminate/Pipeline/{closure}(Object(Illuminate/Http/Request))
#42 C:/xampp/htdocs/repo-tugas-web-app-website/KerjoSam/vendor/laravel/framework/src/Illuminate/Pipeline/Pipeline.php(209): Illuminate/Http/Middleware/ValidatePostSize->handle(Object(Illuminate/Http/Request), Object(Closure))
#43 C:/xampp/htdocs/repo-tugas-web-app-website/KerjoSam/vendor/laravel/framework/src/Illuminate/Foundation/Http/Middleware/PreventRequestsDuringMaintenance.php(110): Illuminate/Pipeline/Pipeline->Illuminate/Pipeline/{closure}(Object(Illuminate/Http/Request))
#44 C:/xampp/htdocs/repo-tugas-web-app-website/KerjoSam/vendor/laravel/framework/src/Illuminate/Pipeline/Pipeline.php(209): Illuminate/Foundation/Http/Middleware/PreventRequestsDuringMaintenance->handle(Object(Illuminate/Http/Request), Object(Closure))
#45 C:/xampp/htdocs/repo-tugas-web-app-website/KerjoSam/vendor/laravel/framework/src/Illuminate/Http/Middleware/HandleCors.php(49): Illuminate/Pipeline/Pipeline->Illuminate/Pipeline/{closure}(Object(Illuminate/Http/Request))
#46 C:/xampp/htdocs/repo-tugas-web-app-website/KerjoSam/vendor/laravel/framework/src/Illuminate/Pipeline/Pipeline.php(209): Illuminate/Http/Middleware/HandleCors->handle(Object(Illuminate/Http/Request), Object(Closure))
#47 C:/xampp/htdocs/repo-tugas-web-app-website/KerjoSam/vendor/laravel/framework/src/Illuminate/Http/Middleware/TrustProxies.php(58): Illuminate/Pipeline/Pipeline->Illuminate/Pipeline/{closure}(Object(Illuminate/Http/Request))
#48 C:/xampp/htdocs/repo-tugas-web-app-website/KerjoSam/vendor/laravel/framework/src/Illuminate/Pipeline/Pipeline.php(209): Illuminate/Http/Middleware/TrustProxies->handle(Object(Illuminate/Http/Request), Object(Closure))
#49 C:/xampp/htdocs/repo-tugas-web-app-website/KerjoSam/vendor/laravel/framework/src/Illuminate/Foundation/Http/Middleware/InvokeDeferredCallbacks.php(22): Illuminate/Pipeline/Pipeline->Illuminate/Pipeline/{closure}(Object(Illuminate/Http/Request))
#50 C:/xampp/htdocs/repo-tugas-web-app-website/KerjoSam/vendor/laravel/framework/src/Illuminate/Pipeline/Pipeline.php(209): Illuminate/Foundation/Http/Middleware/InvokeDeferredCallbacks->handle(Object(Illuminate/Http/Request), Object(Closure))
#51 C:/xampp/htdocs/repo-tugas-web-app-website/KerjoSam/vendor/laravel/framework/src/Illuminate/Pipeline/Pipeline.php(127): Illuminate/Pipeline/Pipeline->Illuminate/Pipeline/{closure}(Object(Illuminate/Http/Request))
#52 C:/xampp/htdocs/repo-tugas-web-app-website/KerjoSam/vendor/laravel/framework/src/Illuminate/Foundation/Http/Kernel.php(176): Illuminate/Pipeline/Pipeline->then(Object(Closure))
#53 C:/xampp/htdocs/repo-tugas-web-app-website/KerjoSam/vendor/laravel/framework/src/Illuminate/Foundation/Http/Kernel.php(145): Illuminate/Foundation/Http/Kernel->sendRequestThroughRouter(Object(Illuminate/Http/Request))
#54 C:/xampp/htdocs/repo-tugas-web-app-website/KerjoSam/vendor/laravel/framework/src/Illuminate/Foundation/Application.php(1220): Illuminate/Foundation/Http/Kernel->handle(Object(Illuminate/Http/Request))
#55 C:/xampp/htdocs/repo-tugas-web-app-website/KerjoSam/public/index.php(17): Illuminate/Foundation/Application->handleRequest(Object(Illuminate/Http/Request))
#56 C:/xampp/htdocs/repo-tugas-web-app-website/KerjoSam/vendor/laravel/framework/src/Illuminate/Foundation/resources/server.php(23): require_once('C://xampp//htdocs...')
#57 {main}
"} 
[2026-01-17 17:06:20] local.ERROR: Attempt to read property "name" on null (View: C:\xampp\htdocs\repo-tugas-web-app-website\KerjoSam\resources\views\about-us.blade.php) {"exception":"[object] (Illuminate\\View\\ViewException(code: 0): Attempt to read property \"name\" on null (View: C:\\xampp\\htdocs\\repo-tugas-web-app-website\\KerjoSam\\resources\\views\\about-us.blade.php) at C:/xampp/htdocs/repo-tugas-web-app-website/KerjoSam/storage/framework/views/e6b292086be5e81c3114bf71609f04d8.php:64)
[stacktrace]
#0 C:/xampp/htdocs/repo-tugas-web-app-website/KerjoSam/vendor/laravel/framework/src/Illuminate/View/Engines/PhpEngine.php(60): Illuminate/View/Engines/CompilerEngine->handleViewException(Object(ErrorException), 1)
#1 C:/xampp/htdocs/repo-tugas-web-app-website/KerjoSam/vendor/laravel/framework/src/Illuminate/View/Engines/CompilerEngine.php(75): Illuminate/View/Engines/PhpEngine->evaluatePath('C://xampp//htdocs...', Array)
#2 C:/xampp/htdocs/repo-tugas-web-app-website/KerjoSam/vendor/laravel/framework/src/Illuminate/View/View.php(209): Illuminate/View/Engines/CompilerEngine->get('C://xampp//htdocs...', Array)
#3 C:/xampp/htdocs/repo-tugas-web-app-website/KerjoSam/vendor/laravel/framework/src/Illuminate/View/View.php(192): Illuminate/View/View->getContents()
#4 C:/xampp/htdocs/repo-tugas-web-app-website/KerjoSam/vendor/laravel/framework/src/Illuminate/View/View.php(161): Illuminate/View/View->renderContents()
#5 C:/xampp/htdocs/repo-tugas-web-app-website/KerjoSam/vendor/laravel/framework/src/Illuminate/Http/Response.php(79): Illuminate/View/View->render()
#6 C:/xampp/htdocs/repo-tugas-web-app-website/KerjoSam/vendor/laravel/framework/src/Illuminate/Http/Response.php(35): Illuminate/Http/Response->setContent(Object(Illuminate/View/View))
#7 C:/xampp/htdocs/repo-tugas-web-app-website/KerjoSam/vendor/laravel/framework/src/Illuminate/Routing/Router.php(920): Illuminate/Http/Response->__construct(Object(Illuminate/View/View), 200, Array)
#8 C:/xampp/htdocs/repo-tugas-web-app-website/KerjoSam/vendor/laravel/framework/src/Illuminate/Routing/Router.php(887): Illuminate/Routing/Router::toResponse(Object(Illuminate/Http/Request), Object(Illuminate/View/View))
#9 C:/xampp/htdocs/repo-tugas-web-app-website/KerjoSam/vendor/laravel/framework/src/Illuminate/Routing/Router.php(807): Illuminate/Routing/Router->prepareResponse(Object(Illuminate/Http/Request), Object(Illuminate/View/View))
#10 C:/xampp/htdocs/repo-tugas-web-app-website/KerjoSam/vendor/laravel/framework/src/Illuminate/Pipeline/Pipeline.php(170): Illuminate/Routing/Router->Illuminate/Routing/{closure}(Object(Illuminate/Http/Request))
#11 C:/xampp/htdocs/repo-tugas-web-app-website/KerjoSam/vendor/laravel/framework/src/Illuminate/Routing/Middleware/SubstituteBindings.php(51): Illuminate/Pipeline/Pipeline->Illuminate/Pipeline/{closure}(Object(Illuminate/Http/Request))
#12 C:/xampp/htdocs/repo-tugas-web-app-website/KerjoSam/vendor/laravel/framework/src/Illuminate/Pipeline/Pipeline.php(209): Illuminate/Routing/Middleware/SubstituteBindings->handle(Object(Illuminate/Http/Request), Object(Closure))
#13 C:/xampp/htdocs/repo-tugas-web-app-website/KerjoSam/vendor/laravel/framework/src/Illuminate/Foundation/Http/Middleware/VerifyCsrfToken.php(88): Illuminate/Pipeline/Pipeline->Illuminate/Pipeline/{closure}(Object(Illuminate/Http/Request))
#14 C:/xampp/htdocs/repo-tugas-web-app-website/KerjoSam/vendor/laravel/framework/src/Illuminate/Pipeline/Pipeline.php(209): Illuminate/Foundation/Http/Middleware/VerifyCsrfToken->handle(Object(Illuminate/Http/Request), Object(Closure))
#15 C:/xampp/htdocs/repo-tugas-web-app-website/KerjoSam/vendor/laravel/framework/src/Illuminate/View/Middleware/ShareErrorsFromSession.php(49): Illuminate/Pipeline/Pipeline->Illuminate/Pipeline/{closure}(Object(Illuminate/Http/Request))
#16 C:/xampp/htdocs/repo-tugas-web-app-website/KerjoSam/vendor/laravel/framework/src/Illuminate/Pipeline/Pipeline.php(209): Illuminate/View/Middleware/ShareErrorsFromSession->handle(Object(Illuminate/Http/Request), Object(Closure))
#17 C:/xampp/htdocs/repo-tugas-web-app-website/KerjoSam/vendor/laravel/framework/src/Illuminate/Session/Middleware/StartSession.php(121): Illuminate/Pipeline/Pipeline->Illuminate/Pipeline/{closure}(Object(Illuminate/Http/Request))
#18 C:/xampp/htdocs/repo-tugas-web-app-website/KerjoSam/vendor/laravel/framework/src/Illuminate/Session/Middleware/StartSession.php(64): Illuminate/Session/Middleware/StartSession->handleStatefulRequest(Object(Illuminate/Http/Request), Object(Illuminate/Session/Store), Object(Closure))
#19 C:/xampp/htdocs/repo-tugas-web-app-website/KerjoSam/vendor/laravel/framework/src/Illuminate/Pipeline/Pipeline.php(209): Illuminate/Session/Middleware/StartSession->handle(Object(Illuminate/Http/Request), Object(Closure))
#20 C:/xampp/htdocs/repo-tugas-web-app-website/KerjoSam/vendor/laravel/framework/src/Illuminate/Cookie/Middleware/AddQueuedCookiesToResponse.php(37): Illuminate/Pipeline/Pipeline->Illuminate/Pipeline/{closure}(Object(Illuminate/Http/Request))
#21 C:/xampp/htdocs/repo-tugas-web-app-website/KerjoSam/vendor/laravel/framework/src/Illuminate/Pipeline/Pipeline.php(209): Illuminate/Cookie/Middleware/AddQueuedCookiesToResponse->handle(Object(Illuminate/Http/Request), Object(Closure))
#22 C:/xampp/htdocs/repo-tugas-web-app-website/KerjoSam/vendor/laravel/framework/src/Illuminate/Cookie/Middleware/EncryptCookies.php(75): Illuminate/Pipeline/Pipeline->Illuminate/Pipeline/{closure}(Object(Illuminate/Http/Request))
#23 C:/xampp/htdocs/repo-tugas-web-app-website/KerjoSam/vendor/laravel/framework/src/Illuminate/Pipeline/Pipeline.php(209): Illuminate/Cookie/Middleware/EncryptCookies->handle(Object(Illuminate/Http/Request), Object(Closure))
#24 C:/xampp/htdocs/repo-tugas-web-app-website/KerjoSam/vendor/laravel/framework/src/Illuminate/Pipeline/Pipeline.php(127): Illuminate/Pipeline/Pipeline->Illuminate/Pipeline/{closure}(Object(Illuminate/Http/Request))
#25 C:/xampp/htdocs/repo-tugas-web-app-website/KerjoSam/vendor/laravel/framework/src/Illuminate/Routing/Router.php(807): Illuminate/Pipeline/Pipeline->then(Object(Closure))
#26 C:/xampp/htdocs/repo-tugas-web-app-website/KerjoSam/vendor/laravel/framework/src/Illuminate/Routing/Router.php(786): Illuminate/Routing/Router->runRouteWithinStack(Object(Illuminate/Routing/Route), Object(Illuminate/Http/Request))
#27 C:/xampp/htdocs/repo-tugas-web-app-website/KerjoSam/vendor/laravel/framework/src/Illuminate/Routing/Router.php(750): Illuminate/Routing/Router->runRoute(Object(Illuminate/Http/Request), Object(Illuminate/Routing/Route))
#28 C:/xampp/htdocs/repo-tugas-web-app-website/KerjoSam/vendor/laravel/framework/src/Illuminate/Routing/Router.php(739): Illuminate/Routing/Router->dispatchToRoute(Object(Illuminate/Http/Request))
#29 C:/xampp/htdocs/repo-tugas-web-app-website/KerjoSam/vendor/laravel/framework/src/Illuminate/Foundation/Http/Kernel.php(201): Illuminate/Routing/Router->dispatch(Object(Illuminate/Http/Request))
#30 C:/xampp/htdocs/repo-tugas-web-app-website/KerjoSam/vendor/laravel/framework/src/Illuminate/Pipeline/Pipeline.php(170): Illuminate/Foundation/Http/Kernel->Illuminate/Foundation/Http/{closure}(Object(Illuminate/Http/Request))
#31 C:/xampp/htdocs/repo-tugas-web-app-website/KerjoSam/vendor/laravel/framework/src/Illuminate/Foundation/Http/Middleware/TransformsRequest.php(21): Illuminate/Pipeline/Pipeline->Illuminate/Pipeline/{closure}(Object(Illuminate/Http/Request))
#32 C:/xampp/htdocs/repo-tugas-web-app-website/KerjoSam/vendor/laravel/framework/src/Illuminate/Foundation/Http/Middleware/ConvertEmptyStringsToNull.php(31): Illuminate/Foundation/Http/Middleware/TransformsRequest->handle(Object(Illuminate/Http/Request), Object(Closure))
#33 C:/xampp/htdocs/repo-tugas-web-app-website/KerjoSam/vendor/laravel/framework/src/Illuminate/Pipeline/Pipeline.php(209): Illuminate/Foundation/Http/Middleware/ConvertEmptyStringsToNull->handle(Object(Illuminate/Http/Request), Object(Closure))
#34 C:/xampp/htdocs/repo-tugas-web-app-website/KerjoSam/vendor/laravel/framework/src/Illuminate/Foundation/Http/Middleware/TransformsRequest.php(21): Illuminate/Pipeline/Pipeline->Illuminate/Pipeline/{closure}(Object(Illuminate/Http/Request))
#35 C:/xampp/htdocs/repo-tugas-web-app-website/KerjoSam/vendor/laravel/framework/src/Illuminate/Foundation/Http/Middleware/TrimStrings.php(51): Illuminate/Foundation/Http/Middleware/TransformsRequest->handle(Object(Illuminate/Http/Request), Object(Closure))
#36 C:/xampp/htdocs/repo-tugas-web-app-website/KerjoSam/vendor/laravel/framework/src/Illuminate/Pipeline/Pipeline.php(209): Illuminate/Foundation/Http/Middleware/TrimStrings->handle(Object(Illuminate/Http/Request), Object(Closure))
#37 C:/xampp/htdocs/repo-tugas-web-app-website/KerjoSam/vendor/laravel/framework/src/Illuminate/Http/Middleware/ValidatePostSize.php(27): Illuminate/Pipeline/Pipeline->Illuminate/Pipeline/{closure}(Object(Illuminate/Http/Request))
#38 C:/xampp/htdocs/repo-tugas-web-app-website/KerjoSam/vendor/laravel/framework/src/Illuminate/Pipeline/Pipeline.php(209): Illuminate/Http/Middleware/ValidatePostSize->handle(Object(Illuminate/Http/Request), Object(Closure))
#39 C:/xampp/htdocs/repo-tugas-web-app-website/KerjoSam/vendor/laravel/framework/src/Illuminate/Foundation/Http/Middleware/PreventRequestsDuringMaintenance.php(110): Illuminate/Pipeline/Pipeline->Illuminate/Pipeline/{closure}(Object(Illuminate/Http/Request))
#40 C:/xampp/htdocs/repo-tugas-web-app-website/KerjoSam/vendor/laravel/framework/src/Illuminate/Pipeline/Pipeline.php(209): Illuminate/Foundation/Http/Middleware/PreventRequestsDuringMaintenance->handle(Object(Illuminate/Http/Request), Object(Closure))
#41 C:/xampp/htdocs/repo-tugas-web-app-website/KerjoSam/vendor/laravel/framework/src/Illuminate/Http/Middleware/HandleCors.php(49): Illuminate/Pipeline/Pipeline->Illuminate/Pipeline/{closure}(Object(Illuminate/Http/Request))
#42 C:/xampp/htdocs/repo-tugas-web-app-website/KerjoSam/vendor/laravel/framework/src/Illuminate/Pipeline/Pipeline.php(209): Illuminate/Http/Middleware/HandleCors->handle(Object(Illuminate/Http/Request), Object(Closure))
#43 C:/xampp/htdocs/repo-tugas-web-app-website/KerjoSam/vendor/laravel/framework/src/Illuminate/Http/Middleware/TrustProxies.php(58): Illuminate/Pipeline/Pipeline->Illuminate/Pipeline/{closure}(Object(Illuminate/Http/Request))
#44 C:/xampp/htdocs/repo-tugas-web-app-website/KerjoSam/vendor/laravel/framework/src/Illuminate/Pipeline/Pipeline.php(209): Illuminate/Http/Middleware/TrustProxies->handle(Object(Illuminate/Http/Request), Object(Closure))
#45 C:/xampp/htdocs/repo-tugas-web-app-website/KerjoSam/vendor/laravel/framework/src/Illuminate/Foundation/Http/Middleware/InvokeDeferredCallbacks.php(22): Illuminate/Pipeline/Pipeline->Illuminate/Pipeline/{closure}(Object(Illuminate/Http/Request))
#46 C:/xampp/htdocs/repo-tugas-web-app-website/KerjoSam/vendor/laravel/framework/src/Illuminate/Pipeline/Pipeline.php(209): Illuminate/Foundation/Http/Middleware/InvokeDeferredCallbacks->handle(Object(Illuminate/Http/Request), Object(Closure))
#47 C:/xampp/htdocs/repo-tugas-web-app-website/KerjoSam/vendor/laravel/framework/src/Illuminate/Pipeline/Pipeline.php(127): Illuminate/Pipeline/Pipeline->Illuminate/Pipeline/{closure}(Object(Illuminate/Http/Request))
#48 C:/xampp/htdocs/repo-tugas-web-app-website/KerjoSam/vendor/laravel/framework/src/Illuminate/Foundation/Http/Kernel.php(176): Illuminate/Pipeline/Pipeline->then(Object(Closure))
#49 C:/xampp/htdocs/repo-tugas-web-app-website/KerjoSam/vendor/laravel/framework/src/Illuminate/Foundation/Http/Kernel.php(145): Illuminate/Foundation/Http/Kernel->sendRequestThroughRouter(Object(Illuminate/Http/Request))
#50 C:/xampp/htdocs/repo-tugas-web-app-website/KerjoSam/vendor/laravel/framework/src/Illuminate/Foundation/Application.php(1220): Illuminate/Foundation/Http/Kernel->handle(Object(Illuminate/Http/Request))
#51 C:/xampp/htdocs/repo-tugas-web-app-website/KerjoSam/public/index.php(17): Illuminate/Foundation/Application->handleRequest(Object(Illuminate/Http/Request))
#52 C:/xampp/htdocs/repo-tugas-web-app-website/KerjoSam/vendor/laravel/framework/src/Illuminate/Foundation/resources/server.php(23): require_once('C://xampp//htdocs...')
#53 {main}

[previous exception] [object] (ErrorException(code: 0): Attempt to read property \"name\" on null at C:/xampp/htdocs/repo-tugas-web-app-website/KerjoSam/storage/framework/views/e6b292086be5e81c3114bf71609f04d8.php:64)
[stacktrace]
#0 C:/xampp/htdocs/repo-tugas-web-app-website/KerjoSam/vendor/laravel/framework/src/Illuminate/Foundation/Bootstrap/HandleExceptions.php(258): Illuminate/Foundation/Bootstrap/HandleExceptions->handleError(2, 'Attempt to read...', 'C://xampp//htdocs...', 64)
#1 C:/xampp/htdocs/repo-tugas-web-app-website/KerjoSam/storage/framework/views/e6b292086be5e81c3114bf71609f04d8.php(64): Illuminate/Foundation/Bootstrap/HandleExceptions->Illuminate/Foundation/Bootstrap/{closure}(2, 'Attempt to read...', 'C://xampp//htdocs...', 64)
#2 C:/xampp/htdocs/repo-tugas-web-app-website/KerjoSam/vendor/laravel/framework/src/Illuminate/Filesystem/Filesystem.php(123): require('C://xampp//htdocs...')
#3 C:/xampp/htdocs/repo-tugas-web-app-website/KerjoSam/vendor/laravel/framework/src/Illuminate/Filesystem/Filesystem.php(124): Illuminate/Filesystem/Filesystem::Illuminate/Filesystem/{closure}()
#4 C:/xampp/htdocs/repo-tugas-web-app-website/KerjoSam/vendor/laravel/framework/src/Illuminate/View/Engines/PhpEngine.php(58): Illuminate/Filesystem/Filesystem->getRequire('C://xampp//htdocs...', Array)
#5 C:/xampp/htdocs/repo-tugas-web-app-website/KerjoSam/vendor/laravel/framework/src/Illuminate/View/Engines/CompilerEngine.php(75): Illuminate/View/Engines/PhpEngine->evaluatePath('C://xampp//htdocs...', Array)
#6 C:/xampp/htdocs/repo-tugas-web-app-website/KerjoSam/vendor/laravel/framework/src/Illuminate/View/View.php(209): Illuminate/View/Engines/CompilerEngine->get('C://xampp//htdocs...', Array)
#7 C:/xampp/htdocs/repo-tugas-web-app-website/KerjoSam/vendor/laravel/framework/src/Illuminate/View/View.php(192): Illuminate/View/View->getContents()
#8 C:/xampp/htdocs/repo-tugas-web-app-website/KerjoSam/vendor/laravel/framework/src/Illuminate/View/View.php(161): Illuminate/View/View->renderContents()
#9 C:/xampp/htdocs/repo-tugas-web-app-website/KerjoSam/vendor/laravel/framework/src/Illuminate/Http/Response.php(79): Illuminate/View/View->render()
#10 C:/xampp/htdocs/repo-tugas-web-app-website/KerjoSam/vendor/laravel/framework/src/Illuminate/Http/Response.php(35): Illuminate/Http/Response->setContent(Object(Illuminate/View/View))
#11 C:/xampp/htdocs/repo-tugas-web-app-website/KerjoSam/vendor/laravel/framework/src/Illuminate/Routing/Router.php(920): Illuminate/Http/Response->__construct(Object(Illuminate/View/View), 200, Array)
#12 C:/xampp/htdocs/repo-tugas-web-app-website/KerjoSam/vendor/laravel/framework/src/Illuminate/Routing/Router.php(887): Illuminate/Routing/Router::toResponse(Object(Illuminate/Http/Request), Object(Illuminate/View/View))
#13 C:/xampp/htdocs/repo-tugas-web-app-website/KerjoSam/vendor/laravel/framework/src/Illuminate/Routing/Router.php(807): Illuminate/Routing/Router->prepareResponse(Object(Illuminate/Http/Request), Object(Illuminate/View/View))
#14 C:/xampp/htdocs/repo-tugas-web-app-website/KerjoSam/vendor/laravel/framework/src/Illuminate/Pipeline/Pipeline.php(170): Illuminate/Routing/Router->Illuminate/Routing/{closure}(Object(Illuminate/Http/Request))
#15 C:/xampp/htdocs/repo-tugas-web-app-website/KerjoSam/vendor/laravel/framework/src/Illuminate/Routing/Middleware/SubstituteBindings.php(51): Illuminate/Pipeline/Pipeline->Illuminate/Pipeline/{closure}(Object(Illuminate/Http/Request))
#16 C:/xampp/htdocs/repo-tugas-web-app-website/KerjoSam/vendor/laravel/framework/src/Illuminate/Pipeline/Pipeline.php(209): Illuminate/Routing/Middleware/SubstituteBindings->handle(Object(Illuminate/Http/Request), Object(Closure))
#17 C:/xampp/htdocs/repo-tugas-web-app-website/KerjoSam/vendor/laravel/framework/src/Illuminate/Foundation/Http/Middleware/VerifyCsrfToken.php(88): Illuminate/Pipeline/Pipeline->Illuminate/Pipeline/{closure}(Object(Illuminate/Http/Request))
#18 C:/xampp/htdocs/repo-tugas-web-app-website/KerjoSam/vendor/laravel/framework/src/Illuminate/Pipeline/Pipeline.php(209): Illuminate/Foundation/Http/Middleware/VerifyCsrfToken->handle(Object(Illuminate/Http/Request), Object(Closure))
#19 C:/xampp/htdocs/repo-tugas-web-app-website/KerjoSam/vendor/laravel/framework/src/Illuminate/View/Middleware/ShareErrorsFromSession.php(49): Illuminate/Pipeline/Pipeline->Illuminate/Pipeline/{closure}(Object(Illuminate/Http/Request))
#20 C:/xampp/htdocs/repo-tugas-web-app-website/KerjoSam/vendor/laravel/framework/src/Illuminate/Pipeline/Pipeline.php(209): Illuminate/View/Middleware/ShareErrorsFromSession->handle(Object(Illuminate/Http/Request), Object(Closure))
#21 C:/xampp/htdocs/repo-tugas-web-app-website/KerjoSam/vendor/laravel/framework/src/Illuminate/Session/Middleware/StartSession.php(121): Illuminate/Pipeline/Pipeline->Illuminate/Pipeline/{closure}(Object(Illuminate/Http/Request))
#22 C:/xampp/htdocs/repo-tugas-web-app-website/KerjoSam/vendor/laravel/framework/src/Illuminate/Session/Middleware/StartSession.php(64): Illuminate/Session/Middleware/StartSession->handleStatefulRequest(Object(Illuminate/Http/Request), Object(Illuminate/Session/Store), Object(Closure))
#23 C:/xampp/htdocs/repo-tugas-web-app-website/KerjoSam/vendor/laravel/framework/src/Illuminate/Pipeline/Pipeline.php(209): Illuminate/Session/Middleware/StartSession->handle(Object(Illuminate/Http/Request), Object(Closure))
#24 C:/xampp/htdocs/repo-tugas-web-app-website/KerjoSam/vendor/laravel/framework/src/Illuminate/Cookie/Middleware/AddQueuedCookiesToResponse.php(37): Illuminate/Pipeline/Pipeline->Illuminate/Pipeline/{closure}(Object(Illuminate/Http/Request))
#25 C:/xampp/htdocs/repo-tugas-web-app-website/KerjoSam/vendor/laravel/framework/src/Illuminate/Pipeline/Pipeline.php(209): Illuminate/Cookie/Middleware/AddQueuedCookiesToResponse->handle(Object(Illuminate/Http/Request), Object(Closure))
#26 C:/xampp/htdocs/repo-tugas-web-app-website/KerjoSam/vendor/laravel/framework/src/Illuminate/Cookie/Middleware/EncryptCookies.php(75): Illuminate/Pipeline/Pipeline->Illuminate/Pipeline/{closure}(Object(Illuminate/Http/Request))
#27 C:/xampp/htdocs/repo-tugas-web-app-website/KerjoSam/vendor/laravel/framework/src/Illuminate/Pipeline/Pipeline.php(209): Illuminate/Cookie/Middleware/EncryptCookies->handle(Object(Illuminate/Http/Request), Object(Closure))
#28 C:/xampp/htdocs/repo-tugas-web-app-website/KerjoSam/vendor/laravel/framework/src/Illuminate/Pipeline/Pipeline.php(127): Illuminate/Pipeline/Pipeline->Illuminate/Pipeline/{closure}(Object(Illuminate/Http/Request))
#29 C:/xampp/htdocs/repo-tugas-web-app-website/KerjoSam/vendor/laravel/framework/src/Illuminate/Routing/Router.php(807): Illuminate/Pipeline/Pipeline->then(Object(Closure))
#30 C:/xampp/htdocs/repo-tugas-web-app-website/KerjoSam/vendor/laravel/framework/src/Illuminate/Routing/Router.php(786): Illuminate/Routing/Router->runRouteWithinStack(Object(Illuminate/Routing/Route), Object(Illuminate/Http/Request))
#31 C:/xampp/htdocs/repo-tugas-web-app-website/KerjoSam/vendor/laravel/framework/src/Illuminate/Routing/Router.php(750): Illuminate/Routing/Router->runRoute(Object(Illuminate/Http/Request), Object(Illuminate/Routing/Route))
#32 C:/xampp/htdocs/repo-tugas-web-app-website/KerjoSam/vendor/laravel/framework/src/Illuminate/Routing/Router.php(739): Illuminate/Routing/Router->dispatchToRoute(Object(Illuminate/Http/Request))
#33 C:/xampp/htdocs/repo-tugas-web-app-website/KerjoSam/vendor/laravel/framework/src/Illuminate/Foundation/Http/Kernel.php(201): Illuminate/Routing/Router->dispatch(Object(Illuminate/Http/Request))
#34 C:/xampp/htdocs/repo-tugas-web-app-website/KerjoSam/vendor/laravel/framework/src/Illuminate/Pipeline/Pipeline.php(170): Illuminate/Foundation/Http/Kernel->Illuminate/Foundation/Http/{closure}(Object(Illuminate/Http/Request))
#35 C:/xampp/htdocs/repo-tugas-web-app-website/KerjoSam/vendor/laravel/framework/src/Illuminate/Foundation/Http/Middleware/TransformsRequest.php(21): Illuminate/Pipeline/Pipeline->Illuminate/Pipeline/{closure}(Object(Illuminate/Http/Request))
#36 C:/xampp/htdocs/repo-tugas-web-app-website/KerjoSam/vendor/laravel/framework/src/Illuminate/Foundation/Http/Middleware/ConvertEmptyStringsToNull.php(31): Illuminate/Foundation/Http/Middleware/TransformsRequest->handle(Object(Illuminate/Http/Request), Object(Closure))
#37 C:/xampp/htdocs/repo-tugas-web-app-website/KerjoSam/vendor/laravel/framework/src/Illuminate/Pipeline/Pipeline.php(209): Illuminate/Foundation/Http/Middleware/ConvertEmptyStringsToNull->handle(Object(Illuminate/Http/Request), Object(Closure))
#38 C:/xampp/htdocs/repo-tugas-web-app-website/KerjoSam/vendor/laravel/framework/src/Illuminate/Foundation/Http/Middleware/TransformsRequest.php(21): Illuminate/Pipeline/Pipeline->Illuminate/Pipeline/{closure}(Object(Illuminate/Http/Request))
#39 C:/xampp/htdocs/repo-tugas-web-app-website/KerjoSam/vendor/laravel/framework/src/Illuminate/Foundation/Http/Middleware/TrimStrings.php(51): Illuminate/Foundation/Http/Middleware/TransformsRequest->handle(Object(Illuminate/Http/Request), Object(Closure))
#40 C:/xampp/htdocs/repo-tugas-web-app-website/KerjoSam/vendor/laravel/framework/src/Illuminate/Pipeline/Pipeline.php(209): Illuminate/Foundation/Http/Middleware/TrimStrings->handle(Object(Illuminate/Http/Request), Object(Closure))
#41 C:/xampp/htdocs/repo-tugas-web-app-website/KerjoSam/vendor/laravel/framework/src/Illuminate/Http/Middleware/ValidatePostSize.php(27): Illuminate/Pipeline/Pipeline->Illuminate/Pipeline/{closure}(Object(Illuminate/Http/Request))
#42 C:/xampp/htdocs/repo-tugas-web-app-website/KerjoSam/vendor/laravel/framework/src/Illuminate/Pipeline/Pipeline.php(209): Illuminate/Http/Middleware/ValidatePostSize->handle(Object(Illuminate/Http/Request), Object(Closure))
#43 C:/xampp/htdocs/repo-tugas-web-app-website/KerjoSam/vendor/laravel/framework/src/Illuminate/Foundation/Http/Middleware/PreventRequestsDuringMaintenance.php(110): Illuminate/Pipeline/Pipeline->Illuminate/Pipeline/{closure}(Object(Illuminate/Http/Request))
#44 C:/xampp/htdocs/repo-tugas-web-app-website/KerjoSam/vendor/laravel/framework/src/Illuminate/Pipeline/Pipeline.php(209): Illuminate/Foundation/Http/Middleware/PreventRequestsDuringMaintenance->handle(Object(Illuminate/Http/Request), Object(Closure))
#45 C:/xampp/htdocs/repo-tugas-web-app-website/KerjoSam/vendor/laravel/framework/src/Illuminate/Http/Middleware/HandleCors.php(49): Illuminate/Pipeline/Pipeline->Illuminate/Pipeline/{closure}(Object(Illuminate/Http/Request))
#46 C:/xampp/htdocs/repo-tugas-web-app-website/KerjoSam/vendor/laravel/framework/src/Illuminate/Pipeline/Pipeline.php(209): Illuminate/Http/Middleware/HandleCors->handle(Object(Illuminate/Http/Request), Object(Closure))
#47 C:/xampp/htdocs/repo-tugas-web-app-website/KerjoSam/vendor/laravel/framework/src/Illuminate/Http/Middleware/TrustProxies.php(58): Illuminate/Pipeline/Pipeline->Illuminate/Pipeline/{closure}(Object(Illuminate/Http/Request))
#48 C:/xampp/htdocs/repo-tugas-web-app-website/KerjoSam/vendor/laravel/framework/src/Illuminate/Pipeline/Pipeline.php(209): Illuminate/Http/Middleware/TrustProxies->handle(Object(Illuminate/Http/Request), Object(Closure))
#49 C:/xampp/htdocs/repo-tugas-web-app-website/KerjoSam/vendor/laravel/framework/src/Illuminate/Foundation/Http/Middleware/InvokeDeferredCallbacks.php(22): Illuminate/Pipeline/Pipeline->Illuminate/Pipeline/{closure}(Object(Illuminate/Http/Request))
#50 C:/xampp/htdocs/repo-tugas-web-app-website/KerjoSam/vendor/laravel/framework/src/Illuminate/Pipeline/Pipeline.php(209): Illuminate/Foundation/Http/Middleware/InvokeDeferredCallbacks->handle(Object(Illuminate/Http/Request), Object(Closure))
#51 C:/xampp/htdocs/repo-tugas-web-app-website/KerjoSam/vendor/laravel/framework/src/Illuminate/Pipeline/Pipeline.php(127): Illuminate/Pipeline/Pipeline->Illuminate/Pipeline/{closure}(Object(Illuminate/Http/Request))
#52 C:/xampp/htdocs/repo-tugas-web-app-website/KerjoSam/vendor/laravel/framework/src/Illuminate/Foundation/Http/Kernel.php(176): Illuminate/Pipeline/Pipeline->then(Object(Closure))
#53 C:/xampp/htdocs/repo-tugas-web-app-website/KerjoSam/vendor/laravel/framework/src/Illuminate/Foundation/Http/Kernel.php(145): Illuminate/Foundation/Http/Kernel->sendRequestThroughRouter(Object(Illuminate/Http/Request))
#54 C:/xampp/htdocs/repo-tugas-web-app-website/KerjoSam/vendor/laravel/framework/src/Illuminate/Foundation/Application.php(1220): Illuminate/Foundation/Http/Kernel->handle(Object(Illuminate/Http/Request))
#55 C:/xampp/htdocs/repo-tugas-web-app-website/KerjoSam/public/index.php(17): Illuminate/Foundation/Application->handleRequest(Object(Illuminate/Http/Request))
#56 C:/xampp/htdocs/repo-tugas-web-app-website/KerjoSam/vendor/laravel/framework/src/Illuminate/Foundation/resources/server.php(23): require_once('C://xampp//htdocs...')
#57 {main}
"} 
[2026-01-18 13:46:57] local.ERROR: Attempt to read property "name" on null (View: C:\xampp\htdocs\repo-tugas-web-app-website\KerjoSam\resources\views\profileuser.blade.php) {"exception":"[object] (Illuminate\\View\\ViewException(code: 0): Attempt to read property \"name\" on null (View: C:\\xampp\\htdocs\\repo-tugas-web-app-website\\KerjoSam\\resources\\views\\profileuser.blade.php) at C:/xampp/htdocs/repo-tugas-web-app-website/KerjoSam/storage/framework/views/1da6d957db92ca2c192e8ade34efcc28.php:68)
[stacktrace]
#0 C:/xampp/htdocs/repo-tugas-web-app-website/KerjoSam/vendor/laravel/framework/src/Illuminate/View/Engines/PhpEngine.php(60): Illuminate/View/Engines/CompilerEngine->handleViewException(Object(ErrorException), 1)
#1 C:/xampp/htdocs/repo-tugas-web-app-website/KerjoSam/vendor/laravel/framework/src/Illuminate/View/Engines/CompilerEngine.php(75): Illuminate/View/Engines/PhpEngine->evaluatePath('C://xampp//htdocs...', Array)
#2 C:/xampp/htdocs/repo-tugas-web-app-website/KerjoSam/vendor/laravel/framework/src/Illuminate/View/View.php(209): Illuminate/View/Engines/CompilerEngine->get('C://xampp//htdocs...', Array)
#3 C:/xampp/htdocs/repo-tugas-web-app-website/KerjoSam/vendor/laravel/framework/src/Illuminate/View/View.php(192): Illuminate/View/View->getContents()
#4 C:/xampp/htdocs/repo-tugas-web-app-website/KerjoSam/vendor/laravel/framework/src/Illuminate/View/View.php(161): Illuminate/View/View->renderContents()
#5 C:/xampp/htdocs/repo-tugas-web-app-website/KerjoSam/vendor/laravel/framework/src/Illuminate/Http/Response.php(79): Illuminate/View/View->render()
#6 C:/xampp/htdocs/repo-tugas-web-app-website/KerjoSam/vendor/laravel/framework/src/Illuminate/Http/Response.php(35): Illuminate/Http/Response->setContent(Object(Illuminate/View/View))
#7 C:/xampp/htdocs/repo-tugas-web-app-website/KerjoSam/vendor/laravel/framework/src/Illuminate/Routing/Router.php(920): Illuminate/Http/Response->__construct(Object(Illuminate/View/View), 200, Array)
#8 C:/xampp/htdocs/repo-tugas-web-app-website/KerjoSam/vendor/laravel/framework/src/Illuminate/Routing/Router.php(887): Illuminate/Routing/Router::toResponse(Object(Illuminate/Http/Request), Object(Illuminate/View/View))
#9 C:/xampp/htdocs/repo-tugas-web-app-website/KerjoSam/vendor/laravel/framework/src/Illuminate/Routing/Router.php(807): Illuminate/Routing/Router->prepareResponse(Object(Illuminate/Http/Request), Object(Illuminate/View/View))
#10 C:/xampp/htdocs/repo-tugas-web-app-website/KerjoSam/vendor/laravel/framework/src/Illuminate/Pipeline/Pipeline.php(170): Illuminate/Routing/Router->Illuminate/Routing/{closure}(Object(Illuminate/Http/Request))
#11 C:/xampp/htdocs/repo-tugas-web-app-website/KerjoSam/vendor/laravel/framework/src/Illuminate/Routing/Middleware/SubstituteBindings.php(51): Illuminate/Pipeline/Pipeline->Illuminate/Pipeline/{closure}(Object(Illuminate/Http/Request))
#12 C:/xampp/htdocs/repo-tugas-web-app-website/KerjoSam/vendor/laravel/framework/src/Illuminate/Pipeline/Pipeline.php(209): Illuminate/Routing/Middleware/SubstituteBindings->handle(Object(Illuminate/Http/Request), Object(Closure))
#13 C:/xampp/htdocs/repo-tugas-web-app-website/KerjoSam/vendor/laravel/framework/src/Illuminate/Foundation/Http/Middleware/VerifyCsrfToken.php(88): Illuminate/Pipeline/Pipeline->Illuminate/Pipeline/{closure}(Object(Illuminate/Http/Request))
#14 C:/xampp/htdocs/repo-tugas-web-app-website/KerjoSam/vendor/laravel/framework/src/Illuminate/Pipeline/Pipeline.php(209): Illuminate/Foundation/Http/Middleware/VerifyCsrfToken->handle(Object(Illuminate/Http/Request), Object(Closure))
#15 C:/xampp/htdocs/repo-tugas-web-app-website/KerjoSam/vendor/laravel/framework/src/Illuminate/View/Middleware/ShareErrorsFromSession.php(49): Illuminate/Pipeline/Pipeline->Illuminate/Pipeline/{closure}(Object(Illuminate/Http/Request))
#16 C:/xampp/htdocs/repo-tugas-web-app-website/KerjoSam/vendor/laravel/framework/src/Illuminate/Pipeline/Pipeline.php(209): Illuminate/View/Middleware/ShareErrorsFromSession->handle(Object(Illuminate/Http/Request), Object(Closure))
#17 C:/xampp/htdocs/repo-tugas-web-app-website/KerjoSam/vendor/laravel/framework/src/Illuminate/Session/Middleware/StartSession.php(121): Illuminate/Pipeline/Pipeline->Illuminate/Pipeline/{closure}(Object(Illuminate/Http/Request))
#18 C:/xampp/htdocs/repo-tugas-web-app-website/KerjoSam/vendor/laravel/framework/src/Illuminate/Session/Middleware/StartSession.php(64): Illuminate/Session/Middleware/StartSession->handleStatefulRequest(Object(Illuminate/Http/Request), Object(Illuminate/Session/Store), Object(Closure))
#19 C:/xampp/htdocs/repo-tugas-web-app-website/KerjoSam/vendor/laravel/framework/src/Illuminate/Pipeline/Pipeline.php(209): Illuminate/Session/Middleware/StartSession->handle(Object(Illuminate/Http/Request), Object(Closure))
#20 C:/xampp/htdocs/repo-tugas-web-app-website/KerjoSam/vendor/laravel/framework/src/Illuminate/Cookie/Middleware/AddQueuedCookiesToResponse.php(37): Illuminate/Pipeline/Pipeline->Illuminate/Pipeline/{closure}(Object(Illuminate/Http/Request))
#21 C:/xampp/htdocs/repo-tugas-web-app-website/KerjoSam/vendor/laravel/framework/src/Illuminate/Pipeline/Pipeline.php(209): Illuminate/Cookie/Middleware/AddQueuedCookiesToResponse->handle(Object(Illuminate/Http/Request), Object(Closure))
#22 C:/xampp/htdocs/repo-tugas-web-app-website/KerjoSam/vendor/laravel/framework/src/Illuminate/Cookie/Middleware/EncryptCookies.php(75): Illuminate/Pipeline/Pipeline->Illuminate/Pipeline/{closure}(Object(Illuminate/Http/Request))
#23 C:/xampp/htdocs/repo-tugas-web-app-website/KerjoSam/vendor/laravel/framework/src/Illuminate/Pipeline/Pipeline.php(209): Illuminate/Cookie/Middleware/EncryptCookies->handle(Object(Illuminate/Http/Request), Object(Closure))
#24 C:/xampp/htdocs/repo-tugas-web-app-website/KerjoSam/vendor/laravel/framework/src/Illuminate/Pipeline/Pipeline.php(127): Illuminate/Pipeline/Pipeline->Illuminate/Pipeline/{closure}(Object(Illuminate/Http/Request))
#25 C:/xampp/htdocs/repo-tugas-web-app-website/KerjoSam/vendor/laravel/framework/src/Illuminate/Routing/Router.php(807): Illuminate/Pipeline/Pipeline->then(Object(Closure))
#26 C:/xampp/htdocs/repo-tugas-web-app-website/KerjoSam/vendor/laravel/framework/src/Illuminate/Routing/Router.php(786): Illuminate/Routing/Router->runRouteWithinStack(Object(Illuminate/Routing/Route), Object(Illuminate/Http/Request))
#27 C:/xampp/htdocs/repo-tugas-web-app-website/KerjoSam/vendor/laravel/framework/src/Illuminate/Routing/Router.php(750): Illuminate/Routing/Router->runRoute(Object(Illuminate/Http/Request), Object(Illuminate/Routing/Route))
#28 C:/xampp/htdocs/repo-tugas-web-app-website/KerjoSam/vendor/laravel/framework/src/Illuminate/Routing/Router.php(739): Illuminate/Routing/Router->dispatchToRoute(Object(Illuminate/Http/Request))
#29 C:/xampp/htdocs/repo-tugas-web-app-website/KerjoSam/vendor/laravel/framework/src/Illuminate/Foundation/Http/Kernel.php(201): Illuminate/Routing/Router->dispatch(Object(Illuminate/Http/Request))
#30 C:/xampp/htdocs/repo-tugas-web-app-website/KerjoSam/vendor/laravel/framework/src/Illuminate/Pipeline/Pipeline.php(170): Illuminate/Foundation/Http/Kernel->Illuminate/Foundation/Http/{closure}(Object(Illuminate/Http/Request))
#31 C:/xampp/htdocs/repo-tugas-web-app-website/KerjoSam/vendor/laravel/framework/src/Illuminate/Foundation/Http/Middleware/TransformsRequest.php(21): Illuminate/Pipeline/Pipeline->Illuminate/Pipeline/{closure}(Object(Illuminate/Http/Request))
#32 C:/xampp/htdocs/repo-tugas-web-app-website/KerjoSam/vendor/laravel/framework/src/Illuminate/Foundation/Http/Middleware/ConvertEmptyStringsToNull.php(31): Illuminate/Foundation/Http/Middleware/TransformsRequest->handle(Object(Illuminate/Http/Request), Object(Closure))
#33 C:/xampp/htdocs/repo-tugas-web-app-website/KerjoSam/vendor/laravel/framework/src/Illuminate/Pipeline/Pipeline.php(209): Illuminate/Foundation/Http/Middleware/ConvertEmptyStringsToNull->handle(Object(Illuminate/Http/Request), Object(Closure))
#34 C:/xampp/htdocs/repo-tugas-web-app-website/KerjoSam/vendor/laravel/framework/src/Illuminate/Foundation/Http/Middleware/TransformsRequest.php(21): Illuminate/Pipeline/Pipeline->Illuminate/Pipeline/{closure}(Object(Illuminate/Http/Request))
#35 C:/xampp/htdocs/repo-tugas-web-app-website/KerjoSam/vendor/laravel/framework/src/Illuminate/Foundation/Http/Middleware/TrimStrings.php(51): Illuminate/Foundation/Http/Middleware/TransformsRequest->handle(Object(Illuminate/Http/Request), Object(Closure))
#36 C:/xampp/htdocs/repo-tugas-web-app-website/KerjoSam/vendor/laravel/framework/src/Illuminate/Pipeline/Pipeline.php(209): Illuminate/Foundation/Http/Middleware/TrimStrings->handle(Object(Illuminate/Http/Request), Object(Closure))
#37 C:/xampp/htdocs/repo-tugas-web-app-website/KerjoSam/vendor/laravel/framework/src/Illuminate/Http/Middleware/ValidatePostSize.php(27): Illuminate/Pipeline/Pipeline->Illuminate/Pipeline/{closure}(Object(Illuminate/Http/Request))
#38 C:/xampp/htdocs/repo-tugas-web-app-website/KerjoSam/vendor/laravel/framework/src/Illuminate/Pipeline/Pipeline.php(209): Illuminate/Http/Middleware/ValidatePostSize->handle(Object(Illuminate/Http/Request), Object(Closure))
#39 C:/xampp/htdocs/repo-tugas-web-app-website/KerjoSam/vendor/laravel/framework/src/Illuminate/Foundation/Http/Middleware/PreventRequestsDuringMaintenance.php(110): Illuminate/Pipeline/Pipeline->Illuminate/Pipeline/{closure}(Object(Illuminate/Http/Request))
#40 C:/xampp/htdocs/repo-tugas-web-app-website/KerjoSam/vendor/laravel/framework/src/Illuminate/Pipeline/Pipeline.php(209): Illuminate/Foundation/Http/Middleware/PreventRequestsDuringMaintenance->handle(Object(Illuminate/Http/Request), Object(Closure))
#41 C:/xampp/htdocs/repo-tugas-web-app-website/KerjoSam/vendor/laravel/framework/src/Illuminate/Http/Middleware/HandleCors.php(49): Illuminate/Pipeline/Pipeline->Illuminate/Pipeline/{closure}(Object(Illuminate/Http/Request))
#42 C:/xampp/htdocs/repo-tugas-web-app-website/KerjoSam/vendor/laravel/framework/src/Illuminate/Pipeline/Pipeline.php(209): Illuminate/Http/Middleware/HandleCors->handle(Object(Illuminate/Http/Request), Object(Closure))
#43 C:/xampp/htdocs/repo-tugas-web-app-website/KerjoSam/vendor/laravel/framework/src/Illuminate/Http/Middleware/TrustProxies.php(58): Illuminate/Pipeline/Pipeline->Illuminate/Pipeline/{closure}(Object(Illuminate/Http/Request))
#44 C:/xampp/htdocs/repo-tugas-web-app-website/KerjoSam/vendor/laravel/framework/src/Illuminate/Pipeline/Pipeline.php(209): Illuminate/Http/Middleware/TrustProxies->handle(Object(Illuminate/Http/Request), Object(Closure))
#45 C:/xampp/htdocs/repo-tugas-web-app-website/KerjoSam/vendor/laravel/framework/src/Illuminate/Foundation/Http/Middleware/InvokeDeferredCallbacks.php(22): Illuminate/Pipeline/Pipeline->Illuminate/Pipeline/{closure}(Object(Illuminate/Http/Request))
#46 C:/xampp/htdocs/repo-tugas-web-app-website/KerjoSam/vendor/laravel/framework/src/Illuminate/Pipeline/Pipeline.php(209): Illuminate/Foundation/Http/Middleware/InvokeDeferredCallbacks->handle(Object(Illuminate/Http/Request), Object(Closure))
#47 C:/xampp/htdocs/repo-tugas-web-app-website/KerjoSam/vendor/laravel/framework/src/Illuminate/Pipeline/Pipeline.php(127): Illuminate/Pipeline/Pipeline->Illuminate/Pipeline/{closure}(Object(Illuminate/Http/Request))
#48 C:/xampp/htdocs/repo-tugas-web-app-website/KerjoSam/vendor/laravel/framework/src/Illuminate/Foundation/Http/Kernel.php(176): Illuminate/Pipeline/Pipeline->then(Object(Closure))
#49 C:/xampp/htdocs/repo-tugas-web-app-website/KerjoSam/vendor/laravel/framework/src/Illuminate/Foundation/Http/Kernel.php(145): Illuminate/Foundation/Http/Kernel->sendRequestThroughRouter(Object(Illuminate/Http/Request))
#50 C:/xampp/htdocs/repo-tugas-web-app-website/KerjoSam/vendor/laravel/framework/src/Illuminate/Foundation/Application.php(1220): Illuminate/Foundation/Http/Kernel->handle(Object(Illuminate/Http/Request))
#51 C:/xampp/htdocs/repo-tugas-web-app-website/KerjoSam/public/index.php(17): Illuminate/Foundation/Application->handleRequest(Object(Illuminate/Http/Request))
#52 C:/xampp/htdocs/repo-tugas-web-app-website/KerjoSam/vendor/laravel/framework/src/Illuminate/Foundation/resources/server.php(23): require_once('C://xampp//htdocs...')
#53 {main}

[previous exception] [object] (ErrorException(code: 0): Attempt to read property \"name\" on null at C:/xampp/htdocs/repo-tugas-web-app-website/KerjoSam/storage/framework/views/1da6d957db92ca2c192e8ade34efcc28.php:68)
[stacktrace]
#0 C:/xampp/htdocs/repo-tugas-web-app-website/KerjoSam/vendor/laravel/framework/src/Illuminate/Foundation/Bootstrap/HandleExceptions.php(258): Illuminate/Foundation/Bootstrap/HandleExceptions->handleError(2, 'Attempt to read...', 'C://xampp//htdocs...', 68)
#1 C:/xampp/htdocs/repo-tugas-web-app-website/KerjoSam/storage/framework/views/1da6d957db92ca2c192e8ade34efcc28.php(68): Illuminate/Foundation/Bootstrap/HandleExceptions->Illuminate/Foundation/Bootstrap/{closure}(2, 'Attempt to read...', 'C://xampp//htdocs...', 68)
#2 C:/xampp/htdocs/repo-tugas-web-app-website/KerjoSam/vendor/laravel/framework/src/Illuminate/Filesystem/Filesystem.php(123): require('C://xampp//htdocs...')
#3 C:/xampp/htdocs/repo-tugas-web-app-website/KerjoSam/vendor/laravel/framework/src/Illuminate/Filesystem/Filesystem.php(124): Illuminate/Filesystem/Filesystem::Illuminate/Filesystem/{closure}()
#4 C:/xampp/htdocs/repo-tugas-web-app-website/KerjoSam/vendor/laravel/framework/src/Illuminate/View/Engines/PhpEngine.php(58): Illuminate/Filesystem/Filesystem->getRequire('C://xampp//htdocs...', Array)
#5 C:/xampp/htdocs/repo-tugas-web-app-website/KerjoSam/vendor/laravel/framework/src/Illuminate/View/Engines/CompilerEngine.php(75): Illuminate/View/Engines/PhpEngine->evaluatePath('C://xampp//htdocs...', Array)
#6 C:/xampp/htdocs/repo-tugas-web-app-website/KerjoSam/vendor/laravel/framework/src/Illuminate/View/View.php(209): Illuminate/View/Engines/CompilerEngine->get('C://xampp//htdocs...', Array)
#7 C:/xampp/htdocs/repo-tugas-web-app-website/KerjoSam/vendor/laravel/framework/src/Illuminate/View/View.php(192): Illuminate/View/View->getContents()
#8 C:/xampp/htdocs/repo-tugas-web-app-website/KerjoSam/vendor/laravel/framework/src/Illuminate/View/View.php(161): Illuminate/View/View->renderContents()
#9 C:/xampp/htdocs/repo-tugas-web-app-website/KerjoSam/vendor/laravel/framework/src/Illuminate/Http/Response.php(79): Illuminate/View/View->render()
#10 C:/xampp/htdocs/repo-tugas-web-app-website/KerjoSam/vendor/laravel/framework/src/Illuminate/Http/Response.php(35): Illuminate/Http/Response->setContent(Object(Illuminate/View/View))
#11 C:/xampp/htdocs/repo-tugas-web-app-website/KerjoSam/vendor/laravel/framework/src/Illuminate/Routing/Router.php(920): Illuminate/Http/Response->__construct(Object(Illuminate/View/View), 200, Array)
#12 C:/xampp/htdocs/repo-tugas-web-app-website/KerjoSam/vendor/laravel/framework/src/Illuminate/Routing/Router.php(887): Illuminate/Routing/Router::toResponse(Object(Illuminate/Http/Request), Object(Illuminate/View/View))
#13 C:/xampp/htdocs/repo-tugas-web-app-website/KerjoSam/vendor/laravel/framework/src/Illuminate/Routing/Router.php(807): Illuminate/Routing/Router->prepareResponse(Object(Illuminate/Http/Request), Object(Illuminate/View/View))
#14 C:/xampp/htdocs/repo-tugas-web-app-website/KerjoSam/vendor/laravel/framework/src/Illuminate/Pipeline/Pipeline.php(170): Illuminate/Routing/Router->Illuminate/Routing/{closure}(Object(Illuminate/Http/Request))
#15 C:/xampp/htdocs/repo-tugas-web-app-website/KerjoSam/vendor/laravel/framework/src/Illuminate/Routing/Middleware/SubstituteBindings.php(51): Illuminate/Pipeline/Pipeline->Illuminate/Pipeline/{closure}(Object(Illuminate/Http/Request))
#16 C:/xampp/htdocs/repo-tugas-web-app-website/KerjoSam/vendor/laravel/framework/src/Illuminate/Pipeline/Pipeline.php(209): Illuminate/Routing/Middleware/SubstituteBindings->handle(Object(Illuminate/Http/Request), Object(Closure))
#17 C:/xampp/htdocs/repo-tugas-web-app-website/KerjoSam/vendor/laravel/framework/src/Illuminate/Foundation/Http/Middleware/VerifyCsrfToken.php(88): Illuminate/Pipeline/Pipeline->Illuminate/Pipeline/{closure}(Object(Illuminate/Http/Request))
#18 C:/xampp/htdocs/repo-tugas-web-app-website/KerjoSam/vendor/laravel/framework/src/Illuminate/Pipeline/Pipeline.php(209): Illuminate/Foundation/Http/Middleware/VerifyCsrfToken->handle(Object(Illuminate/Http/Request), Object(Closure))
#19 C:/xampp/htdocs/repo-tugas-web-app-website/KerjoSam/vendor/laravel/framework/src/Illuminate/View/Middleware/ShareErrorsFromSession.php(49): Illuminate/Pipeline/Pipeline->Illuminate/Pipeline/{closure}(Object(Illuminate/Http/Request))
#20 C:/xampp/htdocs/repo-tugas-web-app-website/KerjoSam/vendor/laravel/framework/src/Illuminate/Pipeline/Pipeline.php(209): Illuminate/View/Middleware/ShareErrorsFromSession->handle(Object(Illuminate/Http/Request), Object(Closure))
#21 C:/xampp/htdocs/repo-tugas-web-app-website/KerjoSam/vendor/laravel/framework/src/Illuminate/Session/Middleware/StartSession.php(121): Illuminate/Pipeline/Pipeline->Illuminate/Pipeline/{closure}(Object(Illuminate/Http/Request))
#22 C:/xampp/htdocs/repo-tugas-web-app-website/KerjoSam/vendor/laravel/framework/src/Illuminate/Session/Middleware/StartSession.php(64): Illuminate/Session/Middleware/StartSession->handleStatefulRequest(Object(Illuminate/Http/Request), Object(Illuminate/Session/Store), Object(Closure))
#23 C:/xampp/htdocs/repo-tugas-web-app-website/KerjoSam/vendor/laravel/framework/src/Illuminate/Pipeline/Pipeline.php(209): Illuminate/Session/Middleware/StartSession->handle(Object(Illuminate/Http/Request), Object(Closure))
#24 C:/xampp/htdocs/repo-tugas-web-app-website/KerjoSam/vendor/laravel/framework/src/Illuminate/Cookie/Middleware/AddQueuedCookiesToResponse.php(37): Illuminate/Pipeline/Pipeline->Illuminate/Pipeline/{closure}(Object(Illuminate/Http/Request))
#25 C:/xampp/htdocs/repo-tugas-web-app-website/KerjoSam/vendor/laravel/framework/src/Illuminate/Pipeline/Pipeline.php(209): Illuminate/Cookie/Middleware/AddQueuedCookiesToResponse->handle(Object(Illuminate/Http/Request), Object(Closure))
#26 C:/xampp/htdocs/repo-tugas-web-app-website/KerjoSam/vendor/laravel/framework/src/Illuminate/Cookie/Middleware/EncryptCookies.php(75): Illuminate/Pipeline/Pipeline->Illuminate/Pipeline/{closure}(Object(Illuminate/Http/Request))
#27 C:/xampp/htdocs/repo-tugas-web-app-website/KerjoSam/vendor/laravel/framework/src/Illuminate/Pipeline/Pipeline.php(209): Illuminate/Cookie/Middleware/EncryptCookies->handle(Object(Illuminate/Http/Request), Object(Closure))
#28 C:/xampp/htdocs/repo-tugas-web-app-website/KerjoSam/vendor/laravel/framework/src/Illuminate/Pipeline/Pipeline.php(127): Illuminate/Pipeline/Pipeline->Illuminate/Pipeline/{closure}(Object(Illuminate/Http/Request))
#29 C:/xampp/htdocs/repo-tugas-web-app-website/KerjoSam/vendor/laravel/framework/src/Illuminate/Routing/Router.php(807): Illuminate/Pipeline/Pipeline->then(Object(Closure))
#30 C:/xampp/htdocs/repo-tugas-web-app-website/KerjoSam/vendor/laravel/framework/src/Illuminate/Routing/Router.php(786): Illuminate/Routing/Router->runRouteWithinStack(Object(Illuminate/Routing/Route), Object(Illuminate/Http/Request))
#31 C:/xampp/htdocs/repo-tugas-web-app-website/KerjoSam/vendor/laravel/framework/src/Illuminate/Routing/Router.php(750): Illuminate/Routing/Router->runRoute(Object(Illuminate/Http/Request), Object(Illuminate/Routing/Route))
#32 C:/xampp/htdocs/repo-tugas-web-app-website/KerjoSam/vendor/laravel/framework/src/Illuminate/Routing/Router.php(739): Illuminate/Routing/Router->dispatchToRoute(Object(Illuminate/Http/Request))
#33 C:/xampp/htdocs/repo-tugas-web-app-website/KerjoSam/vendor/laravel/framework/src/Illuminate/Foundation/Http/Kernel.php(201): Illuminate/Routing/Router->dispatch(Object(Illuminate/Http/Request))
#34 C:/xampp/htdocs/repo-tugas-web-app-website/KerjoSam/vendor/laravel/framework/src/Illuminate/Pipeline/Pipeline.php(170): Illuminate/Foundation/Http/Kernel->Illuminate/Foundation/Http/{closure}(Object(Illuminate/Http/Request))
#35 C:/xampp/htdocs/repo-tugas-web-app-website/KerjoSam/vendor/laravel/framework/src/Illuminate/Foundation/Http/Middleware/TransformsRequest.php(21): Illuminate/Pipeline/Pipeline->Illuminate/Pipeline/{closure}(Object(Illuminate/Http/Request))
#36 C:/xampp/htdocs/repo-tugas-web-app-website/KerjoSam/vendor/laravel/framework/src/Illuminate/Foundation/Http/Middleware/ConvertEmptyStringsToNull.php(31): Illuminate/Foundation/Http/Middleware/TransformsRequest->handle(Object(Illuminate/Http/Request), Object(Closure))
#37 C:/xampp/htdocs/repo-tugas-web-app-website/KerjoSam/vendor/laravel/framework/src/Illuminate/Pipeline/Pipeline.php(209): Illuminate/Foundation/Http/Middleware/ConvertEmptyStringsToNull->handle(Object(Illuminate/Http/Request), Object(Closure))
#38 C:/xampp/htdocs/repo-tugas-web-app-website/KerjoSam/vendor/laravel/framework/src/Illuminate/Foundation/Http/Middleware/TransformsRequest.php(21): Illuminate/Pipeline/Pipeline->Illuminate/Pipeline/{closure}(Object(Illuminate/Http/Request))
#39 C:/xampp/htdocs/repo-tugas-web-app-website/KerjoSam/vendor/laravel/framework/src/Illuminate/Foundation/Http/Middleware/TrimStrings.php(51): Illuminate/Foundation/Http/Middleware/TransformsRequest->handle(Object(Illuminate/Http/Request), Object(Closure))
#40 C:/xampp/htdocs/repo-tugas-web-app-website/KerjoSam/vendor/laravel/framework/src/Illuminate/Pipeline/Pipeline.php(209): Illuminate/Foundation/Http/Middleware/TrimStrings->handle(Object(Illuminate/Http/Request), Object(Closure))
#41 C:/xampp/htdocs/repo-tugas-web-app-website/KerjoSam/vendor/laravel/framework/src/Illuminate/Http/Middleware/ValidatePostSize.php(27): Illuminate/Pipeline/Pipeline->Illuminate/Pipeline/{closure}(Object(Illuminate/Http/Request))
#42 C:/xampp/htdocs/repo-tugas-web-app-website/KerjoSam/vendor/laravel/framework/src/Illuminate/Pipeline/Pipeline.php(209): Illuminate/Http/Middleware/ValidatePostSize->handle(Object(Illuminate/Http/Request), Object(Closure))
#43 C:/xampp/htdocs/repo-tugas-web-app-website/KerjoSam/vendor/laravel/framework/src/Illuminate/Foundation/Http/Middleware/PreventRequestsDuringMaintenance.php(110): Illuminate/Pipeline/Pipeline->Illuminate/Pipeline/{closure}(Object(Illuminate/Http/Request))
#44 C:/xampp/htdocs/repo-tugas-web-app-website/KerjoSam/vendor/laravel/framework/src/Illuminate/Pipeline/Pipeline.php(209): Illuminate/Foundation/Http/Middleware/PreventRequestsDuringMaintenance->handle(Object(Illuminate/Http/Request), Object(Closure))
#45 C:/xampp/htdocs/repo-tugas-web-app-website/KerjoSam/vendor/laravel/framework/src/Illuminate/Http/Middleware/HandleCors.php(49): Illuminate/Pipeline/Pipeline->Illuminate/Pipeline/{closure}(Object(Illuminate/Http/Request))
#46 C:/xampp/htdocs/repo-tugas-web-app-website/KerjoSam/vendor/laravel/framework/src/Illuminate/Pipeline/Pipeline.php(209): Illuminate/Http/Middleware/HandleCors->handle(Object(Illuminate/Http/Request), Object(Closure))
#47 C:/xampp/htdocs/repo-tugas-web-app-website/KerjoSam/vendor/laravel/framework/src/Illuminate/Http/Middleware/TrustProxies.php(58): Illuminate/Pipeline/Pipeline->Illuminate/Pipeline/{closure}(Object(Illuminate/Http/Request))
#48 C:/xampp/htdocs/repo-tugas-web-app-website/KerjoSam/vendor/laravel/framework/src/Illuminate/Pipeline/Pipeline.php(209): Illuminate/Http/Middleware/TrustProxies->handle(Object(Illuminate/Http/Request), Object(Closure))
#49 C:/xampp/htdocs/repo-tugas-web-app-website/KerjoSam/vendor/laravel/framework/src/Illuminate/Foundation/Http/Middleware/InvokeDeferredCallbacks.php(22): Illuminate/Pipeline/Pipeline->Illuminate/Pipeline/{closure}(Object(Illuminate/Http/Request))
#50 C:/xampp/htdocs/repo-tugas-web-app-website/KerjoSam/vendor/laravel/framework/src/Illuminate/Pipeline/Pipeline.php(209): Illuminate/Foundation/Http/Middleware/InvokeDeferredCallbacks->handle(Object(Illuminate/Http/Request), Object(Closure))
#51 C:/xampp/htdocs/repo-tugas-web-app-website/KerjoSam/vendor/laravel/framework/src/Illuminate/Pipeline/Pipeline.php(127): Illuminate/Pipeline/Pipeline->Illuminate/Pipeline/{closure}(Object(Illuminate/Http/Request))
#52 C:/xampp/htdocs/repo-tugas-web-app-website/KerjoSam/vendor/laravel/framework/src/Illuminate/Foundation/Http/Kernel.php(176): Illuminate/Pipeline/Pipeline->then(Object(Closure))
#53 C:/xampp/htdocs/repo-tugas-web-app-website/KerjoSam/vendor/laravel/framework/src/Illuminate/Foundation/Http/Kernel.php(145): Illuminate/Foundation/Http/Kernel->sendRequestThroughRouter(Object(Illuminate/Http/Request))
#54 C:/xampp/htdocs/repo-tugas-web-app-website/KerjoSam/vendor/laravel/framework/src/Illuminate/Foundation/Application.php(1220): Illuminate/Foundation/Http/Kernel->handle(Object(Illuminate/Http/Request))
#55 C:/xampp/htdocs/repo-tugas-web-app-website/KerjoSam/public/index.php(17): Illuminate/Foundation/Application->handleRequest(Object(Illuminate/Http/Request))
#56 C:/xampp/htdocs/repo-tugas-web-app-website/KerjoSam/vendor/laravel/framework/src/Illuminate/Foundation/resources/server.php(23): require_once('C://xampp//htdocs...')
#57 {main}
"} 
[2026-01-18 15:58:50] local.ERROR: SQLSTATE[HY000] [2002] No connection could be made because the target machine actively refused it (Connection: mysql, SQL: select * from `sessions` where `id` = v8zWBy2fpAZAfwSJquTZuLs36UeZ738pWLetC6JH limit 1) {"exception":"[object] (Illuminate\\Database\\QueryException(code: 2002): SQLSTATE[HY000] [2002] No connection could be made because the target machine actively refused it (Connection: mysql, SQL: select * from `sessions` where `id` = v8zWBy2fpAZAfwSJquTZuLs36UeZ738pWLetC6JH limit 1) at C:/xampp/htdocs/repo-tugas-web-app-website/KerjoSam/vendor/laravel/framework/src/Illuminate/Database/Connection.php:825)
[stacktrace]
#0 C:/xampp/htdocs/repo-tugas-web-app-website/KerjoSam/vendor/laravel/framework/src/Illuminate/Database/Connection.php(979): Illuminate/Database/Connection->runQueryCallback('select * from `...', Array, Object(Closure))
#1 C:/xampp/htdocs/repo-tugas-web-app-website/KerjoSam/vendor/laravel/framework/src/Illuminate/Database/Connection.php(958): Illuminate/Database/Connection->tryAgainIfCausedByLostConnection(Object(Illuminate/Database/QueryException), 'select * from `...', Array, Object(Closure))
#2 C:/xampp/htdocs/repo-tugas-web-app-website/KerjoSam/vendor/laravel/framework/src/Illuminate/Database/Connection.php(781): Illuminate/Database/Connection->handleQueryException(Object(Illuminate/Database/QueryException), 'select * from `...', Array, Object(Closure))
#3 C:/xampp/htdocs/repo-tugas-web-app-website/KerjoSam/vendor/laravel/framework/src/Illuminate/Database/Connection.php(398): Illuminate/Database/Connection->run('select * from `...', Array, Object(Closure))
#4 C:/xampp/htdocs/repo-tugas-web-app-website/KerjoSam/vendor/laravel/framework/src/Illuminate/Database/Query/Builder.php(3106): Illuminate/Database/Connection->select('select * from `...', Array, false)
#5 C:/xampp/htdocs/repo-tugas-web-app-website/KerjoSam/vendor/laravel/framework/src/Illuminate/Database/Query/Builder.php(3091): Illuminate/Database/Query/Builder->runSelect()
#6 C:/xampp/htdocs/repo-tugas-web-app-website/KerjoSam/vendor/laravel/framework/src/Illuminate/Database/Query/Builder.php(3676): Illuminate/Database/Query/Builder->Illuminate/Database/Query/{closure}()
#7 C:/xampp/htdocs/repo-tugas-web-app-website/KerjoSam/vendor/laravel/framework/src/Illuminate/Database/Query/Builder.php(3090): Illuminate/Database/Query/Builder->onceWithColumns(Array, Object(Closure))
#8 C:/xampp/htdocs/repo-tugas-web-app-website/KerjoSam/vendor/laravel/framework/src/Illuminate/Database/Concerns/BuildsQueries.php(343): Illuminate/Database/Query/Builder->get(Array)
#9 C:/xampp/htdocs/repo-tugas-web-app-website/KerjoSam/vendor/laravel/framework/src/Illuminate/Database/Query/Builder.php(3013): Illuminate/Database/Query/Builder->first(Array)
#10 C:/xampp/htdocs/repo-tugas-web-app-website/KerjoSam/vendor/laravel/framework/src/Illuminate/Session/DatabaseSessionHandler.php(97): Illuminate/Database/Query/Builder->find('v8zWBy2fpAZAfwS...')
#11 C:/xampp/htdocs/repo-tugas-web-app-website/KerjoSam/vendor/laravel/framework/src/Illuminate/Session/Store.php(117): Illuminate/Session/DatabaseSessionHandler->read('v8zWBy2fpAZAfwS...')
#12 C:/xampp/htdocs/repo-tugas-web-app-website/KerjoSam/vendor/laravel/framework/src/Illuminate/Session/Store.php(105): Illuminate/Session/Store->readFromHandler()
#13 C:/xampp/htdocs/repo-tugas-web-app-website/KerjoSam/vendor/laravel/framework/src/Illuminate/Session/Store.php(89): Illuminate/Session/Store->loadSession()
#14 C:/xampp/htdocs/repo-tugas-web-app-website/KerjoSam/vendor/laravel/framework/src/Illuminate/Session/Middleware/StartSession.php(147): Illuminate/Session/Store->start()
#15 C:/xampp/htdocs/repo-tugas-web-app-website/KerjoSam/vendor/laravel/framework/src/Illuminate/Support/helpers.php(399): Illuminate/Session/Middleware/StartSession->Illuminate/Session/Middleware/{closure}(Object(Illuminate/Session/Store))
#16 C:/xampp/htdocs/repo-tugas-web-app-website/KerjoSam/vendor/laravel/framework/src/Illuminate/Session/Middleware/StartSession.php(144): tap(Object(Illuminate/Session/Store), Object(Closure))
#17 C:/xampp/htdocs/repo-tugas-web-app-website/KerjoSam/vendor/laravel/framework/src/Illuminate/Session/Middleware/StartSession.php(116): Illuminate/Session/Middleware/StartSession->startSession(Object(Illuminate/Http/Request), Object(Illuminate/Session/Store))
#18 C:/xampp/htdocs/repo-tugas-web-app-website/KerjoSam/vendor/laravel/framework/src/Illuminate/Session/Middleware/StartSession.php(64): Illuminate/Session/Middleware/StartSession->handleStatefulRequest(Object(Illuminate/Http/Request), Object(Illuminate/Session/Store), Object(Closure))
#19 C:/xampp/htdocs/repo-tugas-web-app-website/KerjoSam/vendor/laravel/framework/src/Illuminate/Pipeline/Pipeline.php(209): Illuminate/Session/Middleware/StartSession->handle(Object(Illuminate/Http/Request), Object(Closure))
#20 C:/xampp/htdocs/repo-tugas-web-app-website/KerjoSam/vendor/laravel/framework/src/Illuminate/Cookie/Middleware/AddQueuedCookiesToResponse.php(37): Illuminate/Pipeline/Pipeline->Illuminate/Pipeline/{closure}(Object(Illuminate/Http/Request))
#21 C:/xampp/htdocs/repo-tugas-web-app-website/KerjoSam/vendor/laravel/framework/src/Illuminate/Pipeline/Pipeline.php(209): Illuminate/Cookie/Middleware/AddQueuedCookiesToResponse->handle(Object(Illuminate/Http/Request), Object(Closure))
#22 C:/xampp/htdocs/repo-tugas-web-app-website/KerjoSam/vendor/laravel/framework/src/Illuminate/Cookie/Middleware/EncryptCookies.php(75): Illuminate/Pipeline/Pipeline->Illuminate/Pipeline/{closure}(Object(Illuminate/Http/Request))
#23 C:/xampp/htdocs/repo-tugas-web-app-website/KerjoSam/vendor/laravel/framework/src/Illuminate/Pipeline/Pipeline.php(209): Illuminate/Cookie/Middleware/EncryptCookies->handle(Object(Illuminate/Http/Request), Object(Closure))
#24 C:/xampp/htdocs/repo-tugas-web-app-website/KerjoSam/vendor/laravel/framework/src/Illuminate/Pipeline/Pipeline.php(127): Illuminate/Pipeline/Pipeline->Illuminate/Pipeline/{closure}(Object(Illuminate/Http/Request))
#25 C:/xampp/htdocs/repo-tugas-web-app-website/KerjoSam/vendor/laravel/framework/src/Illuminate/Routing/Router.php(807): Illuminate/Pipeline/Pipeline->then(Object(Closure))
#26 C:/xampp/htdocs/repo-tugas-web-app-website/KerjoSam/vendor/laravel/framework/src/Illuminate/Routing/Router.php(786): Illuminate/Routing/Router->runRouteWithinStack(Object(Illuminate/Routing/Route), Object(Illuminate/Http/Request))
#27 C:/xampp/htdocs/repo-tugas-web-app-website/KerjoSam/vendor/laravel/framework/src/Illuminate/Routing/Router.php(750): Illuminate/Routing/Router->runRoute(Object(Illuminate/Http/Request), Object(Illuminate/Routing/Route))
#28 C:/xampp/htdocs/repo-tugas-web-app-website/KerjoSam/vendor/laravel/framework/src/Illuminate/Routing/Router.php(739): Illuminate/Routing/Router->dispatchToRoute(Object(Illuminate/Http/Request))
#29 C:/xampp/htdocs/repo-tugas-web-app-website/KerjoSam/vendor/laravel/framework/src/Illuminate/Foundation/Http/Kernel.php(201): Illuminate/Routing/Router->dispatch(Object(Illuminate/Http/Request))
#30 C:/xampp/htdocs/repo-tugas-web-app-website/KerjoSam/vendor/laravel/framework/src/Illuminate/Pipeline/Pipeline.php(170): Illuminate/Foundation/Http/Kernel->Illuminate/Foundation/Http/{closure}(Object(Illuminate/Http/Request))
#31 C:/xampp/htdocs/repo-tugas-web-app-website/KerjoSam/vendor/laravel/framework/src/Illuminate/Foundation/Http/Middleware/TransformsRequest.php(21): Illuminate/Pipeline/Pipeline->Illuminate/Pipeline/{closure}(Object(Illuminate/Http/Request))
#32 C:/xampp/htdocs/repo-tugas-web-app-website/KerjoSam/vendor/laravel/framework/src/Illuminate/Foundation/Http/Middleware/ConvertEmptyStringsToNull.php(31): Illuminate/Foundation/Http/Middleware/TransformsRequest->handle(Object(Illuminate/Http/Request), Object(Closure))
#33 C:/xampp/htdocs/repo-tugas-web-app-website/KerjoSam/vendor/laravel/framework/src/Illuminate/Pipeline/Pipeline.php(209): Illuminate/Foundation/Http/Middleware/ConvertEmptyStringsToNull->handle(Object(Illuminate/Http/Request), Object(Closure))
#34 C:/xampp/htdocs/repo-tugas-web-app-website/KerjoSam/vendor/laravel/framework/src/Illuminate/Foundation/Http/Middleware/TransformsRequest.php(21): Illuminate/Pipeline/Pipeline->Illuminate/Pipeline/{closure}(Object(Illuminate/Http/Request))
#35 C:/xampp/htdocs/repo-tugas-web-app-website/KerjoSam/vendor/laravel/framework/src/Illuminate/Foundation/Http/Middleware/TrimStrings.php(51): Illuminate/Foundation/Http/Middleware/TransformsRequest->handle(Object(Illuminate/Http/Request), Object(Closure))
#36 C:/xampp/htdocs/repo-tugas-web-app-website/KerjoSam/vendor/laravel/framework/src/Illuminate/Pipeline/Pipeline.php(209): Illuminate/Foundation/Http/Middleware/TrimStrings->handle(Object(Illuminate/Http/Request), Object(Closure))
#37 C:/xampp/htdocs/repo-tugas-web-app-website/KerjoSam/vendor/laravel/framework/src/Illuminate/Http/Middleware/ValidatePostSize.php(27): Illuminate/Pipeline/Pipeline->Illuminate/Pipeline/{closure}(Object(Illuminate/Http/Request))
#38 C:/xampp/htdocs/repo-tugas-web-app-website/KerjoSam/vendor/laravel/framework/src/Illuminate/Pipeline/Pipeline.php(209): Illuminate/Http/Middleware/ValidatePostSize->handle(Object(Illuminate/Http/Request), Object(Closure))
#39 C:/xampp/htdocs/repo-tugas-web-app-website/KerjoSam/vendor/laravel/framework/src/Illuminate/Foundation/Http/Middleware/PreventRequestsDuringMaintenance.php(110): Illuminate/Pipeline/Pipeline->Illuminate/Pipeline/{closure}(Object(Illuminate/Http/Request))
#40 C:/xampp/htdocs/repo-tugas-web-app-website/KerjoSam/vendor/laravel/framework/src/Illuminate/Pipeline/Pipeline.php(209): Illuminate/Foundation/Http/Middleware/PreventRequestsDuringMaintenance->handle(Object(Illuminate/Http/Request), Object(Closure))
#41 C:/xampp/htdocs/repo-tugas-web-app-website/KerjoSam/vendor/laravel/framework/src/Illuminate/Http/Middleware/HandleCors.php(49): Illuminate/Pipeline/Pipeline->Illuminate/Pipeline/{closure}(Object(Illuminate/Http/Request))
#42 C:/xampp/htdocs/repo-tugas-web-app-website/KerjoSam/vendor/laravel/framework/src/Illuminate/Pipeline/Pipeline.php(209): Illuminate/Http/Middleware/HandleCors->handle(Object(Illuminate/Http/Request), Object(Closure))
#43 C:/xampp/htdocs/repo-tugas-web-app-website/KerjoSam/vendor/laravel/framework/src/Illuminate/Http/Middleware/TrustProxies.php(58): Illuminate/Pipeline/Pipeline->Illuminate/Pipeline/{closure}(Object(Illuminate/Http/Request))
#44 C:/xampp/htdocs/repo-tugas-web-app-website/KerjoSam/vendor/laravel/framework/src/Illuminate/Pipeline/Pipeline.php(209): Illuminate/Http/Middleware/TrustProxies->handle(Object(Illuminate/Http/Request), Object(Closure))
#45 C:/xampp/htdocs/repo-tugas-web-app-website/KerjoSam/vendor/laravel/framework/src/Illuminate/Foundation/Http/Middleware/InvokeDeferredCallbacks.php(22): Illuminate/Pipeline/Pipeline->Illuminate/Pipeline/{closure}(Object(Illuminate/Http/Request))
#46 C:/xampp/htdocs/repo-tugas-web-app-website/KerjoSam/vendor/laravel/framework/src/Illuminate/Pipeline/Pipeline.php(209): Illuminate/Foundation/Http/Middleware/InvokeDeferredCallbacks->handle(Object(Illuminate/Http/Request), Object(Closure))
#47 C:/xampp/htdocs/repo-tugas-web-app-website/KerjoSam/vendor/laravel/framework/src/Illuminate/Pipeline/Pipeline.php(127): Illuminate/Pipeline/Pipeline->Illuminate/Pipeline/{closure}(Object(Illuminate/Http/Request))
#48 C:/xampp/htdocs/repo-tugas-web-app-website/KerjoSam/vendor/laravel/framework/src/Illuminate/Foundation/Http/Kernel.php(176): Illuminate/Pipeline/Pipeline->then(Object(Closure))
#49 C:/xampp/htdocs/repo-tugas-web-app-website/KerjoSam/vendor/laravel/framework/src/Illuminate/Foundation/Http/Kernel.php(145): Illuminate/Foundation/Http/Kernel->sendRequestThroughRouter(Object(Illuminate/Http/Request))
#50 C:/xampp/htdocs/repo-tugas-web-app-website/KerjoSam/vendor/laravel/framework/src/Illuminate/Foundation/Application.php(1220): Illuminate/Foundation/Http/Kernel->handle(Object(Illuminate/Http/Request))
#51 C:/xampp/htdocs/repo-tugas-web-app-website/KerjoSam/public/index.php(17): Illuminate/Foundation/Application->handleRequest(Object(Illuminate/Http/Request))
#52 C:/xampp/htdocs/repo-tugas-web-app-website/KerjoSam/vendor/laravel/framework/src/Illuminate/Foundation/resources/server.php(23): require_once('C://xampp//htdocs...')
#53 {main}

[previous exception] [object] (PDOException(code: 2002): SQLSTATE[HY000] [2002] No connection could be made because the target machine actively refused it at C:/xampp/htdocs/repo-tugas-web-app-website/KerjoSam/vendor/laravel/framework/src/Illuminate/Database/Connectors/Connector.php:66)
[stacktrace]
#0 C:/xampp/htdocs/repo-tugas-web-app-website/KerjoSam/vendor/laravel/framework/src/Illuminate/Database/Connectors/Connector.php(66): PDO->__construct('mysql:host=127....', 'root', Object(SensitiveParameterValue), Array)
#1 C:/xampp/htdocs/repo-tugas-web-app-website/KerjoSam/vendor/laravel/framework/src/Illuminate/Database/Connectors/Connector.php(85): Illuminate/Database/Connectors/Connector->createPdoConnection('mysql:host=127....', 'root', Object(SensitiveParameterValue), Array)
#2 C:/xampp/htdocs/repo-tugas-web-app-website/KerjoSam/vendor/laravel/framework/src/Illuminate/Database/Connectors/Connector.php(48): Illuminate/Database/Connectors/Connector->tryAgainIfCausedByLostConnection(Object(PDOException), 'mysql:host=127....', 'root', Object(SensitiveParameterValue), Array)
#3 C:/xampp/htdocs/repo-tugas-web-app-website/KerjoSam/vendor/laravel/framework/src/Illuminate/Database/Connectors/MySqlConnector.php(24): Illuminate/Database/Connectors/Connector->createConnection('mysql:host=127....', Array, Array)
#4 C:/xampp/htdocs/repo-tugas-web-app-website/KerjoSam/vendor/laravel/framework/src/Illuminate/Database/Connectors/ConnectionFactory.php(185): Illuminate/Database/Connectors/MySqlConnector->connect(Array)
#5 [internal function]: Illuminate/Database/Connectors/ConnectionFactory->Illuminate/Database/Connectors/{closure}()
#6 C:/xampp/htdocs/repo-tugas-web-app-website/KerjoSam/vendor/laravel/framework/src/Illuminate/Database/Connection.php(1231): call_user_func(Object(Closure))
#7 C:/xampp/htdocs/repo-tugas-web-app-website/KerjoSam/vendor/laravel/framework/src/Illuminate/Database/Connection.php(512): Illuminate/Database/Connection->getPdo()
#8 C:/xampp/htdocs/repo-tugas-web-app-website/KerjoSam/vendor/laravel/framework/src/Illuminate/Database/Connection.php(407): Illuminate/Database/Connection->getPdoForSelect(false)
#9 C:/xampp/htdocs/repo-tugas-web-app-website/KerjoSam/vendor/laravel/framework/src/Illuminate/Database/Connection.php(812): Illuminate/Database/Connection->Illuminate/Database/{closure}('select * from `...', Array)
#10 C:/xampp/htdocs/repo-tugas-web-app-website/KerjoSam/vendor/laravel/framework/src/Illuminate/Database/Connection.php(979): Illuminate/Database/Connection->runQueryCallback('select * from `...', Array, Object(Closure))
#11 C:/xampp/htdocs/repo-tugas-web-app-website/KerjoSam/vendor/laravel/framework/src/Illuminate/Database/Connection.php(958): Illuminate/Database/Connection->tryAgainIfCausedByLostConnection(Object(Illuminate/Database/QueryException), 'select * from `...', Array, Object(Closure))
#12 C:/xampp/htdocs/repo-tugas-web-app-website/KerjoSam/vendor/laravel/framework/src/Illuminate/Database/Connection.php(781): Illuminate/Database/Connection->handleQueryException(Object(Illuminate/Database/QueryException), 'select * from `...', Array, Object(Closure))
#13 C:/xampp/htdocs/repo-tugas-web-app-website/KerjoSam/vendor/laravel/framework/src/Illuminate/Database/Connection.php(398): Illuminate/Database/Connection->run('select * from `...', Array, Object(Closure))
#14 C:/xampp/htdocs/repo-tugas-web-app-website/KerjoSam/vendor/laravel/framework/src/Illuminate/Database/Query/Builder.php(3106): Illuminate/Database/Connection->select('select * from `...', Array, false)
#15 C:/xampp/htdocs/repo-tugas-web-app-website/KerjoSam/vendor/laravel/framework/src/Illuminate/Database/Query/Builder.php(3091): Illuminate/Database/Query/Builder->runSelect()
#16 C:/xampp/htdocs/repo-tugas-web-app-website/KerjoSam/vendor/laravel/framework/src/Illuminate/Database/Query/Builder.php(3676): Illuminate/Database/Query/Builder->Illuminate/Database/Query/{closure}()
#17 C:/xampp/htdocs/repo-tugas-web-app-website/KerjoSam/vendor/laravel/framework/src/Illuminate/Database/Query/Builder.php(3090): Illuminate/Database/Query/Builder->onceWithColumns(Array, Object(Closure))
#18 C:/xampp/htdocs/repo-tugas-web-app-website/KerjoSam/vendor/laravel/framework/src/Illuminate/Database/Concerns/BuildsQueries.php(343): Illuminate/Database/Query/Builder->get(Array)
#19 C:/xampp/htdocs/repo-tugas-web-app-website/KerjoSam/vendor/laravel/framework/src/Illuminate/Database/Query/Builder.php(3013): Illuminate/Database/Query/Builder->first(Array)
#20 C:/xampp/htdocs/repo-tugas-web-app-website/KerjoSam/vendor/laravel/framework/src/Illuminate/Session/DatabaseSessionHandler.php(97): Illuminate/Database/Query/Builder->find('v8zWBy2fpAZAfwS...')
#21 C:/xampp/htdocs/repo-tugas-web-app-website/KerjoSam/vendor/laravel/framework/src/Illuminate/Session/Store.php(117): Illuminate/Session/DatabaseSessionHandler->read('v8zWBy2fpAZAfwS...')
#22 C:/xampp/htdocs/repo-tugas-web-app-website/KerjoSam/vendor/laravel/framework/src/Illuminate/Session/Store.php(105): Illuminate/Session/Store->readFromHandler()
#23 C:/xampp/htdocs/repo-tugas-web-app-website/KerjoSam/vendor/laravel/framework/src/Illuminate/Session/Store.php(89): Illuminate/Session/Store->loadSession()
#24 C:/xampp/htdocs/repo-tugas-web-app-website/KerjoSam/vendor/laravel/framework/src/Illuminate/Session/Middleware/StartSession.php(147): Illuminate/Session/Store->start()
#25 C:/xampp/htdocs/repo-tugas-web-app-website/KerjoSam/vendor/laravel/framework/src/Illuminate/Support/helpers.php(399): Illuminate/Session/Middleware/StartSession->Illuminate/Session/Middleware/{closure}(Object(Illuminate/Session/Store))
#26 C:/xampp/htdocs/repo-tugas-web-app-website/KerjoSam/vendor/laravel/framework/src/Illuminate/Session/Middleware/StartSession.php(144): tap(Object(Illuminate/Session/Store), Object(Closure))
#27 C:/xampp/htdocs/repo-tugas-web-app-website/KerjoSam/vendor/laravel/framework/src/Illuminate/Session/Middleware/StartSession.php(116): Illuminate/Session/Middleware/StartSession->startSession(Object(Illuminate/Http/Request), Object(Illuminate/Session/Store))
#28 C:/xampp/htdocs/repo-tugas-web-app-website/KerjoSam/vendor/laravel/framework/src/Illuminate/Session/Middleware/StartSession.php(64): Illuminate/Session/Middleware/StartSession->handleStatefulRequest(Object(Illuminate/Http/Request), Object(Illuminate/Session/Store), Object(Closure))
#29 C:/xampp/htdocs/repo-tugas-web-app-website/KerjoSam/vendor/laravel/framework/src/Illuminate/Pipeline/Pipeline.php(209): Illuminate/Session/Middleware/StartSession->handle(Object(Illuminate/Http/Request), Object(Closure))
#30 C:/xampp/htdocs/repo-tugas-web-app-website/KerjoSam/vendor/laravel/framework/src/Illuminate/Cookie/Middleware/AddQueuedCookiesToResponse.php(37): Illuminate/Pipeline/Pipeline->Illuminate/Pipeline/{closure}(Object(Illuminate/Http/Request))
#31 C:/xampp/htdocs/repo-tugas-web-app-website/KerjoSam/vendor/laravel/framework/src/Illuminate/Pipeline/Pipeline.php(209): Illuminate/Cookie/Middleware/AddQueuedCookiesToResponse->handle(Object(Illuminate/Http/Request), Object(Closure))
#32 C:/xampp/htdocs/repo-tugas-web-app-website/KerjoSam/vendor/laravel/framework/src/Illuminate/Cookie/Middleware/EncryptCookies.php(75): Illuminate/Pipeline/Pipeline->Illuminate/Pipeline/{closure}(Object(Illuminate/Http/Request))
#33 C:/xampp/htdocs/repo-tugas-web-app-website/KerjoSam/vendor/laravel/framework/src/Illuminate/Pipeline/Pipeline.php(209): Illuminate/Cookie/Middleware/EncryptCookies->handle(Object(Illuminate/Http/Request), Object(Closure))
#34 C:/xampp/htdocs/repo-tugas-web-app-website/KerjoSam/vendor/laravel/framework/src/Illuminate/Pipeline/Pipeline.php(127): Illuminate/Pipeline/Pipeline->Illuminate/Pipeline/{closure}(Object(Illuminate/Http/Request))
#35 C:/xampp/htdocs/repo-tugas-web-app-website/KerjoSam/vendor/laravel/framework/src/Illuminate/Routing/Router.php(807): Illuminate/Pipeline/Pipeline->then(Object(Closure))
#36 C:/xampp/htdocs/repo-tugas-web-app-website/KerjoSam/vendor/laravel/framework/src/Illuminate/Routing/Router.php(786): Illuminate/Routing/Router->runRouteWithinStack(Object(Illuminate/Routing/Route), Object(Illuminate/Http/Request))
#37 C:/xampp/htdocs/repo-tugas-web-app-website/KerjoSam/vendor/laravel/framework/src/Illuminate/Routing/Router.php(750): Illuminate/Routing/Router->runRoute(Object(Illuminate/Http/Request), Object(Illuminate/Routing/Route))
#38 C:/xampp/htdocs/repo-tugas-web-app-website/KerjoSam/vendor/laravel/framework/src/Illuminate/Routing/Router.php(739): Illuminate/Routing/Router->dispatchToRoute(Object(Illuminate/Http/Request))
#39 C:/xampp/htdocs/repo-tugas-web-app-website/KerjoSam/vendor/laravel/framework/src/Illuminate/Foundation/Http/Kernel.php(201): Illuminate/Routing/Router->dispatch(Object(Illuminate/Http/Request))
#40 C:/xampp/htdocs/repo-tugas-web-app-website/KerjoSam/vendor/laravel/framework/src/Illuminate/Pipeline/Pipeline.php(170): Illuminate/Foundation/Http/Kernel->Illuminate/Foundation/Http/{closure}(Object(Illuminate/Http/Request))
#41 C:/xampp/htdocs/repo-tugas-web-app-website/KerjoSam/vendor/laravel/framework/src/Illuminate/Foundation/Http/Middleware/TransformsRequest.php(21): Illuminate/Pipeline/Pipeline->Illuminate/Pipeline/{closure}(Object(Illuminate/Http/Request))
#42 C:/xampp/htdocs/repo-tugas-web-app-website/KerjoSam/vendor/laravel/framework/src/Illuminate/Foundation/Http/Middleware/ConvertEmptyStringsToNull.php(31): Illuminate/Foundation/Http/Middleware/TransformsRequest->handle(Object(Illuminate/Http/Request), Object(Closure))
#43 C:/xampp/htdocs/repo-tugas-web-app-website/KerjoSam/vendor/laravel/framework/src/Illuminate/Pipeline/Pipeline.php(209): Illuminate/Foundation/Http/Middleware/ConvertEmptyStringsToNull->handle(Object(Illuminate/Http/Request), Object(Closure))
#44 C:/xampp/htdocs/repo-tugas-web-app-website/KerjoSam/vendor/laravel/framework/src/Illuminate/Foundation/Http/Middleware/TransformsRequest.php(21): Illuminate/Pipeline/Pipeline->Illuminate/Pipeline/{closure}(Object(Illuminate/Http/Request))
#45 C:/xampp/htdocs/repo-tugas-web-app-website/KerjoSam/vendor/laravel/framework/src/Illuminate/Foundation/Http/Middleware/TrimStrings.php(51): Illuminate/Foundation/Http/Middleware/TransformsRequest->handle(Object(Illuminate/Http/Request), Object(Closure))
#46 C:/xampp/htdocs/repo-tugas-web-app-website/KerjoSam/vendor/laravel/framework/src/Illuminate/Pipeline/Pipeline.php(209): Illuminate/Foundation/Http/Middleware/TrimStrings->handle(Object(Illuminate/Http/Request), Object(Closure))
#47 C:/xampp/htdocs/repo-tugas-web-app-website/KerjoSam/vendor/laravel/framework/src/Illuminate/Http/Middleware/ValidatePostSize.php(27): Illuminate/Pipeline/Pipeline->Illuminate/Pipeline/{closure}(Object(Illuminate/Http/Request))
#48 C:/xampp/htdocs/repo-tugas-web-app-website/KerjoSam/vendor/laravel/framework/src/Illuminate/Pipeline/Pipeline.php(209): Illuminate/Http/Middleware/ValidatePostSize->handle(Object(Illuminate/Http/Request), Object(Closure))
#49 C:/xampp/htdocs/repo-tugas-web-app-website/KerjoSam/vendor/laravel/framework/src/Illuminate/Foundation/Http/Middleware/PreventRequestsDuringMaintenance.php(110): Illuminate/Pipeline/Pipeline->Illuminate/Pipeline/{closure}(Object(Illuminate/Http/Request))
#50 C:/xampp/htdocs/repo-tugas-web-app-website/KerjoSam/vendor/laravel/framework/src/Illuminate/Pipeline/Pipeline.php(209): Illuminate/Foundation/Http/Middleware/PreventRequestsDuringMaintenance->handle(Object(Illuminate/Http/Request), Object(Closure))
#51 C:/xampp/htdocs/repo-tugas-web-app-website/KerjoSam/vendor/laravel/framework/src/Illuminate/Http/Middleware/HandleCors.php(49): Illuminate/Pipeline/Pipeline->Illuminate/Pipeline/{closure}(Object(Illuminate/Http/Request))
#52 C:/xampp/htdocs/repo-tugas-web-app-website/KerjoSam/vendor/laravel/framework/src/Illuminate/Pipeline/Pipeline.php(209): Illuminate/Http/Middleware/HandleCors->handle(Object(Illuminate/Http/Request), Object(Closure))
#53 C:/xampp/htdocs/repo-tugas-web-app-website/KerjoSam/vendor/laravel/framework/src/Illuminate/Http/Middleware/TrustProxies.php(58): Illuminate/Pipeline/Pipeline->Illuminate/Pipeline/{closure}(Object(Illuminate/Http/Request))
#54 C:/xampp/htdocs/repo-tugas-web-app-website/KerjoSam/vendor/laravel/framework/src/Illuminate/Pipeline/Pipeline.php(209): Illuminate/Http/Middleware/TrustProxies->handle(Object(Illuminate/Http/Request), Object(Closure))
#55 C:/xampp/htdocs/repo-tugas-web-app-website/KerjoSam/vendor/laravel/framework/src/Illuminate/Foundation/Http/Middleware/InvokeDeferredCallbacks.php(22): Illuminate/Pipeline/Pipeline->Illuminate/Pipeline/{closure}(Object(Illuminate/Http/Request))
#56 C:/xampp/htdocs/repo-tugas-web-app-website/KerjoSam/vendor/laravel/framework/src/Illuminate/Pipeline/Pipeline.php(209): Illuminate/Foundation/Http/Middleware/InvokeDeferredCallbacks->handle(Object(Illuminate/Http/Request), Object(Closure))
#57 C:/xampp/htdocs/repo-tugas-web-app-website/KerjoSam/vendor/laravel/framework/src/Illuminate/Pipeline/Pipeline.php(127): Illuminate/Pipeline/Pipeline->Illuminate/Pipeline/{closure}(Object(Illuminate/Http/Request))
#58 C:/xampp/htdocs/repo-tugas-web-app-website/KerjoSam/vendor/laravel/framework/src/Illuminate/Foundation/Http/Kernel.php(176): Illuminate/Pipeline/Pipeline->then(Object(Closure))
#59 C:/xampp/htdocs/repo-tugas-web-app-website/KerjoSam/vendor/laravel/framework/src/Illuminate/Foundation/Http/Kernel.php(145): Illuminate/Foundation/Http/Kernel->sendRequestThroughRouter(Object(Illuminate/Http/Request))
#60 C:/xampp/htdocs/repo-tugas-web-app-website/KerjoSam/vendor/laravel/framework/src/Illuminate/Foundation/Application.php(1220): Illuminate/Foundation/Http/Kernel->handle(Object(Illuminate/Http/Request))
#61 C:/xampp/htdocs/repo-tugas-web-app-website/KerjoSam/public/index.php(17): Illuminate/Foundation/Application->handleRequest(Object(Illuminate/Http/Request))
#62 C:/xampp/htdocs/repo-tugas-web-app-website/KerjoSam/vendor/laravel/framework/src/Illuminate/Foundation/resources/server.php(23): require_once('C://xampp//htdocs...')
#63 {main}
"} 
[2026-01-18 15:59:05] local.ERROR: Maximum execution time of 60 seconds exceeded {"exception":"[object] (Symfony\\Component\\ErrorHandler\\Error\\FatalError(code: 0): Maximum execution time of 60 seconds exceeded at C:/xampp/htdocs/repo-tugas-web-app-website/KerjoSam/storage/framework/views/649978bfe544c51a4ae532abc2ee923d.php:1)
[stacktrace]
#0 {main}
"} 
[2026-01-18 16:02:04] local.ERROR: SQLSTATE[HY000] [2002] No connection could be made because the target machine actively refused it (Connection: mysql, SQL: select * from `sessions` where `id` = v8zWBy2fpAZAfwSJquTZuLs36UeZ738pWLetC6JH limit 1) {"exception":"[object] (Illuminate\\Database\\QueryException(code: 2002): SQLSTATE[HY000] [2002] No connection could be made because the target machine actively refused it (Connection: mysql, SQL: select * from `sessions` where `id` = v8zWBy2fpAZAfwSJquTZuLs36UeZ738pWLetC6JH limit 1) at C:/xampp/htdocs/repo-tugas-web-app-website/KerjoSam/vendor/laravel/framework/src/Illuminate/Database/Connection.php:825)
[stacktrace]
#0 C:/xampp/htdocs/repo-tugas-web-app-website/KerjoSam/vendor/laravel/framework/src/Illuminate/Database/Connection.php(979): Illuminate/Database/Connection->runQueryCallback('select * from `...', Array, Object(Closure))
#1 C:/xampp/htdocs/repo-tugas-web-app-website/KerjoSam/vendor/laravel/framework/src/Illuminate/Database/Connection.php(958): Illuminate/Database/Connection->tryAgainIfCausedByLostConnection(Object(Illuminate/Database/QueryException), 'select * from `...', Array, Object(Closure))
#2 C:/xampp/htdocs/repo-tugas-web-app-website/KerjoSam/vendor/laravel/framework/src/Illuminate/Database/Connection.php(781): Illuminate/Database/Connection->handleQueryException(Object(Illuminate/Database/QueryException), 'select * from `...', Array, Object(Closure))
#3 C:/xampp/htdocs/repo-tugas-web-app-website/KerjoSam/vendor/laravel/framework/src/Illuminate/Database/Connection.php(398): Illuminate/Database/Connection->run('select * from `...', Array, Object(Closure))
#4 C:/xampp/htdocs/repo-tugas-web-app-website/KerjoSam/vendor/laravel/framework/src/Illuminate/Database/Query/Builder.php(3106): Illuminate/Database/Connection->select('select * from `...', Array, false)
#5 C:/xampp/htdocs/repo-tugas-web-app-website/KerjoSam/vendor/laravel/framework/src/Illuminate/Database/Query/Builder.php(3091): Illuminate/Database/Query/Builder->runSelect()
#6 C:/xampp/htdocs/repo-tugas-web-app-website/KerjoSam/vendor/laravel/framework/src/Illuminate/Database/Query/Builder.php(3676): Illuminate/Database/Query/Builder->Illuminate/Database/Query/{closure}()
#7 C:/xampp/htdocs/repo-tugas-web-app-website/KerjoSam/vendor/laravel/framework/src/Illuminate/Database/Query/Builder.php(3090): Illuminate/Database/Query/Builder->onceWithColumns(Array, Object(Closure))
#8 C:/xampp/htdocs/repo-tugas-web-app-website/KerjoSam/vendor/laravel/framework/src/Illuminate/Database/Concerns/BuildsQueries.php(343): Illuminate/Database/Query/Builder->get(Array)
#9 C:/xampp/htdocs/repo-tugas-web-app-website/KerjoSam/vendor/laravel/framework/src/Illuminate/Database/Query/Builder.php(3013): Illuminate/Database/Query/Builder->first(Array)
#10 C:/xampp/htdocs/repo-tugas-web-app-website/KerjoSam/vendor/laravel/framework/src/Illuminate/Session/DatabaseSessionHandler.php(97): Illuminate/Database/Query/Builder->find('v8zWBy2fpAZAfwS...')
#11 C:/xampp/htdocs/repo-tugas-web-app-website/KerjoSam/vendor/laravel/framework/src/Illuminate/Session/Store.php(117): Illuminate/Session/DatabaseSessionHandler->read('v8zWBy2fpAZAfwS...')
#12 C:/xampp/htdocs/repo-tugas-web-app-website/KerjoSam/vendor/laravel/framework/src/Illuminate/Session/Store.php(105): Illuminate/Session/Store->readFromHandler()
#13 C:/xampp/htdocs/repo-tugas-web-app-website/KerjoSam/vendor/laravel/framework/src/Illuminate/Session/Store.php(89): Illuminate/Session/Store->loadSession()
#14 C:/xampp/htdocs/repo-tugas-web-app-website/KerjoSam/vendor/laravel/framework/src/Illuminate/Session/Middleware/StartSession.php(147): Illuminate/Session/Store->start()
#15 C:/xampp/htdocs/repo-tugas-web-app-website/KerjoSam/vendor/laravel/framework/src/Illuminate/Support/helpers.php(399): Illuminate/Session/Middleware/StartSession->Illuminate/Session/Middleware/{closure}(Object(Illuminate/Session/Store))
#16 C:/xampp/htdocs/repo-tugas-web-app-website/KerjoSam/vendor/laravel/framework/src/Illuminate/Session/Middleware/StartSession.php(144): tap(Object(Illuminate/Session/Store), Object(Closure))
#17 C:/xampp/htdocs/repo-tugas-web-app-website/KerjoSam/vendor/laravel/framework/src/Illuminate/Session/Middleware/StartSession.php(116): Illuminate/Session/Middleware/StartSession->startSession(Object(Illuminate/Http/Request), Object(Illuminate/Session/Store))
#18 C:/xampp/htdocs/repo-tugas-web-app-website/KerjoSam/vendor/laravel/framework/src/Illuminate/Session/Middleware/StartSession.php(64): Illuminate/Session/Middleware/StartSession->handleStatefulRequest(Object(Illuminate/Http/Request), Object(Illuminate/Session/Store), Object(Closure))
#19 C:/xampp/htdocs/repo-tugas-web-app-website/KerjoSam/vendor/laravel/framework/src/Illuminate/Pipeline/Pipeline.php(209): Illuminate/Session/Middleware/StartSession->handle(Object(Illuminate/Http/Request), Object(Closure))
#20 C:/xampp/htdocs/repo-tugas-web-app-website/KerjoSam/vendor/laravel/framework/src/Illuminate/Cookie/Middleware/AddQueuedCookiesToResponse.php(37): Illuminate/Pipeline/Pipeline->Illuminate/Pipeline/{closure}(Object(Illuminate/Http/Request))
#21 C:/xampp/htdocs/repo-tugas-web-app-website/KerjoSam/vendor/laravel/framework/src/Illuminate/Pipeline/Pipeline.php(209): Illuminate/Cookie/Middleware/AddQueuedCookiesToResponse->handle(Object(Illuminate/Http/Request), Object(Closure))
#22 C:/xampp/htdocs/repo-tugas-web-app-website/KerjoSam/vendor/laravel/framework/src/Illuminate/Cookie/Middleware/EncryptCookies.php(75): Illuminate/Pipeline/Pipeline->Illuminate/Pipeline/{closure}(Object(Illuminate/Http/Request))
#23 C:/xampp/htdocs/repo-tugas-web-app-website/KerjoSam/vendor/laravel/framework/src/Illuminate/Pipeline/Pipeline.php(209): Illuminate/Cookie/Middleware/EncryptCookies->handle(Object(Illuminate/Http/Request), Object(Closure))
#24 C:/xampp/htdocs/repo-tugas-web-app-website/KerjoSam/vendor/laravel/framework/src/Illuminate/Pipeline/Pipeline.php(127): Illuminate/Pipeline/Pipeline->Illuminate/Pipeline/{closure}(Object(Illuminate/Http/Request))
#25 C:/xampp/htdocs/repo-tugas-web-app-website/KerjoSam/vendor/laravel/framework/src/Illuminate/Routing/Router.php(807): Illuminate/Pipeline/Pipeline->then(Object(Closure))
#26 C:/xampp/htdocs/repo-tugas-web-app-website/KerjoSam/vendor/laravel/framework/src/Illuminate/Routing/Router.php(786): Illuminate/Routing/Router->runRouteWithinStack(Object(Illuminate/Routing/Route), Object(Illuminate/Http/Request))
#27 C:/xampp/htdocs/repo-tugas-web-app-website/KerjoSam/vendor/laravel/framework/src/Illuminate/Routing/Router.php(750): Illuminate/Routing/Router->runRoute(Object(Illuminate/Http/Request), Object(Illuminate/Routing/Route))
#28 C:/xampp/htdocs/repo-tugas-web-app-website/KerjoSam/vendor/laravel/framework/src/Illuminate/Routing/Router.php(739): Illuminate/Routing/Router->dispatchToRoute(Object(Illuminate/Http/Request))
#29 C:/xampp/htdocs/repo-tugas-web-app-website/KerjoSam/vendor/laravel/framework/src/Illuminate/Foundation/Http/Kernel.php(201): Illuminate/Routing/Router->dispatch(Object(Illuminate/Http/Request))
#30 C:/xampp/htdocs/repo-tugas-web-app-website/KerjoSam/vendor/laravel/framework/src/Illuminate/Pipeline/Pipeline.php(170): Illuminate/Foundation/Http/Kernel->Illuminate/Foundation/Http/{closure}(Object(Illuminate/Http/Request))
#31 C:/xampp/htdocs/repo-tugas-web-app-website/KerjoSam/vendor/laravel/framework/src/Illuminate/Foundation/Http/Middleware/TransformsRequest.php(21): Illuminate/Pipeline/Pipeline->Illuminate/Pipeline/{closure}(Object(Illuminate/Http/Request))
#32 C:/xampp/htdocs/repo-tugas-web-app-website/KerjoSam/vendor/laravel/framework/src/Illuminate/Foundation/Http/Middleware/ConvertEmptyStringsToNull.php(31): Illuminate/Foundation/Http/Middleware/TransformsRequest->handle(Object(Illuminate/Http/Request), Object(Closure))
#33 C:/xampp/htdocs/repo-tugas-web-app-website/KerjoSam/vendor/laravel/framework/src/Illuminate/Pipeline/Pipeline.php(209): Illuminate/Foundation/Http/Middleware/ConvertEmptyStringsToNull->handle(Object(Illuminate/Http/Request), Object(Closure))
#34 C:/xampp/htdocs/repo-tugas-web-app-website/KerjoSam/vendor/laravel/framework/src/Illuminate/Foundation/Http/Middleware/TransformsRequest.php(21): Illuminate/Pipeline/Pipeline->Illuminate/Pipeline/{closure}(Object(Illuminate/Http/Request))
#35 C:/xampp/htdocs/repo-tugas-web-app-website/KerjoSam/vendor/laravel/framework/src/Illuminate/Foundation/Http/Middleware/TrimStrings.php(51): Illuminate/Foundation/Http/Middleware/TransformsRequest->handle(Object(Illuminate/Http/Request), Object(Closure))
#36 C:/xampp/htdocs/repo-tugas-web-app-website/KerjoSam/vendor/laravel/framework/src/Illuminate/Pipeline/Pipeline.php(209): Illuminate/Foundation/Http/Middleware/TrimStrings->handle(Object(Illuminate/Http/Request), Object(Closure))
#37 C:/xampp/htdocs/repo-tugas-web-app-website/KerjoSam/vendor/laravel/framework/src/Illuminate/Http/Middleware/ValidatePostSize.php(27): Illuminate/Pipeline/Pipeline->Illuminate/Pipeline/{closure}(Object(Illuminate/Http/Request))
#38 C:/xampp/htdocs/repo-tugas-web-app-website/KerjoSam/vendor/laravel/framework/src/Illuminate/Pipeline/Pipeline.php(209): Illuminate/Http/Middleware/ValidatePostSize->handle(Object(Illuminate/Http/Request), Object(Closure))
#39 C:/xampp/htdocs/repo-tugas-web-app-website/KerjoSam/vendor/laravel/framework/src/Illuminate/Foundation/Http/Middleware/PreventRequestsDuringMaintenance.php(110): Illuminate/Pipeline/Pipeline->Illuminate/Pipeline/{closure}(Object(Illuminate/Http/Request))
#40 C:/xampp/htdocs/repo-tugas-web-app-website/KerjoSam/vendor/laravel/framework/src/Illuminate/Pipeline/Pipeline.php(209): Illuminate/Foundation/Http/Middleware/PreventRequestsDuringMaintenance->handle(Object(Illuminate/Http/Request), Object(Closure))
#41 C:/xampp/htdocs/repo-tugas-web-app-website/KerjoSam/vendor/laravel/framework/src/Illuminate/Http/Middleware/HandleCors.php(49): Illuminate/Pipeline/Pipeline->Illuminate/Pipeline/{closure}(Object(Illuminate/Http/Request))
#42 C:/xampp/htdocs/repo-tugas-web-app-website/KerjoSam/vendor/laravel/framework/src/Illuminate/Pipeline/Pipeline.php(209): Illuminate/Http/Middleware/HandleCors->handle(Object(Illuminate/Http/Request), Object(Closure))
#43 C:/xampp/htdocs/repo-tugas-web-app-website/KerjoSam/vendor/laravel/framework/src/Illuminate/Http/Middleware/TrustProxies.php(58): Illuminate/Pipeline/Pipeline->Illuminate/Pipeline/{closure}(Object(Illuminate/Http/Request))
#44 C:/xampp/htdocs/repo-tugas-web-app-website/KerjoSam/vendor/laravel/framework/src/Illuminate/Pipeline/Pipeline.php(209): Illuminate/Http/Middleware/TrustProxies->handle(Object(Illuminate/Http/Request), Object(Closure))
#45 C:/xampp/htdocs/repo-tugas-web-app-website/KerjoSam/vendor/laravel/framework/src/Illuminate/Foundation/Http/Middleware/InvokeDeferredCallbacks.php(22): Illuminate/Pipeline/Pipeline->Illuminate/Pipeline/{closure}(Object(Illuminate/Http/Request))
#46 C:/xampp/htdocs/repo-tugas-web-app-website/KerjoSam/vendor/laravel/framework/src/Illuminate/Pipeline/Pipeline.php(209): Illuminate/Foundation/Http/Middleware/InvokeDeferredCallbacks->handle(Object(Illuminate/Http/Request), Object(Closure))
#47 C:/xampp/htdocs/repo-tugas-web-app-website/KerjoSam/vendor/laravel/framework/src/Illuminate/Pipeline/Pipeline.php(127): Illuminate/Pipeline/Pipeline->Illuminate/Pipeline/{closure}(Object(Illuminate/Http/Request))
#48 C:/xampp/htdocs/repo-tugas-web-app-website/KerjoSam/vendor/laravel/framework/src/Illuminate/Foundation/Http/Kernel.php(176): Illuminate/Pipeline/Pipeline->then(Object(Closure))
#49 C:/xampp/htdocs/repo-tugas-web-app-website/KerjoSam/vendor/laravel/framework/src/Illuminate/Foundation/Http/Kernel.php(145): Illuminate/Foundation/Http/Kernel->sendRequestThroughRouter(Object(Illuminate/Http/Request))
#50 C:/xampp/htdocs/repo-tugas-web-app-website/KerjoSam/vendor/laravel/framework/src/Illuminate/Foundation/Application.php(1220): Illuminate/Foundation/Http/Kernel->handle(Object(Illuminate/Http/Request))
#51 C:/xampp/htdocs/repo-tugas-web-app-website/KerjoSam/public/index.php(17): Illuminate/Foundation/Application->handleRequest(Object(Illuminate/Http/Request))
#52 C:/xampp/htdocs/repo-tugas-web-app-website/KerjoSam/vendor/laravel/framework/src/Illuminate/Foundation/resources/server.php(23): require_once('C://xampp//htdocs...')
#53 {main}

[previous exception] [object] (PDOException(code: 2002): SQLSTATE[HY000] [2002] No connection could be made because the target machine actively refused it at C:/xampp/htdocs/repo-tugas-web-app-website/KerjoSam/vendor/laravel/framework/src/Illuminate/Database/Connectors/Connector.php:66)
[stacktrace]
#0 C:/xampp/htdocs/repo-tugas-web-app-website/KerjoSam/vendor/laravel/framework/src/Illuminate/Database/Connectors/Connector.php(66): PDO->__construct('mysql:host=127....', 'root', Object(SensitiveParameterValue), Array)
#1 C:/xampp/htdocs/repo-tugas-web-app-website/KerjoSam/vendor/laravel/framework/src/Illuminate/Database/Connectors/Connector.php(85): Illuminate/Database/Connectors/Connector->createPdoConnection('mysql:host=127....', 'root', Object(SensitiveParameterValue), Array)
#2 C:/xampp/htdocs/repo-tugas-web-app-website/KerjoSam/vendor/laravel/framework/src/Illuminate/Database/Connectors/Connector.php(48): Illuminate/Database/Connectors/Connector->tryAgainIfCausedByLostConnection(Object(PDOException), 'mysql:host=127....', 'root', Object(SensitiveParameterValue), Array)
#3 C:/xampp/htdocs/repo-tugas-web-app-website/KerjoSam/vendor/laravel/framework/src/Illuminate/Database/Connectors/MySqlConnector.php(24): Illuminate/Database/Connectors/Connector->createConnection('mysql:host=127....', Array, Array)
#4 C:/xampp/htdocs/repo-tugas-web-app-website/KerjoSam/vendor/laravel/framework/src/Illuminate/Database/Connectors/ConnectionFactory.php(185): Illuminate/Database/Connectors/MySqlConnector->connect(Array)
#5 [internal function]: Illuminate/Database/Connectors/ConnectionFactory->Illuminate/Database/Connectors/{closure}()
#6 C:/xampp/htdocs/repo-tugas-web-app-website/KerjoSam/vendor/laravel/framework/src/Illuminate/Database/Connection.php(1231): call_user_func(Object(Closure))
#7 C:/xampp/htdocs/repo-tugas-web-app-website/KerjoSam/vendor/laravel/framework/src/Illuminate/Database/Connection.php(512): Illuminate/Database/Connection->getPdo()
#8 C:/xampp/htdocs/repo-tugas-web-app-website/KerjoSam/vendor/laravel/framework/src/Illuminate/Database/Connection.php(407): Illuminate/Database/Connection->getPdoForSelect(false)
#9 C:/xampp/htdocs/repo-tugas-web-app-website/KerjoSam/vendor/laravel/framework/src/Illuminate/Database/Connection.php(812): Illuminate/Database/Connection->Illuminate/Database/{closure}('select * from `...', Array)
#10 C:/xampp/htdocs/repo-tugas-web-app-website/KerjoSam/vendor/laravel/framework/src/Illuminate/Database/Connection.php(979): Illuminate/Database/Connection->runQueryCallback('select * from `...', Array, Object(Closure))
#11 C:/xampp/htdocs/repo-tugas-web-app-website/KerjoSam/vendor/laravel/framework/src/Illuminate/Database/Connection.php(958): Illuminate/Database/Connection->tryAgainIfCausedByLostConnection(Object(Illuminate/Database/QueryException), 'select * from `...', Array, Object(Closure))
#12 C:/xampp/htdocs/repo-tugas-web-app-website/KerjoSam/vendor/laravel/framework/src/Illuminate/Database/Connection.php(781): Illuminate/Database/Connection->handleQueryException(Object(Illuminate/Database/QueryException), 'select * from `...', Array, Object(Closure))
#13 C:/xampp/htdocs/repo-tugas-web-app-website/KerjoSam/vendor/laravel/framework/src/Illuminate/Database/Connection.php(398): Illuminate/Database/Connection->run('select * from `...', Array, Object(Closure))
#14 C:/xampp/htdocs/repo-tugas-web-app-website/KerjoSam/vendor/laravel/framework/src/Illuminate/Database/Query/Builder.php(3106): Illuminate/Database/Connection->select('select * from `...', Array, false)
#15 C:/xampp/htdocs/repo-tugas-web-app-website/KerjoSam/vendor/laravel/framework/src/Illuminate/Database/Query/Builder.php(3091): Illuminate/Database/Query/Builder->runSelect()
#16 C:/xampp/htdocs/repo-tugas-web-app-website/KerjoSam/vendor/laravel/framework/src/Illuminate/Database/Query/Builder.php(3676): Illuminate/Database/Query/Builder->Illuminate/Database/Query/{closure}()
#17 C:/xampp/htdocs/repo-tugas-web-app-website/KerjoSam/vendor/laravel/framework/src/Illuminate/Database/Query/Builder.php(3090): Illuminate/Database/Query/Builder->onceWithColumns(Array, Object(Closure))
#18 C:/xampp/htdocs/repo-tugas-web-app-website/KerjoSam/vendor/laravel/framework/src/Illuminate/Database/Concerns/BuildsQueries.php(343): Illuminate/Database/Query/Builder->get(Array)
#19 C:/xampp/htdocs/repo-tugas-web-app-website/KerjoSam/vendor/laravel/framework/src/Illuminate/Database/Query/Builder.php(3013): Illuminate/Database/Query/Builder->first(Array)
#20 C:/xampp/htdocs/repo-tugas-web-app-website/KerjoSam/vendor/laravel/framework/src/Illuminate/Session/DatabaseSessionHandler.php(97): Illuminate/Database/Query/Builder->find('v8zWBy2fpAZAfwS...')
#21 C:/xampp/htdocs/repo-tugas-web-app-website/KerjoSam/vendor/laravel/framework/src/Illuminate/Session/Store.php(117): Illuminate/Session/DatabaseSessionHandler->read('v8zWBy2fpAZAfwS...')
#22 C:/xampp/htdocs/repo-tugas-web-app-website/KerjoSam/vendor/laravel/framework/src/Illuminate/Session/Store.php(105): Illuminate/Session/Store->readFromHandler()
#23 C:/xampp/htdocs/repo-tugas-web-app-website/KerjoSam/vendor/laravel/framework/src/Illuminate/Session/Store.php(89): Illuminate/Session/Store->loadSession()
#24 C:/xampp/htdocs/repo-tugas-web-app-website/KerjoSam/vendor/laravel/framework/src/Illuminate/Session/Middleware/StartSession.php(147): Illuminate/Session/Store->start()
#25 C:/xampp/htdocs/repo-tugas-web-app-website/KerjoSam/vendor/laravel/framework/src/Illuminate/Support/helpers.php(399): Illuminate/Session/Middleware/StartSession->Illuminate/Session/Middleware/{closure}(Object(Illuminate/Session/Store))
#26 C:/xampp/htdocs/repo-tugas-web-app-website/KerjoSam/vendor/laravel/framework/src/Illuminate/Session/Middleware/StartSession.php(144): tap(Object(Illuminate/Session/Store), Object(Closure))
#27 C:/xampp/htdocs/repo-tugas-web-app-website/KerjoSam/vendor/laravel/framework/src/Illuminate/Session/Middleware/StartSession.php(116): Illuminate/Session/Middleware/StartSession->startSession(Object(Illuminate/Http/Request), Object(Illuminate/Session/Store))
#28 C:/xampp/htdocs/repo-tugas-web-app-website/KerjoSam/vendor/laravel/framework/src/Illuminate/Session/Middleware/StartSession.php(64): Illuminate/Session/Middleware/StartSession->handleStatefulRequest(Object(Illuminate/Http/Request), Object(Illuminate/Session/Store), Object(Closure))
#29 C:/xampp/htdocs/repo-tugas-web-app-website/KerjoSam/vendor/laravel/framework/src/Illuminate/Pipeline/Pipeline.php(209): Illuminate/Session/Middleware/StartSession->handle(Object(Illuminate/Http/Request), Object(Closure))
#30 C:/xampp/htdocs/repo-tugas-web-app-website/KerjoSam/vendor/laravel/framework/src/Illuminate/Cookie/Middleware/AddQueuedCookiesToResponse.php(37): Illuminate/Pipeline/Pipeline->Illuminate/Pipeline/{closure}(Object(Illuminate/Http/Request))
#31 C:/xampp/htdocs/repo-tugas-web-app-website/KerjoSam/vendor/laravel/framework/src/Illuminate/Pipeline/Pipeline.php(209): Illuminate/Cookie/Middleware/AddQueuedCookiesToResponse->handle(Object(Illuminate/Http/Request), Object(Closure))
#32 C:/xampp/htdocs/repo-tugas-web-app-website/KerjoSam/vendor/laravel/framework/src/Illuminate/Cookie/Middleware/EncryptCookies.php(75): Illuminate/Pipeline/Pipeline->Illuminate/Pipeline/{closure}(Object(Illuminate/Http/Request))
#33 C:/xampp/htdocs/repo-tugas-web-app-website/KerjoSam/vendor/laravel/framework/src/Illuminate/Pipeline/Pipeline.php(209): Illuminate/Cookie/Middleware/EncryptCookies->handle(Object(Illuminate/Http/Request), Object(Closure))
#34 C:/xampp/htdocs/repo-tugas-web-app-website/KerjoSam/vendor/laravel/framework/src/Illuminate/Pipeline/Pipeline.php(127): Illuminate/Pipeline/Pipeline->Illuminate/Pipeline/{closure}(Object(Illuminate/Http/Request))
#35 C:/xampp/htdocs/repo-tugas-web-app-website/KerjoSam/vendor/laravel/framework/src/Illuminate/Routing/Router.php(807): Illuminate/Pipeline/Pipeline->then(Object(Closure))
#36 C:/xampp/htdocs/repo-tugas-web-app-website/KerjoSam/vendor/laravel/framework/src/Illuminate/Routing/Router.php(786): Illuminate/Routing/Router->runRouteWithinStack(Object(Illuminate/Routing/Route), Object(Illuminate/Http/Request))
#37 C:/xampp/htdocs/repo-tugas-web-app-website/KerjoSam/vendor/laravel/framework/src/Illuminate/Routing/Router.php(750): Illuminate/Routing/Router->runRoute(Object(Illuminate/Http/Request), Object(Illuminate/Routing/Route))
#38 C:/xampp/htdocs/repo-tugas-web-app-website/KerjoSam/vendor/laravel/framework/src/Illuminate/Routing/Router.php(739): Illuminate/Routing/Router->dispatchToRoute(Object(Illuminate/Http/Request))
#39 C:/xampp/htdocs/repo-tugas-web-app-website/KerjoSam/vendor/laravel/framework/src/Illuminate/Foundation/Http/Kernel.php(201): Illuminate/Routing/Router->dispatch(Object(Illuminate/Http/Request))
#40 C:/xampp/htdocs/repo-tugas-web-app-website/KerjoSam/vendor/laravel/framework/src/Illuminate/Pipeline/Pipeline.php(170): Illuminate/Foundation/Http/Kernel->Illuminate/Foundation/Http/{closure}(Object(Illuminate/Http/Request))
#41 C:/xampp/htdocs/repo-tugas-web-app-website/KerjoSam/vendor/laravel/framework/src/Illuminate/Foundation/Http/Middleware/TransformsRequest.php(21): Illuminate/Pipeline/Pipeline->Illuminate/Pipeline/{closure}(Object(Illuminate/Http/Request))
#42 C:/xampp/htdocs/repo-tugas-web-app-website/KerjoSam/vendor/laravel/framework/src/Illuminate/Foundation/Http/Middleware/ConvertEmptyStringsToNull.php(31): Illuminate/Foundation/Http/Middleware/TransformsRequest->handle(Object(Illuminate/Http/Request), Object(Closure))
#43 C:/xampp/htdocs/repo-tugas-web-app-website/KerjoSam/vendor/laravel/framework/src/Illuminate/Pipeline/Pipeline.php(209): Illuminate/Foundation/Http/Middleware/ConvertEmptyStringsToNull->handle(Object(Illuminate/Http/Request), Object(Closure))
#44 C:/xampp/htdocs/repo-tugas-web-app-website/KerjoSam/vendor/laravel/framework/src/Illuminate/Foundation/Http/Middleware/TransformsRequest.php(21): Illuminate/Pipeline/Pipeline->Illuminate/Pipeline/{closure}(Object(Illuminate/Http/Request))
#45 C:/xampp/htdocs/repo-tugas-web-app-website/KerjoSam/vendor/laravel/framework/src/Illuminate/Foundation/Http/Middleware/TrimStrings.php(51): Illuminate/Foundation/Http/Middleware/TransformsRequest->handle(Object(Illuminate/Http/Request), Object(Closure))
#46 C:/xampp/htdocs/repo-tugas-web-app-website/KerjoSam/vendor/laravel/framework/src/Illuminate/Pipeline/Pipeline.php(209): Illuminate/Foundation/Http/Middleware/TrimStrings->handle(Object(Illuminate/Http/Request), Object(Closure))
#47 C:/xampp/htdocs/repo-tugas-web-app-website/KerjoSam/vendor/laravel/framework/src/Illuminate/Http/Middleware/ValidatePostSize.php(27): Illuminate/Pipeline/Pipeline->Illuminate/Pipeline/{closure}(Object(Illuminate/Http/Request))
#48 C:/xampp/htdocs/repo-tugas-web-app-website/KerjoSam/vendor/laravel/framework/src/Illuminate/Pipeline/Pipeline.php(209): Illuminate/Http/Middleware/ValidatePostSize->handle(Object(Illuminate/Http/Request), Object(Closure))
#49 C:/xampp/htdocs/repo-tugas-web-app-website/KerjoSam/vendor/laravel/framework/src/Illuminate/Foundation/Http/Middleware/PreventRequestsDuringMaintenance.php(110): Illuminate/Pipeline/Pipeline->Illuminate/Pipeline/{closure}(Object(Illuminate/Http/Request))
#50 C:/xampp/htdocs/repo-tugas-web-app-website/KerjoSam/vendor/laravel/framework/src/Illuminate/Pipeline/Pipeline.php(209): Illuminate/Foundation/Http/Middleware/PreventRequestsDuringMaintenance->handle(Object(Illuminate/Http/Request), Object(Closure))
#51 C:/xampp/htdocs/repo-tugas-web-app-website/KerjoSam/vendor/laravel/framework/src/Illuminate/Http/Middleware/HandleCors.php(49): Illuminate/Pipeline/Pipeline->Illuminate/Pipeline/{closure}(Object(Illuminate/Http/Request))
#52 C:/xampp/htdocs/repo-tugas-web-app-website/KerjoSam/vendor/laravel/framework/src/Illuminate/Pipeline/Pipeline.php(209): Illuminate/Http/Middleware/HandleCors->handle(Object(Illuminate/Http/Request), Object(Closure))
#53 C:/xampp/htdocs/repo-tugas-web-app-website/KerjoSam/vendor/laravel/framework/src/Illuminate/Http/Middleware/TrustProxies.php(58): Illuminate/Pipeline/Pipeline->Illuminate/Pipeline/{closure}(Object(Illuminate/Http/Request))
#54 C:/xampp/htdocs/repo-tugas-web-app-website/KerjoSam/vendor/laravel/framework/src/Illuminate/Pipeline/Pipeline.php(209): Illuminate/Http/Middleware/TrustProxies->handle(Object(Illuminate/Http/Request), Object(Closure))
#55 C:/xampp/htdocs/repo-tugas-web-app-website/KerjoSam/vendor/laravel/framework/src/Illuminate/Foundation/Http/Middleware/InvokeDeferredCallbacks.php(22): Illuminate/Pipeline/Pipeline->Illuminate/Pipeline/{closure}(Object(Illuminate/Http/Request))
#56 C:/xampp/htdocs/repo-tugas-web-app-website/KerjoSam/vendor/laravel/framework/src/Illuminate/Pipeline/Pipeline.php(209): Illuminate/Foundation/Http/Middleware/InvokeDeferredCallbacks->handle(Object(Illuminate/Http/Request), Object(Closure))
#57 C:/xampp/htdocs/repo-tugas-web-app-website/KerjoSam/vendor/laravel/framework/src/Illuminate/Pipeline/Pipeline.php(127): Illuminate/Pipeline/Pipeline->Illuminate/Pipeline/{closure}(Object(Illuminate/Http/Request))
#58 C:/xampp/htdocs/repo-tugas-web-app-website/KerjoSam/vendor/laravel/framework/src/Illuminate/Foundation/Http/Kernel.php(176): Illuminate/Pipeline/Pipeline->then(Object(Closure))
#59 C:/xampp/htdocs/repo-tugas-web-app-website/KerjoSam/vendor/laravel/framework/src/Illuminate/Foundation/Http/Kernel.php(145): Illuminate/Foundation/Http/Kernel->sendRequestThroughRouter(Object(Illuminate/Http/Request))
#60 C:/xampp/htdocs/repo-tugas-web-app-website/KerjoSam/vendor/laravel/framework/src/Illuminate/Foundation/Application.php(1220): Illuminate/Foundation/Http/Kernel->handle(Object(Illuminate/Http/Request))
#61 C:/xampp/htdocs/repo-tugas-web-app-website/KerjoSam/public/index.php(17): Illuminate/Foundation/Application->handleRequest(Object(Illuminate/Http/Request))
#62 C:/xampp/htdocs/repo-tugas-web-app-website/KerjoSam/vendor/laravel/framework/src/Illuminate/Foundation/resources/server.php(23): require_once('C://xampp//htdocs...')
#63 {main}
"} 
[2026-01-18 16:02:51] local.ERROR: SQLSTATE[HY000] [2002] No connection could be made because the target machine actively refused it (Connection: mysql, SQL: select * from `sessions` where `id` = v8zWBy2fpAZAfwSJquTZuLs36UeZ738pWLetC6JH limit 1) {"exception":"[object] (Illuminate\\Database\\QueryException(code: 2002): SQLSTATE[HY000] [2002] No connection could be made because the target machine actively refused it (Connection: mysql, SQL: select * from `sessions` where `id` = v8zWBy2fpAZAfwSJquTZuLs36UeZ738pWLetC6JH limit 1) at C:/xampp/htdocs/repo-tugas-web-app-website/KerjoSam/vendor/laravel/framework/src/Illuminate/Database/Connection.php:825)
[stacktrace]
#0 C:/xampp/htdocs/repo-tugas-web-app-website/KerjoSam/vendor/laravel/framework/src/Illuminate/Database/Connection.php(979): Illuminate/Database/Connection->runQueryCallback('select * from `...', Array, Object(Closure))
#1 C:/xampp/htdocs/repo-tugas-web-app-website/KerjoSam/vendor/laravel/framework/src/Illuminate/Database/Connection.php(958): Illuminate/Database/Connection->tryAgainIfCausedByLostConnection(Object(Illuminate/Database/QueryException), 'select * from `...', Array, Object(Closure))
#2 C:/xampp/htdocs/repo-tugas-web-app-website/KerjoSam/vendor/laravel/framework/src/Illuminate/Database/Connection.php(781): Illuminate/Database/Connection->handleQueryException(Object(Illuminate/Database/QueryException), 'select * from `...', Array, Object(Closure))
#3 C:/xampp/htdocs/repo-tugas-web-app-website/KerjoSam/vendor/laravel/framework/src/Illuminate/Database/Connection.php(398): Illuminate/Database/Connection->run('select * from `...', Array, Object(Closure))
#4 C:/xampp/htdocs/repo-tugas-web-app-website/KerjoSam/vendor/laravel/framework/src/Illuminate/Database/Query/Builder.php(3106): Illuminate/Database/Connection->select('select * from `...', Array, false)
#5 C:/xampp/htdocs/repo-tugas-web-app-website/KerjoSam/vendor/laravel/framework/src/Illuminate/Database/Query/Builder.php(3091): Illuminate/Database/Query/Builder->runSelect()
#6 C:/xampp/htdocs/repo-tugas-web-app-website/KerjoSam/vendor/laravel/framework/src/Illuminate/Database/Query/Builder.php(3676): Illuminate/Database/Query/Builder->Illuminate/Database/Query/{closure}()
#7 C:/xampp/htdocs/repo-tugas-web-app-website/KerjoSam/vendor/laravel/framework/src/Illuminate/Database/Query/Builder.php(3090): Illuminate/Database/Query/Builder->onceWithColumns(Array, Object(Closure))
#8 C:/xampp/htdocs/repo-tugas-web-app-website/KerjoSam/vendor/laravel/framework/src/Illuminate/Database/Concerns/BuildsQueries.php(343): Illuminate/Database/Query/Builder->get(Array)
#9 C:/xampp/htdocs/repo-tugas-web-app-website/KerjoSam/vendor/laravel/framework/src/Illuminate/Database/Query/Builder.php(3013): Illuminate/Database/Query/Builder->first(Array)
#10 C:/xampp/htdocs/repo-tugas-web-app-website/KerjoSam/vendor/laravel/framework/src/Illuminate/Session/DatabaseSessionHandler.php(97): Illuminate/Database/Query/Builder->find('v8zWBy2fpAZAfwS...')
#11 C:/xampp/htdocs/repo-tugas-web-app-website/KerjoSam/vendor/laravel/framework/src/Illuminate/Session/Store.php(117): Illuminate/Session/DatabaseSessionHandler->read('v8zWBy2fpAZAfwS...')
#12 C:/xampp/htdocs/repo-tugas-web-app-website/KerjoSam/vendor/laravel/framework/src/Illuminate/Session/Store.php(105): Illuminate/Session/Store->readFromHandler()
#13 C:/xampp/htdocs/repo-tugas-web-app-website/KerjoSam/vendor/laravel/framework/src/Illuminate/Session/Store.php(89): Illuminate/Session/Store->loadSession()
#14 C:/xampp/htdocs/repo-tugas-web-app-website/KerjoSam/vendor/laravel/framework/src/Illuminate/Session/Middleware/StartSession.php(147): Illuminate/Session/Store->start()
#15 C:/xampp/htdocs/repo-tugas-web-app-website/KerjoSam/vendor/laravel/framework/src/Illuminate/Support/helpers.php(399): Illuminate/Session/Middleware/StartSession->Illuminate/Session/Middleware/{closure}(Object(Illuminate/Session/Store))
#16 C:/xampp/htdocs/repo-tugas-web-app-website/KerjoSam/vendor/laravel/framework/src/Illuminate/Session/Middleware/StartSession.php(144): tap(Object(Illuminate/Session/Store), Object(Closure))
#17 C:/xampp/htdocs/repo-tugas-web-app-website/KerjoSam/vendor/laravel/framework/src/Illuminate/Session/Middleware/StartSession.php(116): Illuminate/Session/Middleware/StartSession->startSession(Object(Illuminate/Http/Request), Object(Illuminate/Session/Store))
#18 C:/xampp/htdocs/repo-tugas-web-app-website/KerjoSam/vendor/laravel/framework/src/Illuminate/Session/Middleware/StartSession.php(64): Illuminate/Session/Middleware/StartSession->handleStatefulRequest(Object(Illuminate/Http/Request), Object(Illuminate/Session/Store), Object(Closure))
#19 C:/xampp/htdocs/repo-tugas-web-app-website/KerjoSam/vendor/laravel/framework/src/Illuminate/Pipeline/Pipeline.php(209): Illuminate/Session/Middleware/StartSession->handle(Object(Illuminate/Http/Request), Object(Closure))
#20 C:/xampp/htdocs/repo-tugas-web-app-website/KerjoSam/vendor/laravel/framework/src/Illuminate/Cookie/Middleware/AddQueuedCookiesToResponse.php(37): Illuminate/Pipeline/Pipeline->Illuminate/Pipeline/{closure}(Object(Illuminate/Http/Request))
#21 C:/xampp/htdocs/repo-tugas-web-app-website/KerjoSam/vendor/laravel/framework/src/Illuminate/Pipeline/Pipeline.php(209): Illuminate/Cookie/Middleware/AddQueuedCookiesToResponse->handle(Object(Illuminate/Http/Request), Object(Closure))
#22 C:/xampp/htdocs/repo-tugas-web-app-website/KerjoSam/vendor/laravel/framework/src/Illuminate/Cookie/Middleware/EncryptCookies.php(75): Illuminate/Pipeline/Pipeline->Illuminate/Pipeline/{closure}(Object(Illuminate/Http/Request))
#23 C:/xampp/htdocs/repo-tugas-web-app-website/KerjoSam/vendor/laravel/framework/src/Illuminate/Pipeline/Pipeline.php(209): Illuminate/Cookie/Middleware/EncryptCookies->handle(Object(Illuminate/Http/Request), Object(Closure))
#24 C:/xampp/htdocs/repo-tugas-web-app-website/KerjoSam/vendor/laravel/framework/src/Illuminate/Pipeline/Pipeline.php(127): Illuminate/Pipeline/Pipeline->Illuminate/Pipeline/{closure}(Object(Illuminate/Http/Request))
#25 C:/xampp/htdocs/repo-tugas-web-app-website/KerjoSam/vendor/laravel/framework/src/Illuminate/Routing/Router.php(807): Illuminate/Pipeline/Pipeline->then(Object(Closure))
#26 C:/xampp/htdocs/repo-tugas-web-app-website/KerjoSam/vendor/laravel/framework/src/Illuminate/Routing/Router.php(786): Illuminate/Routing/Router->runRouteWithinStack(Object(Illuminate/Routing/Route), Object(Illuminate/Http/Request))
#27 C:/xampp/htdocs/repo-tugas-web-app-website/KerjoSam/vendor/laravel/framework/src/Illuminate/Routing/Router.php(750): Illuminate/Routing/Router->runRoute(Object(Illuminate/Http/Request), Object(Illuminate/Routing/Route))
#28 C:/xampp/htdocs/repo-tugas-web-app-website/KerjoSam/vendor/laravel/framework/src/Illuminate/Routing/Router.php(739): Illuminate/Routing/Router->dispatchToRoute(Object(Illuminate/Http/Request))
#29 C:/xampp/htdocs/repo-tugas-web-app-website/KerjoSam/vendor/laravel/framework/src/Illuminate/Foundation/Http/Kernel.php(201): Illuminate/Routing/Router->dispatch(Object(Illuminate/Http/Request))
#30 C:/xampp/htdocs/repo-tugas-web-app-website/KerjoSam/vendor/laravel/framework/src/Illuminate/Pipeline/Pipeline.php(170): Illuminate/Foundation/Http/Kernel->Illuminate/Foundation/Http/{closure}(Object(Illuminate/Http/Request))
#31 C:/xampp/htdocs/repo-tugas-web-app-website/KerjoSam/vendor/laravel/framework/src/Illuminate/Foundation/Http/Middleware/TransformsRequest.php(21): Illuminate/Pipeline/Pipeline->Illuminate/Pipeline/{closure}(Object(Illuminate/Http/Request))
#32 C:/xampp/htdocs/repo-tugas-web-app-website/KerjoSam/vendor/laravel/framework/src/Illuminate/Foundation/Http/Middleware/ConvertEmptyStringsToNull.php(31): Illuminate/Foundation/Http/Middleware/TransformsRequest->handle(Object(Illuminate/Http/Request), Object(Closure))
#33 C:/xampp/htdocs/repo-tugas-web-app-website/KerjoSam/vendor/laravel/framework/src/Illuminate/Pipeline/Pipeline.php(209): Illuminate/Foundation/Http/Middleware/ConvertEmptyStringsToNull->handle(Object(Illuminate/Http/Request), Object(Closure))
#34 C:/xampp/htdocs/repo-tugas-web-app-website/KerjoSam/vendor/laravel/framework/src/Illuminate/Foundation/Http/Middleware/TransformsRequest.php(21): Illuminate/Pipeline/Pipeline->Illuminate/Pipeline/{closure}(Object(Illuminate/Http/Request))
#35 C:/xampp/htdocs/repo-tugas-web-app-website/KerjoSam/vendor/laravel/framework/src/Illuminate/Foundation/Http/Middleware/TrimStrings.php(51): Illuminate/Foundation/Http/Middleware/TransformsRequest->handle(Object(Illuminate/Http/Request), Object(Closure))
#36 C:/xampp/htdocs/repo-tugas-web-app-website/KerjoSam/vendor/laravel/framework/src/Illuminate/Pipeline/Pipeline.php(209): Illuminate/Foundation/Http/Middleware/TrimStrings->handle(Object(Illuminate/Http/Request), Object(Closure))
#37 C:/xampp/htdocs/repo-tugas-web-app-website/KerjoSam/vendor/laravel/framework/src/Illuminate/Http/Middleware/ValidatePostSize.php(27): Illuminate/Pipeline/Pipeline->Illuminate/Pipeline/{closure}(Object(Illuminate/Http/Request))
#38 C:/xampp/htdocs/repo-tugas-web-app-website/KerjoSam/vendor/laravel/framework/src/Illuminate/Pipeline/Pipeline.php(209): Illuminate/Http/Middleware/ValidatePostSize->handle(Object(Illuminate/Http/Request), Object(Closure))
#39 C:/xampp/htdocs/repo-tugas-web-app-website/KerjoSam/vendor/laravel/framework/src/Illuminate/Foundation/Http/Middleware/PreventRequestsDuringMaintenance.php(110): Illuminate/Pipeline/Pipeline->Illuminate/Pipeline/{closure}(Object(Illuminate/Http/Request))
#40 C:/xampp/htdocs/repo-tugas-web-app-website/KerjoSam/vendor/laravel/framework/src/Illuminate/Pipeline/Pipeline.php(209): Illuminate/Foundation/Http/Middleware/PreventRequestsDuringMaintenance->handle(Object(Illuminate/Http/Request), Object(Closure))
#41 C:/xampp/htdocs/repo-tugas-web-app-website/KerjoSam/vendor/laravel/framework/src/Illuminate/Http/Middleware/HandleCors.php(49): Illuminate/Pipeline/Pipeline->Illuminate/Pipeline/{closure}(Object(Illuminate/Http/Request))
#42 C:/xampp/htdocs/repo-tugas-web-app-website/KerjoSam/vendor/laravel/framework/src/Illuminate/Pipeline/Pipeline.php(209): Illuminate/Http/Middleware/HandleCors->handle(Object(Illuminate/Http/Request), Object(Closure))
#43 C:/xampp/htdocs/repo-tugas-web-app-website/KerjoSam/vendor/laravel/framework/src/Illuminate/Http/Middleware/TrustProxies.php(58): Illuminate/Pipeline/Pipeline->Illuminate/Pipeline/{closure}(Object(Illuminate/Http/Request))
#44 C:/xampp/htdocs/repo-tugas-web-app-website/KerjoSam/vendor/laravel/framework/src/Illuminate/Pipeline/Pipeline.php(209): Illuminate/Http/Middleware/TrustProxies->handle(Object(Illuminate/Http/Request), Object(Closure))
#45 C:/xampp/htdocs/repo-tugas-web-app-website/KerjoSam/vendor/laravel/framework/src/Illuminate/Foundation/Http/Middleware/InvokeDeferredCallbacks.php(22): Illuminate/Pipeline/Pipeline->Illuminate/Pipeline/{closure}(Object(Illuminate/Http/Request))
#46 C:/xampp/htdocs/repo-tugas-web-app-website/KerjoSam/vendor/laravel/framework/src/Illuminate/Pipeline/Pipeline.php(209): Illuminate/Foundation/Http/Middleware/InvokeDeferredCallbacks->handle(Object(Illuminate/Http/Request), Object(Closure))
#47 C:/xampp/htdocs/repo-tugas-web-app-website/KerjoSam/vendor/laravel/framework/src/Illuminate/Pipeline/Pipeline.php(127): Illuminate/Pipeline/Pipeline->Illuminate/Pipeline/{closure}(Object(Illuminate/Http/Request))
#48 C:/xampp/htdocs/repo-tugas-web-app-website/KerjoSam/vendor/laravel/framework/src/Illuminate/Foundation/Http/Kernel.php(176): Illuminate/Pipeline/Pipeline->then(Object(Closure))
#49 C:/xampp/htdocs/repo-tugas-web-app-website/KerjoSam/vendor/laravel/framework/src/Illuminate/Foundation/Http/Kernel.php(145): Illuminate/Foundation/Http/Kernel->sendRequestThroughRouter(Object(Illuminate/Http/Request))
#50 C:/xampp/htdocs/repo-tugas-web-app-website/KerjoSam/vendor/laravel/framework/src/Illuminate/Foundation/Application.php(1220): Illuminate/Foundation/Http/Kernel->handle(Object(Illuminate/Http/Request))
#51 C:/xampp/htdocs/repo-tugas-web-app-website/KerjoSam/public/index.php(17): Illuminate/Foundation/Application->handleRequest(Object(Illuminate/Http/Request))
#52 C:/xampp/htdocs/repo-tugas-web-app-website/KerjoSam/vendor/laravel/framework/src/Illuminate/Foundation/resources/server.php(23): require_once('C://xampp//htdocs...')
#53 {main}

[previous exception] [object] (PDOException(code: 2002): SQLSTATE[HY000] [2002] No connection could be made because the target machine actively refused it at C:/xampp/htdocs/repo-tugas-web-app-website/KerjoSam/vendor/laravel/framework/src/Illuminate/Database/Connectors/Connector.php:66)
[stacktrace]
#0 C:/xampp/htdocs/repo-tugas-web-app-website/KerjoSam/vendor/laravel/framework/src/Illuminate/Database/Connectors/Connector.php(66): PDO->__construct('mysql:host=127....', 'root', Object(SensitiveParameterValue), Array)
#1 C:/xampp/htdocs/repo-tugas-web-app-website/KerjoSam/vendor/laravel/framework/src/Illuminate/Database/Connectors/Connector.php(85): Illuminate/Database/Connectors/Connector->createPdoConnection('mysql:host=127....', 'root', Object(SensitiveParameterValue), Array)
#2 C:/xampp/htdocs/repo-tugas-web-app-website/KerjoSam/vendor/laravel/framework/src/Illuminate/Database/Connectors/Connector.php(48): Illuminate/Database/Connectors/Connector->tryAgainIfCausedByLostConnection(Object(PDOException), 'mysql:host=127....', 'root', Object(SensitiveParameterValue), Array)
#3 C:/xampp/htdocs/repo-tugas-web-app-website/KerjoSam/vendor/laravel/framework/src/Illuminate/Database/Connectors/MySqlConnector.php(24): Illuminate/Database/Connectors/Connector->createConnection('mysql:host=127....', Array, Array)
#4 C:/xampp/htdocs/repo-tugas-web-app-website/KerjoSam/vendor/laravel/framework/src/Illuminate/Database/Connectors/ConnectionFactory.php(185): Illuminate/Database/Connectors/MySqlConnector->connect(Array)
#5 [internal function]: Illuminate/Database/Connectors/ConnectionFactory->Illuminate/Database/Connectors/{closure}()
#6 C:/xampp/htdocs/repo-tugas-web-app-website/KerjoSam/vendor/laravel/framework/src/Illuminate/Database/Connection.php(1231): call_user_func(Object(Closure))
#7 C:/xampp/htdocs/repo-tugas-web-app-website/KerjoSam/vendor/laravel/framework/src/Illuminate/Database/Connection.php(512): Illuminate/Database/Connection->getPdo()
#8 C:/xampp/htdocs/repo-tugas-web-app-website/KerjoSam/vendor/laravel/framework/src/Illuminate/Database/Connection.php(407): Illuminate/Database/Connection->getPdoForSelect(false)
#9 C:/xampp/htdocs/repo-tugas-web-app-website/KerjoSam/vendor/laravel/framework/src/Illuminate/Database/Connection.php(812): Illuminate/Database/Connection->Illuminate/Database/{closure}('select * from `...', Array)
#10 C:/xampp/htdocs/repo-tugas-web-app-website/KerjoSam/vendor/laravel/framework/src/Illuminate/Database/Connection.php(979): Illuminate/Database/Connection->runQueryCallback('select * from `...', Array, Object(Closure))
#11 C:/xampp/htdocs/repo-tugas-web-app-website/KerjoSam/vendor/laravel/framework/src/Illuminate/Database/Connection.php(958): Illuminate/Database/Connection->tryAgainIfCausedByLostConnection(Object(Illuminate/Database/QueryException), 'select * from `...', Array, Object(Closure))
#12 C:/xampp/htdocs/repo-tugas-web-app-website/KerjoSam/vendor/laravel/framework/src/Illuminate/Database/Connection.php(781): Illuminate/Database/Connection->handleQueryException(Object(Illuminate/Database/QueryException), 'select * from `...', Array, Object(Closure))
#13 C:/xampp/htdocs/repo-tugas-web-app-website/KerjoSam/vendor/laravel/framework/src/Illuminate/Database/Connection.php(398): Illuminate/Database/Connection->run('select * from `...', Array, Object(Closure))
#14 C:/xampp/htdocs/repo-tugas-web-app-website/KerjoSam/vendor/laravel/framework/src/Illuminate/Database/Query/Builder.php(3106): Illuminate/Database/Connection->select('select * from `...', Array, false)
#15 C:/xampp/htdocs/repo-tugas-web-app-website/KerjoSam/vendor/laravel/framework/src/Illuminate/Database/Query/Builder.php(3091): Illuminate/Database/Query/Builder->runSelect()
#16 C:/xampp/htdocs/repo-tugas-web-app-website/KerjoSam/vendor/laravel/framework/src/Illuminate/Database/Query/Builder.php(3676): Illuminate/Database/Query/Builder->Illuminate/Database/Query/{closure}()
#17 C:/xampp/htdocs/repo-tugas-web-app-website/KerjoSam/vendor/laravel/framework/src/Illuminate/Database/Query/Builder.php(3090): Illuminate/Database/Query/Builder->onceWithColumns(Array, Object(Closure))
#18 C:/xampp/htdocs/repo-tugas-web-app-website/KerjoSam/vendor/laravel/framework/src/Illuminate/Database/Concerns/BuildsQueries.php(343): Illuminate/Database/Query/Builder->get(Array)
#19 C:/xampp/htdocs/repo-tugas-web-app-website/KerjoSam/vendor/laravel/framework/src/Illuminate/Database/Query/Builder.php(3013): Illuminate/Database/Query/Builder->first(Array)
#20 C:/xampp/htdocs/repo-tugas-web-app-website/KerjoSam/vendor/laravel/framework/src/Illuminate/Session/DatabaseSessionHandler.php(97): Illuminate/Database/Query/Builder->find('v8zWBy2fpAZAfwS...')
#21 C:/xampp/htdocs/repo-tugas-web-app-website/KerjoSam/vendor/laravel/framework/src/Illuminate/Session/Store.php(117): Illuminate/Session/DatabaseSessionHandler->read('v8zWBy2fpAZAfwS...')
#22 C:/xampp/htdocs/repo-tugas-web-app-website/KerjoSam/vendor/laravel/framework/src/Illuminate/Session/Store.php(105): Illuminate/Session/Store->readFromHandler()
#23 C:/xampp/htdocs/repo-tugas-web-app-website/KerjoSam/vendor/laravel/framework/src/Illuminate/Session/Store.php(89): Illuminate/Session/Store->loadSession()
#24 C:/xampp/htdocs/repo-tugas-web-app-website/KerjoSam/vendor/laravel/framework/src/Illuminate/Session/Middleware/StartSession.php(147): Illuminate/Session/Store->start()
#25 C:/xampp/htdocs/repo-tugas-web-app-website/KerjoSam/vendor/laravel/framework/src/Illuminate/Support/helpers.php(399): Illuminate/Session/Middleware/StartSession->Illuminate/Session/Middleware/{closure}(Object(Illuminate/Session/Store))
#26 C:/xampp/htdocs/repo-tugas-web-app-website/KerjoSam/vendor/laravel/framework/src/Illuminate/Session/Middleware/StartSession.php(144): tap(Object(Illuminate/Session/Store), Object(Closure))
#27 C:/xampp/htdocs/repo-tugas-web-app-website/KerjoSam/vendor/laravel/framework/src/Illuminate/Session/Middleware/StartSession.php(116): Illuminate/Session/Middleware/StartSession->startSession(Object(Illuminate/Http/Request), Object(Illuminate/Session/Store))
#28 C:/xampp/htdocs/repo-tugas-web-app-website/KerjoSam/vendor/laravel/framework/src/Illuminate/Session/Middleware/StartSession.php(64): Illuminate/Session/Middleware/StartSession->handleStatefulRequest(Object(Illuminate/Http/Request), Object(Illuminate/Session/Store), Object(Closure))
#29 C:/xampp/htdocs/repo-tugas-web-app-website/KerjoSam/vendor/laravel/framework/src/Illuminate/Pipeline/Pipeline.php(209): Illuminate/Session/Middleware/StartSession->handle(Object(Illuminate/Http/Request), Object(Closure))
#30 C:/xampp/htdocs/repo-tugas-web-app-website/KerjoSam/vendor/laravel/framework/src/Illuminate/Cookie/Middleware/AddQueuedCookiesToResponse.php(37): Illuminate/Pipeline/Pipeline->Illuminate/Pipeline/{closure}(Object(Illuminate/Http/Request))
#31 C:/xampp/htdocs/repo-tugas-web-app-website/KerjoSam/vendor/laravel/framework/src/Illuminate/Pipeline/Pipeline.php(209): Illuminate/Cookie/Middleware/AddQueuedCookiesToResponse->handle(Object(Illuminate/Http/Request), Object(Closure))
#32 C:/xampp/htdocs/repo-tugas-web-app-website/KerjoSam/vendor/laravel/framework/src/Illuminate/Cookie/Middleware/EncryptCookies.php(75): Illuminate/Pipeline/Pipeline->Illuminate/Pipeline/{closure}(Object(Illuminate/Http/Request))
#33 C:/xampp/htdocs/repo-tugas-web-app-website/KerjoSam/vendor/laravel/framework/src/Illuminate/Pipeline/Pipeline.php(209): Illuminate/Cookie/Middleware/EncryptCookies->handle(Object(Illuminate/Http/Request), Object(Closure))
#34 C:/xampp/htdocs/repo-tugas-web-app-website/KerjoSam/vendor/laravel/framework/src/Illuminate/Pipeline/Pipeline.php(127): Illuminate/Pipeline/Pipeline->Illuminate/Pipeline/{closure}(Object(Illuminate/Http/Request))
#35 C:/xampp/htdocs/repo-tugas-web-app-website/KerjoSam/vendor/laravel/framework/src/Illuminate/Routing/Router.php(807): Illuminate/Pipeline/Pipeline->then(Object(Closure))
#36 C:/xampp/htdocs/repo-tugas-web-app-website/KerjoSam/vendor/laravel/framework/src/Illuminate/Routing/Router.php(786): Illuminate/Routing/Router->runRouteWithinStack(Object(Illuminate/Routing/Route), Object(Illuminate/Http/Request))
#37 C:/xampp/htdocs/repo-tugas-web-app-website/KerjoSam/vendor/laravel/framework/src/Illuminate/Routing/Router.php(750): Illuminate/Routing/Router->runRoute(Object(Illuminate/Http/Request), Object(Illuminate/Routing/Route))
#38 C:/xampp/htdocs/repo-tugas-web-app-website/KerjoSam/vendor/laravel/framework/src/Illuminate/Routing/Router.php(739): Illuminate/Routing/Router->dispatchToRoute(Object(Illuminate/Http/Request))
#39 C:/xampp/htdocs/repo-tugas-web-app-website/KerjoSam/vendor/laravel/framework/src/Illuminate/Foundation/Http/Kernel.php(201): Illuminate/Routing/Router->dispatch(Object(Illuminate/Http/Request))
#40 C:/xampp/htdocs/repo-tugas-web-app-website/KerjoSam/vendor/laravel/framework/src/Illuminate/Pipeline/Pipeline.php(170): Illuminate/Foundation/Http/Kernel->Illuminate/Foundation/Http/{closure}(Object(Illuminate/Http/Request))
#41 C:/xampp/htdocs/repo-tugas-web-app-website/KerjoSam/vendor/laravel/framework/src/Illuminate/Foundation/Http/Middleware/TransformsRequest.php(21): Illuminate/Pipeline/Pipeline->Illuminate/Pipeline/{closure}(Object(Illuminate/Http/Request))
#42 C:/xampp/htdocs/repo-tugas-web-app-website/KerjoSam/vendor/laravel/framework/src/Illuminate/Foundation/Http/Middleware/ConvertEmptyStringsToNull.php(31): Illuminate/Foundation/Http/Middleware/TransformsRequest->handle(Object(Illuminate/Http/Request), Object(Closure))
#43 C:/xampp/htdocs/repo-tugas-web-app-website/KerjoSam/vendor/laravel/framework/src/Illuminate/Pipeline/Pipeline.php(209): Illuminate/Foundation/Http/Middleware/ConvertEmptyStringsToNull->handle(Object(Illuminate/Http/Request), Object(Closure))
#44 C:/xampp/htdocs/repo-tugas-web-app-website/KerjoSam/vendor/laravel/framework/src/Illuminate/Foundation/Http/Middleware/TransformsRequest.php(21): Illuminate/Pipeline/Pipeline->Illuminate/Pipeline/{closure}(Object(Illuminate/Http/Request))
#45 C:/xampp/htdocs/repo-tugas-web-app-website/KerjoSam/vendor/laravel/framework/src/Illuminate/Foundation/Http/Middleware/TrimStrings.php(51): Illuminate/Foundation/Http/Middleware/TransformsRequest->handle(Object(Illuminate/Http/Request), Object(Closure))
#46 C:/xampp/htdocs/repo-tugas-web-app-website/KerjoSam/vendor/laravel/framework/src/Illuminate/Pipeline/Pipeline.php(209): Illuminate/Foundation/Http/Middleware/TrimStrings->handle(Object(Illuminate/Http/Request), Object(Closure))
#47 C:/xampp/htdocs/repo-tugas-web-app-website/KerjoSam/vendor/laravel/framework/src/Illuminate/Http/Middleware/ValidatePostSize.php(27): Illuminate/Pipeline/Pipeline->Illuminate/Pipeline/{closure}(Object(Illuminate/Http/Request))
#48 C:/xampp/htdocs/repo-tugas-web-app-website/KerjoSam/vendor/laravel/framework/src/Illuminate/Pipeline/Pipeline.php(209): Illuminate/Http/Middleware/ValidatePostSize->handle(Object(Illuminate/Http/Request), Object(Closure))
#49 C:/xampp/htdocs/repo-tugas-web-app-website/KerjoSam/vendor/laravel/framework/src/Illuminate/Foundation/Http/Middleware/PreventRequestsDuringMaintenance.php(110): Illuminate/Pipeline/Pipeline->Illuminate/Pipeline/{closure}(Object(Illuminate/Http/Request))
#50 C:/xampp/htdocs/repo-tugas-web-app-website/KerjoSam/vendor/laravel/framework/src/Illuminate/Pipeline/Pipeline.php(209): Illuminate/Foundation/Http/Middleware/PreventRequestsDuringMaintenance->handle(Object(Illuminate/Http/Request), Object(Closure))
#51 C:/xampp/htdocs/repo-tugas-web-app-website/KerjoSam/vendor/laravel/framework/src/Illuminate/Http/Middleware/HandleCors.php(49): Illuminate/Pipeline/Pipeline->Illuminate/Pipeline/{closure}(Object(Illuminate/Http/Request))
#52 C:/xampp/htdocs/repo-tugas-web-app-website/KerjoSam/vendor/laravel/framework/src/Illuminate/Pipeline/Pipeline.php(209): Illuminate/Http/Middleware/HandleCors->handle(Object(Illuminate/Http/Request), Object(Closure))
#53 C:/xampp/htdocs/repo-tugas-web-app-website/KerjoSam/vendor/laravel/framework/src/Illuminate/Http/Middleware/TrustProxies.php(58): Illuminate/Pipeline/Pipeline->Illuminate/Pipeline/{closure}(Object(Illuminate/Http/Request))
#54 C:/xampp/htdocs/repo-tugas-web-app-website/KerjoSam/vendor/laravel/framework/src/Illuminate/Pipeline/Pipeline.php(209): Illuminate/Http/Middleware/TrustProxies->handle(Object(Illuminate/Http/Request), Object(Closure))
#55 C:/xampp/htdocs/repo-tugas-web-app-website/KerjoSam/vendor/laravel/framework/src/Illuminate/Foundation/Http/Middleware/InvokeDeferredCallbacks.php(22): Illuminate/Pipeline/Pipeline->Illuminate/Pipeline/{closure}(Object(Illuminate/Http/Request))
#56 C:/xampp/htdocs/repo-tugas-web-app-website/KerjoSam/vendor/laravel/framework/src/Illuminate/Pipeline/Pipeline.php(209): Illuminate/Foundation/Http/Middleware/InvokeDeferredCallbacks->handle(Object(Illuminate/Http/Request), Object(Closure))
#57 C:/xampp/htdocs/repo-tugas-web-app-website/KerjoSam/vendor/laravel/framework/src/Illuminate/Pipeline/Pipeline.php(127): Illuminate/Pipeline/Pipeline->Illuminate/Pipeline/{closure}(Object(Illuminate/Http/Request))
#58 C:/xampp/htdocs/repo-tugas-web-app-website/KerjoSam/vendor/laravel/framework/src/Illuminate/Foundation/Http/Kernel.php(176): Illuminate/Pipeline/Pipeline->then(Object(Closure))
#59 C:/xampp/htdocs/repo-tugas-web-app-website/KerjoSam/vendor/laravel/framework/src/Illuminate/Foundation/Http/Kernel.php(145): Illuminate/Foundation/Http/Kernel->sendRequestThroughRouter(Object(Illuminate/Http/Request))
#60 C:/xampp/htdocs/repo-tugas-web-app-website/KerjoSam/vendor/laravel/framework/src/Illuminate/Foundation/Application.php(1220): Illuminate/Foundation/Http/Kernel->handle(Object(Illuminate/Http/Request))
#61 C:/xampp/htdocs/repo-tugas-web-app-website/KerjoSam/public/index.php(17): Illuminate/Foundation/Application->handleRequest(Object(Illuminate/Http/Request))
#62 C:/xampp/htdocs/repo-tugas-web-app-website/KerjoSam/vendor/laravel/framework/src/Illuminate/Foundation/resources/server.php(23): require_once('C://xampp//htdocs...')
#63 {main}
"} 
[2026-01-19 01:21:14] local.ERROR: Route [jobs.create] not defined. (View: C:\xampp\htdocs\repo-tugas-web-app-website\KerjoSam\resources\views\jobs\index.blade.php) {"userId":4,"exception":"[object] (Illuminate\\View\\ViewException(code: 0): Route [jobs.create] not defined. (View: C:\\xampp\\htdocs\\repo-tugas-web-app-website\\KerjoSam\\resources\\views\\jobs\\index.blade.php) at C:/xampp/htdocs/repo-tugas-web-app-website/KerjoSam/vendor/laravel/framework/src/Illuminate/Routing/UrlGenerator.php:517)
[stacktrace]
#0 C:/xampp/htdocs/repo-tugas-web-app-website/KerjoSam/vendor/laravel/framework/src/Illuminate/View/Engines/PhpEngine.php(60): Illuminate/View/Engines/CompilerEngine->handleViewException(Object(Symfony/Component/Routing/Exception/RouteNotFoundException), 1)
#1 C:/xampp/htdocs/repo-tugas-web-app-website/KerjoSam/vendor/laravel/framework/src/Illuminate/View/Engines/CompilerEngine.php(75): Illuminate/View/Engines/PhpEngine->evaluatePath('C://xampp//htdocs...', Array)
#2 C:/xampp/htdocs/repo-tugas-web-app-website/KerjoSam/vendor/laravel/framework/src/Illuminate/View/View.php(209): Illuminate/View/Engines/CompilerEngine->get('C://xampp//htdocs...', Array)
#3 C:/xampp/htdocs/repo-tugas-web-app-website/KerjoSam/vendor/laravel/framework/src/Illuminate/View/View.php(192): Illuminate/View/View->getContents()
#4 C:/xampp/htdocs/repo-tugas-web-app-website/KerjoSam/vendor/laravel/framework/src/Illuminate/View/View.php(161): Illuminate/View/View->renderContents()
#5 C:/xampp/htdocs/repo-tugas-web-app-website/KerjoSam/vendor/laravel/framework/src/Illuminate/Http/Response.php(79): Illuminate/View/View->render()
#6 C:/xampp/htdocs/repo-tugas-web-app-website/KerjoSam/vendor/laravel/framework/src/Illuminate/Http/Response.php(35): Illuminate/Http/Response->setContent(Object(Illuminate/View/View))
#7 C:/xampp/htdocs/repo-tugas-web-app-website/KerjoSam/vendor/laravel/framework/src/Illuminate/Routing/Router.php(920): Illuminate/Http/Response->__construct(Object(Illuminate/View/View), 200, Array)
#8 C:/xampp/htdocs/repo-tugas-web-app-website/KerjoSam/vendor/laravel/framework/src/Illuminate/Routing/Router.php(887): Illuminate/Routing/Router::toResponse(Object(Illuminate/Http/Request), Object(Illuminate/View/View))
#9 C:/xampp/htdocs/repo-tugas-web-app-website/KerjoSam/vendor/laravel/framework/src/Illuminate/Routing/Router.php(807): Illuminate/Routing/Router->prepareResponse(Object(Illuminate/Http/Request), Object(Illuminate/View/View))
#10 C:/xampp/htdocs/repo-tugas-web-app-website/KerjoSam/vendor/laravel/framework/src/Illuminate/Pipeline/Pipeline.php(170): Illuminate/Routing/Router->Illuminate/Routing/{closure}(Object(Illuminate/Http/Request))
#11 C:/xampp/htdocs/repo-tugas-web-app-website/KerjoSam/vendor/laravel/framework/src/Illuminate/Routing/Middleware/SubstituteBindings.php(51): Illuminate/Pipeline/Pipeline->Illuminate/Pipeline/{closure}(Object(Illuminate/Http/Request))
#12 C:/xampp/htdocs/repo-tugas-web-app-website/KerjoSam/vendor/laravel/framework/src/Illuminate/Pipeline/Pipeline.php(209): Illuminate/Routing/Middleware/SubstituteBindings->handle(Object(Illuminate/Http/Request), Object(Closure))
#13 C:/xampp/htdocs/repo-tugas-web-app-website/KerjoSam/vendor/laravel/framework/src/Illuminate/Auth/Middleware/Authenticate.php(64): Illuminate/Pipeline/Pipeline->Illuminate/Pipeline/{closure}(Object(Illuminate/Http/Request))
#14 C:/xampp/htdocs/repo-tugas-web-app-website/KerjoSam/vendor/laravel/framework/src/Illuminate/Pipeline/Pipeline.php(209): Illuminate/Auth/Middleware/Authenticate->handle(Object(Illuminate/Http/Request), Object(Closure))
#15 C:/xampp/htdocs/repo-tugas-web-app-website/KerjoSam/vendor/laravel/framework/src/Illuminate/Foundation/Http/Middleware/VerifyCsrfToken.php(88): Illuminate/Pipeline/Pipeline->Illuminate/Pipeline/{closure}(Object(Illuminate/Http/Request))
#16 C:/xampp/htdocs/repo-tugas-web-app-website/KerjoSam/vendor/laravel/framework/src/Illuminate/Pipeline/Pipeline.php(209): Illuminate/Foundation/Http/Middleware/VerifyCsrfToken->handle(Object(Illuminate/Http/Request), Object(Closure))
#17 C:/xampp/htdocs/repo-tugas-web-app-website/KerjoSam/vendor/laravel/framework/src/Illuminate/View/Middleware/ShareErrorsFromSession.php(49): Illuminate/Pipeline/Pipeline->Illuminate/Pipeline/{closure}(Object(Illuminate/Http/Request))
#18 C:/xampp/htdocs/repo-tugas-web-app-website/KerjoSam/vendor/laravel/framework/src/Illuminate/Pipeline/Pipeline.php(209): Illuminate/View/Middleware/ShareErrorsFromSession->handle(Object(Illuminate/Http/Request), Object(Closure))
#19 C:/xampp/htdocs/repo-tugas-web-app-website/KerjoSam/vendor/laravel/framework/src/Illuminate/Session/Middleware/StartSession.php(121): Illuminate/Pipeline/Pipeline->Illuminate/Pipeline/{closure}(Object(Illuminate/Http/Request))
#20 C:/xampp/htdocs/repo-tugas-web-app-website/KerjoSam/vendor/laravel/framework/src/Illuminate/Session/Middleware/StartSession.php(64): Illuminate/Session/Middleware/StartSession->handleStatefulRequest(Object(Illuminate/Http/Request), Object(Illuminate/Session/Store), Object(Closure))
#21 C:/xampp/htdocs/repo-tugas-web-app-website/KerjoSam/vendor/laravel/framework/src/Illuminate/Pipeline/Pipeline.php(209): Illuminate/Session/Middleware/StartSession->handle(Object(Illuminate/Http/Request), Object(Closure))
#22 C:/xampp/htdocs/repo-tugas-web-app-website/KerjoSam/vendor/laravel/framework/src/Illuminate/Cookie/Middleware/AddQueuedCookiesToResponse.php(37): Illuminate/Pipeline/Pipeline->Illuminate/Pipeline/{closure}(Object(Illuminate/Http/Request))
#23 C:/xampp/htdocs/repo-tugas-web-app-website/KerjoSam/vendor/laravel/framework/src/Illuminate/Pipeline/Pipeline.php(209): Illuminate/Cookie/Middleware/AddQueuedCookiesToResponse->handle(Object(Illuminate/Http/Request), Object(Closure))
#24 C:/xampp/htdocs/repo-tugas-web-app-website/KerjoSam/vendor/laravel/framework/src/Illuminate/Cookie/Middleware/EncryptCookies.php(75): Illuminate/Pipeline/Pipeline->Illuminate/Pipeline/{closure}(Object(Illuminate/Http/Request))
#25 C:/xampp/htdocs/repo-tugas-web-app-website/KerjoSam/vendor/laravel/framework/src/Illuminate/Pipeline/Pipeline.php(209): Illuminate/Cookie/Middleware/EncryptCookies->handle(Object(Illuminate/Http/Request), Object(Closure))
#26 C:/xampp/htdocs/repo-tugas-web-app-website/KerjoSam/vendor/laravel/framework/src/Illuminate/Pipeline/Pipeline.php(127): Illuminate/Pipeline/Pipeline->Illuminate/Pipeline/{closure}(Object(Illuminate/Http/Request))
#27 C:/xampp/htdocs/repo-tugas-web-app-website/KerjoSam/vendor/laravel/framework/src/Illuminate/Routing/Router.php(807): Illuminate/Pipeline/Pipeline->then(Object(Closure))
#28 C:/xampp/htdocs/repo-tugas-web-app-website/KerjoSam/vendor/laravel/framework/src/Illuminate/Routing/Router.php(786): Illuminate/Routing/Router->runRouteWithinStack(Object(Illuminate/Routing/Route), Object(Illuminate/Http/Request))
#29 C:/xampp/htdocs/repo-tugas-web-app-website/KerjoSam/vendor/laravel/framework/src/Illuminate/Routing/Router.php(750): Illuminate/Routing/Router->runRoute(Object(Illuminate/Http/Request), Object(Illuminate/Routing/Route))
#30 C:/xampp/htdocs/repo-tugas-web-app-website/KerjoSam/vendor/laravel/framework/src/Illuminate/Routing/Router.php(739): Illuminate/Routing/Router->dispatchToRoute(Object(Illuminate/Http/Request))
#31 C:/xampp/htdocs/repo-tugas-web-app-website/KerjoSam/vendor/laravel/framework/src/Illuminate/Foundation/Http/Kernel.php(201): Illuminate/Routing/Router->dispatch(Object(Illuminate/Http/Request))
#32 C:/xampp/htdocs/repo-tugas-web-app-website/KerjoSam/vendor/laravel/framework/src/Illuminate/Pipeline/Pipeline.php(170): Illuminate/Foundation/Http/Kernel->Illuminate/Foundation/Http/{closure}(Object(Illuminate/Http/Request))
#33 C:/xampp/htdocs/repo-tugas-web-app-website/KerjoSam/vendor/laravel/framework/src/Illuminate/Foundation/Http/Middleware/TransformsRequest.php(21): Illuminate/Pipeline/Pipeline->Illuminate/Pipeline/{closure}(Object(Illuminate/Http/Request))
#34 C:/xampp/htdocs/repo-tugas-web-app-website/KerjoSam/vendor/laravel/framework/src/Illuminate/Foundation/Http/Middleware/ConvertEmptyStringsToNull.php(31): Illuminate/Foundation/Http/Middleware/TransformsRequest->handle(Object(Illuminate/Http/Request), Object(Closure))
#35 C:/xampp/htdocs/repo-tugas-web-app-website/KerjoSam/vendor/laravel/framework/src/Illuminate/Pipeline/Pipeline.php(209): Illuminate/Foundation/Http/Middleware/ConvertEmptyStringsToNull->handle(Object(Illuminate/Http/Request), Object(Closure))
#36 C:/xampp/htdocs/repo-tugas-web-app-website/KerjoSam/vendor/laravel/framework/src/Illuminate/Foundation/Http/Middleware/TransformsRequest.php(21): Illuminate/Pipeline/Pipeline->Illuminate/Pipeline/{closure}(Object(Illuminate/Http/Request))
#37 C:/xampp/htdocs/repo-tugas-web-app-website/KerjoSam/vendor/laravel/framework/src/Illuminate/Foundation/Http/Middleware/TrimStrings.php(51): Illuminate/Foundation/Http/Middleware/TransformsRequest->handle(Object(Illuminate/Http/Request), Object(Closure))
#38 C:/xampp/htdocs/repo-tugas-web-app-website/KerjoSam/vendor/laravel/framework/src/Illuminate/Pipeline/Pipeline.php(209): Illuminate/Foundation/Http/Middleware/TrimStrings->handle(Object(Illuminate/Http/Request), Object(Closure))
#39 C:/xampp/htdocs/repo-tugas-web-app-website/KerjoSam/vendor/laravel/framework/src/Illuminate/Http/Middleware/ValidatePostSize.php(27): Illuminate/Pipeline/Pipeline->Illuminate/Pipeline/{closure}(Object(Illuminate/Http/Request))
#40 C:/xampp/htdocs/repo-tugas-web-app-website/KerjoSam/vendor/laravel/framework/src/Illuminate/Pipeline/Pipeline.php(209): Illuminate/Http/Middleware/ValidatePostSize->handle(Object(Illuminate/Http/Request), Object(Closure))
#41 C:/xampp/htdocs/repo-tugas-web-app-website/KerjoSam/vendor/laravel/framework/src/Illuminate/Foundation/Http/Middleware/PreventRequestsDuringMaintenance.php(110): Illuminate/Pipeline/Pipeline->Illuminate/Pipeline/{closure}(Object(Illuminate/Http/Request))
#42 C:/xampp/htdocs/repo-tugas-web-app-website/KerjoSam/vendor/laravel/framework/src/Illuminate/Pipeline/Pipeline.php(209): Illuminate/Foundation/Http/Middleware/PreventRequestsDuringMaintenance->handle(Object(Illuminate/Http/Request), Object(Closure))
#43 C:/xampp/htdocs/repo-tugas-web-app-website/KerjoSam/vendor/laravel/framework/src/Illuminate/Http/Middleware/HandleCors.php(49): Illuminate/Pipeline/Pipeline->Illuminate/Pipeline/{closure}(Object(Illuminate/Http/Request))
#44 C:/xampp/htdocs/repo-tugas-web-app-website/KerjoSam/vendor/laravel/framework/src/Illuminate/Pipeline/Pipeline.php(209): Illuminate/Http/Middleware/HandleCors->handle(Object(Illuminate/Http/Request), Object(Closure))
#45 C:/xampp/htdocs/repo-tugas-web-app-website/KerjoSam/vendor/laravel/framework/src/Illuminate/Http/Middleware/TrustProxies.php(58): Illuminate/Pipeline/Pipeline->Illuminate/Pipeline/{closure}(Object(Illuminate/Http/Request))
#46 C:/xampp/htdocs/repo-tugas-web-app-website/KerjoSam/vendor/laravel/framework/src/Illuminate/Pipeline/Pipeline.php(209): Illuminate/Http/Middleware/TrustProxies->handle(Object(Illuminate/Http/Request), Object(Closure))
#47 C:/xampp/htdocs/repo-tugas-web-app-website/KerjoSam/vendor/laravel/framework/src/Illuminate/Foundation/Http/Middleware/InvokeDeferredCallbacks.php(22): Illuminate/Pipeline/Pipeline->Illuminate/Pipeline/{closure}(Object(Illuminate/Http/Request))
#48 C:/xampp/htdocs/repo-tugas-web-app-website/KerjoSam/vendor/laravel/framework/src/Illuminate/Pipeline/Pipeline.php(209): Illuminate/Foundation/Http/Middleware/InvokeDeferredCallbacks->handle(Object(Illuminate/Http/Request), Object(Closure))
#49 C:/xampp/htdocs/repo-tugas-web-app-website/KerjoSam/vendor/laravel/framework/src/Illuminate/Pipeline/Pipeline.php(127): Illuminate/Pipeline/Pipeline->Illuminate/Pipeline/{closure}(Object(Illuminate/Http/Request))
#50 C:/xampp/htdocs/repo-tugas-web-app-website/KerjoSam/vendor/laravel/framework/src/Illuminate/Foundation/Http/Kernel.php(176): Illuminate/Pipeline/Pipeline->then(Object(Closure))
#51 C:/xampp/htdocs/repo-tugas-web-app-website/KerjoSam/vendor/laravel/framework/src/Illuminate/Foundation/Http/Kernel.php(145): Illuminate/Foundation/Http/Kernel->sendRequestThroughRouter(Object(Illuminate/Http/Request))
#52 C:/xampp/htdocs/repo-tugas-web-app-website/KerjoSam/vendor/laravel/framework/src/Illuminate/Foundation/Application.php(1220): Illuminate/Foundation/Http/Kernel->handle(Object(Illuminate/Http/Request))
#53 C:/xampp/htdocs/repo-tugas-web-app-website/KerjoSam/public/index.php(17): Illuminate/Foundation/Application->handleRequest(Object(Illuminate/Http/Request))
#54 C:/xampp/htdocs/repo-tugas-web-app-website/KerjoSam/vendor/laravel/framework/src/Illuminate/Foundation/resources/server.php(23): require_once('C://xampp//htdocs...')
#55 {main}

[previous exception] [object] (Symfony\\Component\\Routing\\Exception\\RouteNotFoundException(code: 0): Route [jobs.create] not defined. at C:/xampp/htdocs/repo-tugas-web-app-website/KerjoSam/vendor/laravel/framework/src/Illuminate/Routing/UrlGenerator.php:517)
[stacktrace]
#0 C:/xampp/htdocs/repo-tugas-web-app-website/KerjoSam/vendor/laravel/framework/src/Illuminate/Foundation/helpers.php(853): Illuminate/Routing/UrlGenerator->route('jobs.create', Array, true)
#1 C:/xampp/htdocs/repo-tugas-web-app-website/KerjoSam/storage/framework/views/3f9e039569f598589cd373117263f91d.php(46): route('jobs.create')
#2 C:/xampp/htdocs/repo-tugas-web-app-website/KerjoSam/vendor/laravel/framework/src/Illuminate/Filesystem/Filesystem.php(123): require('C://xampp//htdocs...')
#3 C:/xampp/htdocs/repo-tugas-web-app-website/KerjoSam/vendor/laravel/framework/src/Illuminate/Filesystem/Filesystem.php(124): Illuminate/Filesystem/Filesystem::Illuminate/Filesystem/{closure}()
#4 C:/xampp/htdocs/repo-tugas-web-app-website/KerjoSam/vendor/laravel/framework/src/Illuminate/View/Engines/PhpEngine.php(58): Illuminate/Filesystem/Filesystem->getRequire('C://xampp//htdocs...', Array)
#5 C:/xampp/htdocs/repo-tugas-web-app-website/KerjoSam/vendor/laravel/framework/src/Illuminate/View/Engines/CompilerEngine.php(75): Illuminate/View/Engines/PhpEngine->evaluatePath('C://xampp//htdocs...', Array)
#6 C:/xampp/htdocs/repo-tugas-web-app-website/KerjoSam/vendor/laravel/framework/src/Illuminate/View/View.php(209): Illuminate/View/Engines/CompilerEngine->get('C://xampp//htdocs...', Array)
#7 C:/xampp/htdocs/repo-tugas-web-app-website/KerjoSam/vendor/laravel/framework/src/Illuminate/View/View.php(192): Illuminate/View/View->getContents()
#8 C:/xampp/htdocs/repo-tugas-web-app-website/KerjoSam/vendor/laravel/framework/src/Illuminate/View/View.php(161): Illuminate/View/View->renderContents()
#9 C:/xampp/htdocs/repo-tugas-web-app-website/KerjoSam/vendor/laravel/framework/src/Illuminate/Http/Response.php(79): Illuminate/View/View->render()
#10 C:/xampp/htdocs/repo-tugas-web-app-website/KerjoSam/vendor/laravel/framework/src/Illuminate/Http/Response.php(35): Illuminate/Http/Response->setContent(Object(Illuminate/View/View))
#11 C:/xampp/htdocs/repo-tugas-web-app-website/KerjoSam/vendor/laravel/framework/src/Illuminate/Routing/Router.php(920): Illuminate/Http/Response->__construct(Object(Illuminate/View/View), 200, Array)
#12 C:/xampp/htdocs/repo-tugas-web-app-website/KerjoSam/vendor/laravel/framework/src/Illuminate/Routing/Router.php(887): Illuminate/Routing/Router::toResponse(Object(Illuminate/Http/Request), Object(Illuminate/View/View))
#13 C:/xampp/htdocs/repo-tugas-web-app-website/KerjoSam/vendor/laravel/framework/src/Illuminate/Routing/Router.php(807): Illuminate/Routing/Router->prepareResponse(Object(Illuminate/Http/Request), Object(Illuminate/View/View))
#14 C:/xampp/htdocs/repo-tugas-web-app-website/KerjoSam/vendor/laravel/framework/src/Illuminate/Pipeline/Pipeline.php(170): Illuminate/Routing/Router->Illuminate/Routing/{closure}(Object(Illuminate/Http/Request))
#15 C:/xampp/htdocs/repo-tugas-web-app-website/KerjoSam/vendor/laravel/framework/src/Illuminate/Routing/Middleware/SubstituteBindings.php(51): Illuminate/Pipeline/Pipeline->Illuminate/Pipeline/{closure}(Object(Illuminate/Http/Request))
#16 C:/xampp/htdocs/repo-tugas-web-app-website/KerjoSam/vendor/laravel/framework/src/Illuminate/Pipeline/Pipeline.php(209): Illuminate/Routing/Middleware/SubstituteBindings->handle(Object(Illuminate/Http/Request), Object(Closure))
#17 C:/xampp/htdocs/repo-tugas-web-app-website/KerjoSam/vendor/laravel/framework/src/Illuminate/Auth/Middleware/Authenticate.php(64): Illuminate/Pipeline/Pipeline->Illuminate/Pipeline/{closure}(Object(Illuminate/Http/Request))
#18 C:/xampp/htdocs/repo-tugas-web-app-website/KerjoSam/vendor/laravel/framework/src/Illuminate/Pipeline/Pipeline.php(209): Illuminate/Auth/Middleware/Authenticate->handle(Object(Illuminate/Http/Request), Object(Closure))
#19 C:/xampp/htdocs/repo-tugas-web-app-website/KerjoSam/vendor/laravel/framework/src/Illuminate/Foundation/Http/Middleware/VerifyCsrfToken.php(88): Illuminate/Pipeline/Pipeline->Illuminate/Pipeline/{closure}(Object(Illuminate/Http/Request))
#20 C:/xampp/htdocs/repo-tugas-web-app-website/KerjoSam/vendor/laravel/framework/src/Illuminate/Pipeline/Pipeline.php(209): Illuminate/Foundation/Http/Middleware/VerifyCsrfToken->handle(Object(Illuminate/Http/Request), Object(Closure))
#21 C:/xampp/htdocs/repo-tugas-web-app-website/KerjoSam/vendor/laravel/framework/src/Illuminate/View/Middleware/ShareErrorsFromSession.php(49): Illuminate/Pipeline/Pipeline->Illuminate/Pipeline/{closure}(Object(Illuminate/Http/Request))
#22 C:/xampp/htdocs/repo-tugas-web-app-website/KerjoSam/vendor/laravel/framework/src/Illuminate/Pipeline/Pipeline.php(209): Illuminate/View/Middleware/ShareErrorsFromSession->handle(Object(Illuminate/Http/Request), Object(Closure))
#23 C:/xampp/htdocs/repo-tugas-web-app-website/KerjoSam/vendor/laravel/framework/src/Illuminate/Session/Middleware/StartSession.php(121): Illuminate/Pipeline/Pipeline->Illuminate/Pipeline/{closure}(Object(Illuminate/Http/Request))
#24 C:/xampp/htdocs/repo-tugas-web-app-website/KerjoSam/vendor/laravel/framework/src/Illuminate/Session/Middleware/StartSession.php(64): Illuminate/Session/Middleware/StartSession->handleStatefulRequest(Object(Illuminate/Http/Request), Object(Illuminate/Session/Store), Object(Closure))
#25 C:/xampp/htdocs/repo-tugas-web-app-website/KerjoSam/vendor/laravel/framework/src/Illuminate/Pipeline/Pipeline.php(209): Illuminate/Session/Middleware/StartSession->handle(Object(Illuminate/Http/Request), Object(Closure))
#26 C:/xampp/htdocs/repo-tugas-web-app-website/KerjoSam/vendor/laravel/framework/src/Illuminate/Cookie/Middleware/AddQueuedCookiesToResponse.php(37): Illuminate/Pipeline/Pipeline->Illuminate/Pipeline/{closure}(Object(Illuminate/Http/Request))
#27 C:/xampp/htdocs/repo-tugas-web-app-website/KerjoSam/vendor/laravel/framework/src/Illuminate/Pipeline/Pipeline.php(209): Illuminate/Cookie/Middleware/AddQueuedCookiesToResponse->handle(Object(Illuminate/Http/Request), Object(Closure))
#28 C:/xampp/htdocs/repo-tugas-web-app-website/KerjoSam/vendor/laravel/framework/src/Illuminate/Cookie/Middleware/EncryptCookies.php(75): Illuminate/Pipeline/Pipeline->Illuminate/Pipeline/{closure}(Object(Illuminate/Http/Request))
#29 C:/xampp/htdocs/repo-tugas-web-app-website/KerjoSam/vendor/laravel/framework/src/Illuminate/Pipeline/Pipeline.php(209): Illuminate/Cookie/Middleware/EncryptCookies->handle(Object(Illuminate/Http/Request), Object(Closure))
#30 C:/xampp/htdocs/repo-tugas-web-app-website/KerjoSam/vendor/laravel/framework/src/Illuminate/Pipeline/Pipeline.php(127): Illuminate/Pipeline/Pipeline->Illuminate/Pipeline/{closure}(Object(Illuminate/Http/Request))
#31 C:/xampp/htdocs/repo-tugas-web-app-website/KerjoSam/vendor/laravel/framework/src/Illuminate/Routing/Router.php(807): Illuminate/Pipeline/Pipeline->then(Object(Closure))
#32 C:/xampp/htdocs/repo-tugas-web-app-website/KerjoSam/vendor/laravel/framework/src/Illuminate/Routing/Router.php(786): Illuminate/Routing/Router->runRouteWithinStack(Object(Illuminate/Routing/Route), Object(Illuminate/Http/Request))
#33 C:/xampp/htdocs/repo-tugas-web-app-website/KerjoSam/vendor/laravel/framework/src/Illuminate/Routing/Router.php(750): Illuminate/Routing/Router->runRoute(Object(Illuminate/Http/Request), Object(Illuminate/Routing/Route))
#34 C:/xampp/htdocs/repo-tugas-web-app-website/KerjoSam/vendor/laravel/framework/src/Illuminate/Routing/Router.php(739): Illuminate/Routing/Router->dispatchToRoute(Object(Illuminate/Http/Request))
#35 C:/xampp/htdocs/repo-tugas-web-app-website/KerjoSam/vendor/laravel/framework/src/Illuminate/Foundation/Http/Kernel.php(201): Illuminate/Routing/Router->dispatch(Object(Illuminate/Http/Request))
#36 C:/xampp/htdocs/repo-tugas-web-app-website/KerjoSam/vendor/laravel/framework/src/Illuminate/Pipeline/Pipeline.php(170): Illuminate/Foundation/Http/Kernel->Illuminate/Foundation/Http/{closure}(Object(Illuminate/Http/Request))
#37 C:/xampp/htdocs/repo-tugas-web-app-website/KerjoSam/vendor/laravel/framework/src/Illuminate/Foundation/Http/Middleware/TransformsRequest.php(21): Illuminate/Pipeline/Pipeline->Illuminate/Pipeline/{closure}(Object(Illuminate/Http/Request))
#38 C:/xampp/htdocs/repo-tugas-web-app-website/KerjoSam/vendor/laravel/framework/src/Illuminate/Foundation/Http/Middleware/ConvertEmptyStringsToNull.php(31): Illuminate/Foundation/Http/Middleware/TransformsRequest->handle(Object(Illuminate/Http/Request), Object(Closure))
#39 C:/xampp/htdocs/repo-tugas-web-app-website/KerjoSam/vendor/laravel/framework/src/Illuminate/Pipeline/Pipeline.php(209): Illuminate/Foundation/Http/Middleware/ConvertEmptyStringsToNull->handle(Object(Illuminate/Http/Request), Object(Closure))
#40 C:/xampp/htdocs/repo-tugas-web-app-website/KerjoSam/vendor/laravel/framework/src/Illuminate/Foundation/Http/Middleware/TransformsRequest.php(21): Illuminate/Pipeline/Pipeline->Illuminate/Pipeline/{closure}(Object(Illuminate/Http/Request))
#41 C:/xampp/htdocs/repo-tugas-web-app-website/KerjoSam/vendor/laravel/framework/src/Illuminate/Foundation/Http/Middleware/TrimStrings.php(51): Illuminate/Foundation/Http/Middleware/TransformsRequest->handle(Object(Illuminate/Http/Request), Object(Closure))
#42 C:/xampp/htdocs/repo-tugas-web-app-website/KerjoSam/vendor/laravel/framework/src/Illuminate/Pipeline/Pipeline.php(209): Illuminate/Foundation/Http/Middleware/TrimStrings->handle(Object(Illuminate/Http/Request), Object(Closure))
#43 C:/xampp/htdocs/repo-tugas-web-app-website/KerjoSam/vendor/laravel/framework/src/Illuminate/Http/Middleware/ValidatePostSize.php(27): Illuminate/Pipeline/Pipeline->Illuminate/Pipeline/{closure}(Object(Illuminate/Http/Request))
#44 C:/xampp/htdocs/repo-tugas-web-app-website/KerjoSam/vendor/laravel/framework/src/Illuminate/Pipeline/Pipeline.php(209): Illuminate/Http/Middleware/ValidatePostSize->handle(Object(Illuminate/Http/Request), Object(Closure))
#45 C:/xampp/htdocs/repo-tugas-web-app-website/KerjoSam/vendor/laravel/framework/src/Illuminate/Foundation/Http/Middleware/PreventRequestsDuringMaintenance.php(110): Illuminate/Pipeline/Pipeline->Illuminate/Pipeline/{closure}(Object(Illuminate/Http/Request))
#46 C:/xampp/htdocs/repo-tugas-web-app-website/KerjoSam/vendor/laravel/framework/src/Illuminate/Pipeline/Pipeline.php(209): Illuminate/Foundation/Http/Middleware/PreventRequestsDuringMaintenance->handle(Object(Illuminate/Http/Request), Object(Closure))
#47 C:/xampp/htdocs/repo-tugas-web-app-website/KerjoSam/vendor/laravel/framework/src/Illuminate/Http/Middleware/HandleCors.php(49): Illuminate/Pipeline/Pipeline->Illuminate/Pipeline/{closure}(Object(Illuminate/Http/Request))
#48 C:/xampp/htdocs/repo-tugas-web-app-website/KerjoSam/vendor/laravel/framework/src/Illuminate/Pipeline/Pipeline.php(209): Illuminate/Http/Middleware/HandleCors->handle(Object(Illuminate/Http/Request), Object(Closure))
#49 C:/xampp/htdocs/repo-tugas-web-app-website/KerjoSam/vendor/laravel/framework/src/Illuminate/Http/Middleware/TrustProxies.php(58): Illuminate/Pipeline/Pipeline->Illuminate/Pipeline/{closure}(Object(Illuminate/Http/Request))
#50 C:/xampp/htdocs/repo-tugas-web-app-website/KerjoSam/vendor/laravel/framework/src/Illuminate/Pipeline/Pipeline.php(209): Illuminate/Http/Middleware/TrustProxies->handle(Object(Illuminate/Http/Request), Object(Closure))
#51 C:/xampp/htdocs/repo-tugas-web-app-website/KerjoSam/vendor/laravel/framework/src/Illuminate/Foundation/Http/Middleware/InvokeDeferredCallbacks.php(22): Illuminate/Pipeline/Pipeline->Illuminate/Pipeline/{closure}(Object(Illuminate/Http/Request))
#52 C:/xampp/htdocs/repo-tugas-web-app-website/KerjoSam/vendor/laravel/framework/src/Illuminate/Pipeline/Pipeline.php(209): Illuminate/Foundation/Http/Middleware/InvokeDeferredCallbacks->handle(Object(Illuminate/Http/Request), Object(Closure))
#53 C:/xampp/htdocs/repo-tugas-web-app-website/KerjoSam/vendor/laravel/framework/src/Illuminate/Pipeline/Pipeline.php(127): Illuminate/Pipeline/Pipeline->Illuminate/Pipeline/{closure}(Object(Illuminate/Http/Request))
#54 C:/xampp/htdocs/repo-tugas-web-app-website/KerjoSam/vendor/laravel/framework/src/Illuminate/Foundation/Http/Kernel.php(176): Illuminate/Pipeline/Pipeline->then(Object(Closure))
#55 C:/xampp/htdocs/repo-tugas-web-app-website/KerjoSam/vendor/laravel/framework/src/Illuminate/Foundation/Http/Kernel.php(145): Illuminate/Foundation/Http/Kernel->sendRequestThroughRouter(Object(Illuminate/Http/Request))
#56 C:/xampp/htdocs/repo-tugas-web-app-website/KerjoSam/vendor/laravel/framework/src/Illuminate/Foundation/Application.php(1220): Illuminate/Foundation/Http/Kernel->handle(Object(Illuminate/Http/Request))
#57 C:/xampp/htdocs/repo-tugas-web-app-website/KerjoSam/public/index.php(17): Illuminate/Foundation/Application->handleRequest(Object(Illuminate/Http/Request))
#58 C:/xampp/htdocs/repo-tugas-web-app-website/KerjoSam/vendor/laravel/framework/src/Illuminate/Foundation/resources/server.php(23): require_once('C://xampp//htdocs...')
#59 {main}
"} 
[2026-01-19 01:24:18] local.ERROR: Route [job.index] not defined. (View: C:\xampp\htdocs\repo-tugas-web-app-website\KerjoSam\resources\views\jobs\create.blade.php) {"userId":4,"exception":"[object] (Illuminate\\View\\ViewException(code: 0): Route [job.index] not defined. (View: C:\\xampp\\htdocs\\repo-tugas-web-app-website\\KerjoSam\\resources\\views\\jobs\\create.blade.php) at C:/xampp/htdocs/repo-tugas-web-app-website/KerjoSam/vendor/laravel/framework/src/Illuminate/Routing/UrlGenerator.php:517)
[stacktrace]
#0 C:/xampp/htdocs/repo-tugas-web-app-website/KerjoSam/vendor/laravel/framework/src/Illuminate/View/Engines/PhpEngine.php(60): Illuminate/View/Engines/CompilerEngine->handleViewException(Object(Symfony/Component/Routing/Exception/RouteNotFoundException), 1)
#1 C:/xampp/htdocs/repo-tugas-web-app-website/KerjoSam/vendor/laravel/framework/src/Illuminate/View/Engines/CompilerEngine.php(75): Illuminate/View/Engines/PhpEngine->evaluatePath('C://xampp//htdocs...', Array)
#2 C:/xampp/htdocs/repo-tugas-web-app-website/KerjoSam/vendor/laravel/framework/src/Illuminate/View/View.php(209): Illuminate/View/Engines/CompilerEngine->get('C://xampp//htdocs...', Array)
#3 C:/xampp/htdocs/repo-tugas-web-app-website/KerjoSam/vendor/laravel/framework/src/Illuminate/View/View.php(192): Illuminate/View/View->getContents()
#4 C:/xampp/htdocs/repo-tugas-web-app-website/KerjoSam/vendor/laravel/framework/src/Illuminate/View/View.php(161): Illuminate/View/View->renderContents()
#5 C:/xampp/htdocs/repo-tugas-web-app-website/KerjoSam/vendor/laravel/framework/src/Illuminate/Http/Response.php(79): Illuminate/View/View->render()
#6 C:/xampp/htdocs/repo-tugas-web-app-website/KerjoSam/vendor/laravel/framework/src/Illuminate/Http/Response.php(35): Illuminate/Http/Response->setContent(Object(Illuminate/View/View))
#7 C:/xampp/htdocs/repo-tugas-web-app-website/KerjoSam/vendor/laravel/framework/src/Illuminate/Routing/Router.php(920): Illuminate/Http/Response->__construct(Object(Illuminate/View/View), 200, Array)
#8 C:/xampp/htdocs/repo-tugas-web-app-website/KerjoSam/vendor/laravel/framework/src/Illuminate/Routing/Router.php(887): Illuminate/Routing/Router::toResponse(Object(Illuminate/Http/Request), Object(Illuminate/View/View))
#9 C:/xampp/htdocs/repo-tugas-web-app-website/KerjoSam/vendor/laravel/framework/src/Illuminate/Routing/Router.php(807): Illuminate/Routing/Router->prepareResponse(Object(Illuminate/Http/Request), Object(Illuminate/View/View))
#10 C:/xampp/htdocs/repo-tugas-web-app-website/KerjoSam/vendor/laravel/framework/src/Illuminate/Pipeline/Pipeline.php(170): Illuminate/Routing/Router->Illuminate/Routing/{closure}(Object(Illuminate/Http/Request))
#11 C:/xampp/htdocs/repo-tugas-web-app-website/KerjoSam/vendor/laravel/framework/src/Illuminate/Routing/Middleware/SubstituteBindings.php(51): Illuminate/Pipeline/Pipeline->Illuminate/Pipeline/{closure}(Object(Illuminate/Http/Request))
#12 C:/xampp/htdocs/repo-tugas-web-app-website/KerjoSam/vendor/laravel/framework/src/Illuminate/Pipeline/Pipeline.php(209): Illuminate/Routing/Middleware/SubstituteBindings->handle(Object(Illuminate/Http/Request), Object(Closure))
#13 C:/xampp/htdocs/repo-tugas-web-app-website/KerjoSam/vendor/laravel/framework/src/Illuminate/Auth/Middleware/Authenticate.php(64): Illuminate/Pipeline/Pipeline->Illuminate/Pipeline/{closure}(Object(Illuminate/Http/Request))
#14 C:/xampp/htdocs/repo-tugas-web-app-website/KerjoSam/vendor/laravel/framework/src/Illuminate/Pipeline/Pipeline.php(209): Illuminate/Auth/Middleware/Authenticate->handle(Object(Illuminate/Http/Request), Object(Closure))
#15 C:/xampp/htdocs/repo-tugas-web-app-website/KerjoSam/vendor/laravel/framework/src/Illuminate/Foundation/Http/Middleware/VerifyCsrfToken.php(88): Illuminate/Pipeline/Pipeline->Illuminate/Pipeline/{closure}(Object(Illuminate/Http/Request))
#16 C:/xampp/htdocs/repo-tugas-web-app-website/KerjoSam/vendor/laravel/framework/src/Illuminate/Pipeline/Pipeline.php(209): Illuminate/Foundation/Http/Middleware/VerifyCsrfToken->handle(Object(Illuminate/Http/Request), Object(Closure))
#17 C:/xampp/htdocs/repo-tugas-web-app-website/KerjoSam/vendor/laravel/framework/src/Illuminate/View/Middleware/ShareErrorsFromSession.php(49): Illuminate/Pipeline/Pipeline->Illuminate/Pipeline/{closure}(Object(Illuminate/Http/Request))
#18 C:/xampp/htdocs/repo-tugas-web-app-website/KerjoSam/vendor/laravel/framework/src/Illuminate/Pipeline/Pipeline.php(209): Illuminate/View/Middleware/ShareErrorsFromSession->handle(Object(Illuminate/Http/Request), Object(Closure))
#19 C:/xampp/htdocs/repo-tugas-web-app-website/KerjoSam/vendor/laravel/framework/src/Illuminate/Session/Middleware/StartSession.php(121): Illuminate/Pipeline/Pipeline->Illuminate/Pipeline/{closure}(Object(Illuminate/Http/Request))
#20 C:/xampp/htdocs/repo-tugas-web-app-website/KerjoSam/vendor/laravel/framework/src/Illuminate/Session/Middleware/StartSession.php(64): Illuminate/Session/Middleware/StartSession->handleStatefulRequest(Object(Illuminate/Http/Request), Object(Illuminate/Session/Store), Object(Closure))
#21 C:/xampp/htdocs/repo-tugas-web-app-website/KerjoSam/vendor/laravel/framework/src/Illuminate/Pipeline/Pipeline.php(209): Illuminate/Session/Middleware/StartSession->handle(Object(Illuminate/Http/Request), Object(Closure))
#22 C:/xampp/htdocs/repo-tugas-web-app-website/KerjoSam/vendor/laravel/framework/src/Illuminate/Cookie/Middleware/AddQueuedCookiesToResponse.php(37): Illuminate/Pipeline/Pipeline->Illuminate/Pipeline/{closure}(Object(Illuminate/Http/Request))
#23 C:/xampp/htdocs/repo-tugas-web-app-website/KerjoSam/vendor/laravel/framework/src/Illuminate/Pipeline/Pipeline.php(209): Illuminate/Cookie/Middleware/AddQueuedCookiesToResponse->handle(Object(Illuminate/Http/Request), Object(Closure))
#24 C:/xampp/htdocs/repo-tugas-web-app-website/KerjoSam/vendor/laravel/framework/src/Illuminate/Cookie/Middleware/EncryptCookies.php(75): Illuminate/Pipeline/Pipeline->Illuminate/Pipeline/{closure}(Object(Illuminate/Http/Request))
#25 C:/xampp/htdocs/repo-tugas-web-app-website/KerjoSam/vendor/laravel/framework/src/Illuminate/Pipeline/Pipeline.php(209): Illuminate/Cookie/Middleware/EncryptCookies->handle(Object(Illuminate/Http/Request), Object(Closure))
#26 C:/xampp/htdocs/repo-tugas-web-app-website/KerjoSam/vendor/laravel/framework/src/Illuminate/Pipeline/Pipeline.php(127): Illuminate/Pipeline/Pipeline->Illuminate/Pipeline/{closure}(Object(Illuminate/Http/Request))
#27 C:/xampp/htdocs/repo-tugas-web-app-website/KerjoSam/vendor/laravel/framework/src/Illuminate/Routing/Router.php(807): Illuminate/Pipeline/Pipeline->then(Object(Closure))
#28 C:/xampp/htdocs/repo-tugas-web-app-website/KerjoSam/vendor/laravel/framework/src/Illuminate/Routing/Router.php(786): Illuminate/Routing/Router->runRouteWithinStack(Object(Illuminate/Routing/Route), Object(Illuminate/Http/Request))
#29 C:/xampp/htdocs/repo-tugas-web-app-website/KerjoSam/vendor/laravel/framework/src/Illuminate/Routing/Router.php(750): Illuminate/Routing/Router->runRoute(Object(Illuminate/Http/Request), Object(Illuminate/Routing/Route))
#30 C:/xampp/htdocs/repo-tugas-web-app-website/KerjoSam/vendor/laravel/framework/src/Illuminate/Routing/Router.php(739): Illuminate/Routing/Router->dispatchToRoute(Object(Illuminate/Http/Request))
#31 C:/xampp/htdocs/repo-tugas-web-app-website/KerjoSam/vendor/laravel/framework/src/Illuminate/Foundation/Http/Kernel.php(201): Illuminate/Routing/Router->dispatch(Object(Illuminate/Http/Request))
#32 C:/xampp/htdocs/repo-tugas-web-app-website/KerjoSam/vendor/laravel/framework/src/Illuminate/Pipeline/Pipeline.php(170): Illuminate/Foundation/Http/Kernel->Illuminate/Foundation/Http/{closure}(Object(Illuminate/Http/Request))
#33 C:/xampp/htdocs/repo-tugas-web-app-website/KerjoSam/vendor/laravel/framework/src/Illuminate/Foundation/Http/Middleware/TransformsRequest.php(21): Illuminate/Pipeline/Pipeline->Illuminate/Pipeline/{closure}(Object(Illuminate/Http/Request))
#34 C:/xampp/htdocs/repo-tugas-web-app-website/KerjoSam/vendor/laravel/framework/src/Illuminate/Foundation/Http/Middleware/ConvertEmptyStringsToNull.php(31): Illuminate/Foundation/Http/Middleware/TransformsRequest->handle(Object(Illuminate/Http/Request), Object(Closure))
#35 C:/xampp/htdocs/repo-tugas-web-app-website/KerjoSam/vendor/laravel/framework/src/Illuminate/Pipeline/Pipeline.php(209): Illuminate/Foundation/Http/Middleware/ConvertEmptyStringsToNull->handle(Object(Illuminate/Http/Request), Object(Closure))
#36 C:/xampp/htdocs/repo-tugas-web-app-website/KerjoSam/vendor/laravel/framework/src/Illuminate/Foundation/Http/Middleware/TransformsRequest.php(21): Illuminate/Pipeline/Pipeline->Illuminate/Pipeline/{closure}(Object(Illuminate/Http/Request))
#37 C:/xampp/htdocs/repo-tugas-web-app-website/KerjoSam/vendor/laravel/framework/src/Illuminate/Foundation/Http/Middleware/TrimStrings.php(51): Illuminate/Foundation/Http/Middleware/TransformsRequest->handle(Object(Illuminate/Http/Request), Object(Closure))
#38 C:/xampp/htdocs/repo-tugas-web-app-website/KerjoSam/vendor/laravel/framework/src/Illuminate/Pipeline/Pipeline.php(209): Illuminate/Foundation/Http/Middleware/TrimStrings->handle(Object(Illuminate/Http/Request), Object(Closure))
#39 C:/xampp/htdocs/repo-tugas-web-app-website/KerjoSam/vendor/laravel/framework/src/Illuminate/Http/Middleware/ValidatePostSize.php(27): Illuminate/Pipeline/Pipeline->Illuminate/Pipeline/{closure}(Object(Illuminate/Http/Request))
#40 C:/xampp/htdocs/repo-tugas-web-app-website/KerjoSam/vendor/laravel/framework/src/Illuminate/Pipeline/Pipeline.php(209): Illuminate/Http/Middleware/ValidatePostSize->handle(Object(Illuminate/Http/Request), Object(Closure))
#41 C:/xampp/htdocs/repo-tugas-web-app-website/KerjoSam/vendor/laravel/framework/src/Illuminate/Foundation/Http/Middleware/PreventRequestsDuringMaintenance.php(110): Illuminate/Pipeline/Pipeline->Illuminate/Pipeline/{closure}(Object(Illuminate/Http/Request))
#42 C:/xampp/htdocs/repo-tugas-web-app-website/KerjoSam/vendor/laravel/framework/src/Illuminate/Pipeline/Pipeline.php(209): Illuminate/Foundation/Http/Middleware/PreventRequestsDuringMaintenance->handle(Object(Illuminate/Http/Request), Object(Closure))
#43 C:/xampp/htdocs/repo-tugas-web-app-website/KerjoSam/vendor/laravel/framework/src/Illuminate/Http/Middleware/HandleCors.php(49): Illuminate/Pipeline/Pipeline->Illuminate/Pipeline/{closure}(Object(Illuminate/Http/Request))
#44 C:/xampp/htdocs/repo-tugas-web-app-website/KerjoSam/vendor/laravel/framework/src/Illuminate/Pipeline/Pipeline.php(209): Illuminate/Http/Middleware/HandleCors->handle(Object(Illuminate/Http/Request), Object(Closure))
#45 C:/xampp/htdocs/repo-tugas-web-app-website/KerjoSam/vendor/laravel/framework/src/Illuminate/Http/Middleware/TrustProxies.php(58): Illuminate/Pipeline/Pipeline->Illuminate/Pipeline/{closure}(Object(Illuminate/Http/Request))
#46 C:/xampp/htdocs/repo-tugas-web-app-website/KerjoSam/vendor/laravel/framework/src/Illuminate/Pipeline/Pipeline.php(209): Illuminate/Http/Middleware/TrustProxies->handle(Object(Illuminate/Http/Request), Object(Closure))
#47 C:/xampp/htdocs/repo-tugas-web-app-website/KerjoSam/vendor/laravel/framework/src/Illuminate/Foundation/Http/Middleware/InvokeDeferredCallbacks.php(22): Illuminate/Pipeline/Pipeline->Illuminate/Pipeline/{closure}(Object(Illuminate/Http/Request))
#48 C:/xampp/htdocs/repo-tugas-web-app-website/KerjoSam/vendor/laravel/framework/src/Illuminate/Pipeline/Pipeline.php(209): Illuminate/Foundation/Http/Middleware/InvokeDeferredCallbacks->handle(Object(Illuminate/Http/Request), Object(Closure))
#49 C:/xampp/htdocs/repo-tugas-web-app-website/KerjoSam/vendor/laravel/framework/src/Illuminate/Pipeline/Pipeline.php(127): Illuminate/Pipeline/Pipeline->Illuminate/Pipeline/{closure}(Object(Illuminate/Http/Request))
#50 C:/xampp/htdocs/repo-tugas-web-app-website/KerjoSam/vendor/laravel/framework/src/Illuminate/Foundation/Http/Kernel.php(176): Illuminate/Pipeline/Pipeline->then(Object(Closure))
#51 C:/xampp/htdocs/repo-tugas-web-app-website/KerjoSam/vendor/laravel/framework/src/Illuminate/Foundation/Http/Kernel.php(145): Illuminate/Foundation/Http/Kernel->sendRequestThroughRouter(Object(Illuminate/Http/Request))
#52 C:/xampp/htdocs/repo-tugas-web-app-website/KerjoSam/vendor/laravel/framework/src/Illuminate/Foundation/Application.php(1220): Illuminate/Foundation/Http/Kernel->handle(Object(Illuminate/Http/Request))
#53 C:/xampp/htdocs/repo-tugas-web-app-website/KerjoSam/public/index.php(17): Illuminate/Foundation/Application->handleRequest(Object(Illuminate/Http/Request))
#54 C:/xampp/htdocs/repo-tugas-web-app-website/KerjoSam/vendor/laravel/framework/src/Illuminate/Foundation/resources/server.php(23): require_once('C://xampp//htdocs...')
#55 {main}

[previous exception] [object] (Symfony\\Component\\Routing\\Exception\\RouteNotFoundException(code: 0): Route [job.index] not defined. at C:/xampp/htdocs/repo-tugas-web-app-website/KerjoSam/vendor/laravel/framework/src/Illuminate/Routing/UrlGenerator.php:517)
[stacktrace]
#0 C:/xampp/htdocs/repo-tugas-web-app-website/KerjoSam/vendor/laravel/framework/src/Illuminate/Foundation/helpers.php(853): Illuminate/Routing/UrlGenerator->route('job.index', Array, true)
#1 C:/xampp/htdocs/repo-tugas-web-app-website/KerjoSam/storage/framework/views/f858926ed29cc77f7383c966f760dc92.php(17): route('job.index')
#2 C:/xampp/htdocs/repo-tugas-web-app-website/KerjoSam/vendor/laravel/framework/src/Illuminate/Filesystem/Filesystem.php(123): require('C://xampp//htdocs...')
#3 C:/xampp/htdocs/repo-tugas-web-app-website/KerjoSam/vendor/laravel/framework/src/Illuminate/Filesystem/Filesystem.php(124): Illuminate/Filesystem/Filesystem::Illuminate/Filesystem/{closure}()
#4 C:/xampp/htdocs/repo-tugas-web-app-website/KerjoSam/vendor/laravel/framework/src/Illuminate/View/Engines/PhpEngine.php(58): Illuminate/Filesystem/Filesystem->getRequire('C://xampp//htdocs...', Array)
#5 C:/xampp/htdocs/repo-tugas-web-app-website/KerjoSam/vendor/laravel/framework/src/Illuminate/View/Engines/CompilerEngine.php(75): Illuminate/View/Engines/PhpEngine->evaluatePath('C://xampp//htdocs...', Array)
#6 C:/xampp/htdocs/repo-tugas-web-app-website/KerjoSam/vendor/laravel/framework/src/Illuminate/View/View.php(209): Illuminate/View/Engines/CompilerEngine->get('C://xampp//htdocs...', Array)
#7 C:/xampp/htdocs/repo-tugas-web-app-website/KerjoSam/vendor/laravel/framework/src/Illuminate/View/View.php(192): Illuminate/View/View->getContents()
#8 C:/xampp/htdocs/repo-tugas-web-app-website/KerjoSam/vendor/laravel/framework/src/Illuminate/View/View.php(161): Illuminate/View/View->renderContents()
#9 C:/xampp/htdocs/repo-tugas-web-app-website/KerjoSam/vendor/laravel/framework/src/Illuminate/Http/Response.php(79): Illuminate/View/View->render()
#10 C:/xampp/htdocs/repo-tugas-web-app-website/KerjoSam/vendor/laravel/framework/src/Illuminate/Http/Response.php(35): Illuminate/Http/Response->setContent(Object(Illuminate/View/View))
#11 C:/xampp/htdocs/repo-tugas-web-app-website/KerjoSam/vendor/laravel/framework/src/Illuminate/Routing/Router.php(920): Illuminate/Http/Response->__construct(Object(Illuminate/View/View), 200, Array)
#12 C:/xampp/htdocs/repo-tugas-web-app-website/KerjoSam/vendor/laravel/framework/src/Illuminate/Routing/Router.php(887): Illuminate/Routing/Router::toResponse(Object(Illuminate/Http/Request), Object(Illuminate/View/View))
#13 C:/xampp/htdocs/repo-tugas-web-app-website/KerjoSam/vendor/laravel/framework/src/Illuminate/Routing/Router.php(807): Illuminate/Routing/Router->prepareResponse(Object(Illuminate/Http/Request), Object(Illuminate/View/View))
#14 C:/xampp/htdocs/repo-tugas-web-app-website/KerjoSam/vendor/laravel/framework/src/Illuminate/Pipeline/Pipeline.php(170): Illuminate/Routing/Router->Illuminate/Routing/{closure}(Object(Illuminate/Http/Request))
#15 C:/xampp/htdocs/repo-tugas-web-app-website/KerjoSam/vendor/laravel/framework/src/Illuminate/Routing/Middleware/SubstituteBindings.php(51): Illuminate/Pipeline/Pipeline->Illuminate/Pipeline/{closure}(Object(Illuminate/Http/Request))
#16 C:/xampp/htdocs/repo-tugas-web-app-website/KerjoSam/vendor/laravel/framework/src/Illuminate/Pipeline/Pipeline.php(209): Illuminate/Routing/Middleware/SubstituteBindings->handle(Object(Illuminate/Http/Request), Object(Closure))
#17 C:/xampp/htdocs/repo-tugas-web-app-website/KerjoSam/vendor/laravel/framework/src/Illuminate/Auth/Middleware/Authenticate.php(64): Illuminate/Pipeline/Pipeline->Illuminate/Pipeline/{closure}(Object(Illuminate/Http/Request))
#18 C:/xampp/htdocs/repo-tugas-web-app-website/KerjoSam/vendor/laravel/framework/src/Illuminate/Pipeline/Pipeline.php(209): Illuminate/Auth/Middleware/Authenticate->handle(Object(Illuminate/Http/Request), Object(Closure))
#19 C:/xampp/htdocs/repo-tugas-web-app-website/KerjoSam/vendor/laravel/framework/src/Illuminate/Foundation/Http/Middleware/VerifyCsrfToken.php(88): Illuminate/Pipeline/Pipeline->Illuminate/Pipeline/{closure}(Object(Illuminate/Http/Request))
#20 C:/xampp/htdocs/repo-tugas-web-app-website/KerjoSam/vendor/laravel/framework/src/Illuminate/Pipeline/Pipeline.php(209): Illuminate/Foundation/Http/Middleware/VerifyCsrfToken->handle(Object(Illuminate/Http/Request), Object(Closure))
#21 C:/xampp/htdocs/repo-tugas-web-app-website/KerjoSam/vendor/laravel/framework/src/Illuminate/View/Middleware/ShareErrorsFromSession.php(49): Illuminate/Pipeline/Pipeline->Illuminate/Pipeline/{closure}(Object(Illuminate/Http/Request))
#22 C:/xampp/htdocs/repo-tugas-web-app-website/KerjoSam/vendor/laravel/framework/src/Illuminate/Pipeline/Pipeline.php(209): Illuminate/View/Middleware/ShareErrorsFromSession->handle(Object(Illuminate/Http/Request), Object(Closure))
#23 C:/xampp/htdocs/repo-tugas-web-app-website/KerjoSam/vendor/laravel/framework/src/Illuminate/Session/Middleware/StartSession.php(121): Illuminate/Pipeline/Pipeline->Illuminate/Pipeline/{closure}(Object(Illuminate/Http/Request))
#24 C:/xampp/htdocs/repo-tugas-web-app-website/KerjoSam/vendor/laravel/framework/src/Illuminate/Session/Middleware/StartSession.php(64): Illuminate/Session/Middleware/StartSession->handleStatefulRequest(Object(Illuminate/Http/Request), Object(Illuminate/Session/Store), Object(Closure))
#25 C:/xampp/htdocs/repo-tugas-web-app-website/KerjoSam/vendor/laravel/framework/src/Illuminate/Pipeline/Pipeline.php(209): Illuminate/Session/Middleware/StartSession->handle(Object(Illuminate/Http/Request), Object(Closure))
#26 C:/xampp/htdocs/repo-tugas-web-app-website/KerjoSam/vendor/laravel/framework/src/Illuminate/Cookie/Middleware/AddQueuedCookiesToResponse.php(37): Illuminate/Pipeline/Pipeline->Illuminate/Pipeline/{closure}(Object(Illuminate/Http/Request))
#27 C:/xampp/htdocs/repo-tugas-web-app-website/KerjoSam/vendor/laravel/framework/src/Illuminate/Pipeline/Pipeline.php(209): Illuminate/Cookie/Middleware/AddQueuedCookiesToResponse->handle(Object(Illuminate/Http/Request), Object(Closure))
#28 C:/xampp/htdocs/repo-tugas-web-app-website/KerjoSam/vendor/laravel/framework/src/Illuminate/Cookie/Middleware/EncryptCookies.php(75): Illuminate/Pipeline/Pipeline->Illuminate/Pipeline/{closure}(Object(Illuminate/Http/Request))
#29 C:/xampp/htdocs/repo-tugas-web-app-website/KerjoSam/vendor/laravel/framework/src/Illuminate/Pipeline/Pipeline.php(209): Illuminate/Cookie/Middleware/EncryptCookies->handle(Object(Illuminate/Http/Request), Object(Closure))
#30 C:/xampp/htdocs/repo-tugas-web-app-website/KerjoSam/vendor/laravel/framework/src/Illuminate/Pipeline/Pipeline.php(127): Illuminate/Pipeline/Pipeline->Illuminate/Pipeline/{closure}(Object(Illuminate/Http/Request))
#31 C:/xampp/htdocs/repo-tugas-web-app-website/KerjoSam/vendor/laravel/framework/src/Illuminate/Routing/Router.php(807): Illuminate/Pipeline/Pipeline->then(Object(Closure))
#32 C:/xampp/htdocs/repo-tugas-web-app-website/KerjoSam/vendor/laravel/framework/src/Illuminate/Routing/Router.php(786): Illuminate/Routing/Router->runRouteWithinStack(Object(Illuminate/Routing/Route), Object(Illuminate/Http/Request))
#33 C:/xampp/htdocs/repo-tugas-web-app-website/KerjoSam/vendor/laravel/framework/src/Illuminate/Routing/Router.php(750): Illuminate/Routing/Router->runRoute(Object(Illuminate/Http/Request), Object(Illuminate/Routing/Route))
#34 C:/xampp/htdocs/repo-tugas-web-app-website/KerjoSam/vendor/laravel/framework/src/Illuminate/Routing/Router.php(739): Illuminate/Routing/Router->dispatchToRoute(Object(Illuminate/Http/Request))
#35 C:/xampp/htdocs/repo-tugas-web-app-website/KerjoSam/vendor/laravel/framework/src/Illuminate/Foundation/Http/Kernel.php(201): Illuminate/Routing/Router->dispatch(Object(Illuminate/Http/Request))
#36 C:/xampp/htdocs/repo-tugas-web-app-website/KerjoSam/vendor/laravel/framework/src/Illuminate/Pipeline/Pipeline.php(170): Illuminate/Foundation/Http/Kernel->Illuminate/Foundation/Http/{closure}(Object(Illuminate/Http/Request))
#37 C:/xampp/htdocs/repo-tugas-web-app-website/KerjoSam/vendor/laravel/framework/src/Illuminate/Foundation/Http/Middleware/TransformsRequest.php(21): Illuminate/Pipeline/Pipeline->Illuminate/Pipeline/{closure}(Object(Illuminate/Http/Request))
#38 C:/xampp/htdocs/repo-tugas-web-app-website/KerjoSam/vendor/laravel/framework/src/Illuminate/Foundation/Http/Middleware/ConvertEmptyStringsToNull.php(31): Illuminate/Foundation/Http/Middleware/TransformsRequest->handle(Object(Illuminate/Http/Request), Object(Closure))
#39 C:/xampp/htdocs/repo-tugas-web-app-website/KerjoSam/vendor/laravel/framework/src/Illuminate/Pipeline/Pipeline.php(209): Illuminate/Foundation/Http/Middleware/ConvertEmptyStringsToNull->handle(Object(Illuminate/Http/Request), Object(Closure))
#40 C:/xampp/htdocs/repo-tugas-web-app-website/KerjoSam/vendor/laravel/framework/src/Illuminate/Foundation/Http/Middleware/TransformsRequest.php(21): Illuminate/Pipeline/Pipeline->Illuminate/Pipeline/{closure}(Object(Illuminate/Http/Request))
#41 C:/xampp/htdocs/repo-tugas-web-app-website/KerjoSam/vendor/laravel/framework/src/Illuminate/Foundation/Http/Middleware/TrimStrings.php(51): Illuminate/Foundation/Http/Middleware/TransformsRequest->handle(Object(Illuminate/Http/Request), Object(Closure))
#42 C:/xampp/htdocs/repo-tugas-web-app-website/KerjoSam/vendor/laravel/framework/src/Illuminate/Pipeline/Pipeline.php(209): Illuminate/Foundation/Http/Middleware/TrimStrings->handle(Object(Illuminate/Http/Request), Object(Closure))
#43 C:/xampp/htdocs/repo-tugas-web-app-website/KerjoSam/vendor/laravel/framework/src/Illuminate/Http/Middleware/ValidatePostSize.php(27): Illuminate/Pipeline/Pipeline->Illuminate/Pipeline/{closure}(Object(Illuminate/Http/Request))
#44 C:/xampp/htdocs/repo-tugas-web-app-website/KerjoSam/vendor/laravel/framework/src/Illuminate/Pipeline/Pipeline.php(209): Illuminate/Http/Middleware/ValidatePostSize->handle(Object(Illuminate/Http/Request), Object(Closure))
#45 C:/xampp/htdocs/repo-tugas-web-app-website/KerjoSam/vendor/laravel/framework/src/Illuminate/Foundation/Http/Middleware/PreventRequestsDuringMaintenance.php(110): Illuminate/Pipeline/Pipeline->Illuminate/Pipeline/{closure}(Object(Illuminate/Http/Request))
#46 C:/xampp/htdocs/repo-tugas-web-app-website/KerjoSam/vendor/laravel/framework/src/Illuminate/Pipeline/Pipeline.php(209): Illuminate/Foundation/Http/Middleware/PreventRequestsDuringMaintenance->handle(Object(Illuminate/Http/Request), Object(Closure))
#47 C:/xampp/htdocs/repo-tugas-web-app-website/KerjoSam/vendor/laravel/framework/src/Illuminate/Http/Middleware/HandleCors.php(49): Illuminate/Pipeline/Pipeline->Illuminate/Pipeline/{closure}(Object(Illuminate/Http/Request))
#48 C:/xampp/htdocs/repo-tugas-web-app-website/KerjoSam/vendor/laravel/framework/src/Illuminate/Pipeline/Pipeline.php(209): Illuminate/Http/Middleware/HandleCors->handle(Object(Illuminate/Http/Request), Object(Closure))
#49 C:/xampp/htdocs/repo-tugas-web-app-website/KerjoSam/vendor/laravel/framework/src/Illuminate/Http/Middleware/TrustProxies.php(58): Illuminate/Pipeline/Pipeline->Illuminate/Pipeline/{closure}(Object(Illuminate/Http/Request))
#50 C:/xampp/htdocs/repo-tugas-web-app-website/KerjoSam/vendor/laravel/framework/src/Illuminate/Pipeline/Pipeline.php(209): Illuminate/Http/Middleware/TrustProxies->handle(Object(Illuminate/Http/Request), Object(Closure))
#51 C:/xampp/htdocs/repo-tugas-web-app-website/KerjoSam/vendor/laravel/framework/src/Illuminate/Foundation/Http/Middleware/InvokeDeferredCallbacks.php(22): Illuminate/Pipeline/Pipeline->Illuminate/Pipeline/{closure}(Object(Illuminate/Http/Request))
#52 C:/xampp/htdocs/repo-tugas-web-app-website/KerjoSam/vendor/laravel/framework/src/Illuminate/Pipeline/Pipeline.php(209): Illuminate/Foundation/Http/Middleware/InvokeDeferredCallbacks->handle(Object(Illuminate/Http/Request), Object(Closure))
#53 C:/xampp/htdocs/repo-tugas-web-app-website/KerjoSam/vendor/laravel/framework/src/Illuminate/Pipeline/Pipeline.php(127): Illuminate/Pipeline/Pipeline->Illuminate/Pipeline/{closure}(Object(Illuminate/Http/Request))
#54 C:/xampp/htdocs/repo-tugas-web-app-website/KerjoSam/vendor/laravel/framework/src/Illuminate/Foundation/Http/Kernel.php(176): Illuminate/Pipeline/Pipeline->then(Object(Closure))
#55 C:/xampp/htdocs/repo-tugas-web-app-website/KerjoSam/vendor/laravel/framework/src/Illuminate/Foundation/Http/Kernel.php(145): Illuminate/Foundation/Http/Kernel->sendRequestThroughRouter(Object(Illuminate/Http/Request))
#56 C:/xampp/htdocs/repo-tugas-web-app-website/KerjoSam/vendor/laravel/framework/src/Illuminate/Foundation/Application.php(1220): Illuminate/Foundation/Http/Kernel->handle(Object(Illuminate/Http/Request))
#57 C:/xampp/htdocs/repo-tugas-web-app-website/KerjoSam/public/index.php(17): Illuminate/Foundation/Application->handleRequest(Object(Illuminate/Http/Request))
#58 C:/xampp/htdocs/repo-tugas-web-app-website/KerjoSam/vendor/laravel/framework/src/Illuminate/Foundation/resources/server.php(23): require_once('C://xampp//htdocs...')
#59 {main}
"} 
[2026-01-19 01:25:22] local.ERROR: View [job-detail] not found. {"userId":4,"exception":"[object] (InvalidArgumentException(code: 0): View [job-detail] not found. at C:/xampp/htdocs/repo-tugas-web-app-website/KerjoSam/vendor/laravel/framework/src/Illuminate/View/FileViewFinder.php:139)
[stacktrace]
#0 C:/xampp/htdocs/repo-tugas-web-app-website/KerjoSam/vendor/laravel/framework/src/Illuminate/View/FileViewFinder.php(79): Illuminate/View/FileViewFinder->findInPaths('job-detail', Array)
#1 C:/xampp/htdocs/repo-tugas-web-app-website/KerjoSam/vendor/laravel/framework/src/Illuminate/View/Factory.php(151): Illuminate/View/FileViewFinder->find('job-detail')
#2 C:/xampp/htdocs/repo-tugas-web-app-website/KerjoSam/vendor/laravel/framework/src/Illuminate/Foundation/helpers.php(1062): Illuminate/View/Factory->make('job-detail', Array, Array)
#3 C:/xampp/htdocs/repo-tugas-web-app-website/KerjoSam/app/Http/Controllers/JobController.php(49): view('job-detail', Array)
#4 C:/xampp/htdocs/repo-tugas-web-app-website/KerjoSam/vendor/laravel/framework/src/Illuminate/Routing/Controller.php(54): App/Http/Controllers/JobController->show('create')
#5 C:/xampp/htdocs/repo-tugas-web-app-website/KerjoSam/vendor/laravel/framework/src/Illuminate/Routing/ControllerDispatcher.php(44): Illuminate/Routing/Controller->callAction('show', Array)
#6 C:/xampp/htdocs/repo-tugas-web-app-website/KerjoSam/vendor/laravel/framework/src/Illuminate/Routing/Route.php(266): Illuminate/Routing/ControllerDispatcher->dispatch(Object(Illuminate/Routing/Route), Object(App/Http/Controllers/JobController), 'show')
#7 C:/xampp/htdocs/repo-tugas-web-app-website/KerjoSam/vendor/laravel/framework/src/Illuminate/Routing/Route.php(212): Illuminate/Routing/Route->runController()
#8 C:/xampp/htdocs/repo-tugas-web-app-website/KerjoSam/vendor/laravel/framework/src/Illuminate/Routing/Router.php(808): Illuminate/Routing/Route->run()
#9 C:/xampp/htdocs/repo-tugas-web-app-website/KerjoSam/vendor/laravel/framework/src/Illuminate/Pipeline/Pipeline.php(170): Illuminate/Routing/Router->Illuminate/Routing/{closure}(Object(Illuminate/Http/Request))
#10 C:/xampp/htdocs/repo-tugas-web-app-website/KerjoSam/vendor/laravel/framework/src/Illuminate/Routing/Middleware/SubstituteBindings.php(51): Illuminate/Pipeline/Pipeline->Illuminate/Pipeline/{closure}(Object(Illuminate/Http/Request))
#11 C:/xampp/htdocs/repo-tugas-web-app-website/KerjoSam/vendor/laravel/framework/src/Illuminate/Pipeline/Pipeline.php(209): Illuminate/Routing/Middleware/SubstituteBindings->handle(Object(Illuminate/Http/Request), Object(Closure))
#12 C:/xampp/htdocs/repo-tugas-web-app-website/KerjoSam/vendor/laravel/framework/src/Illuminate/Auth/Middleware/Authenticate.php(64): Illuminate/Pipeline/Pipeline->Illuminate/Pipeline/{closure}(Object(Illuminate/Http/Request))
#13 C:/xampp/htdocs/repo-tugas-web-app-website/KerjoSam/vendor/laravel/framework/src/Illuminate/Pipeline/Pipeline.php(209): Illuminate/Auth/Middleware/Authenticate->handle(Object(Illuminate/Http/Request), Object(Closure))
#14 C:/xampp/htdocs/repo-tugas-web-app-website/KerjoSam/vendor/laravel/framework/src/Illuminate/Foundation/Http/Middleware/VerifyCsrfToken.php(88): Illuminate/Pipeline/Pipeline->Illuminate/Pipeline/{closure}(Object(Illuminate/Http/Request))
#15 C:/xampp/htdocs/repo-tugas-web-app-website/KerjoSam/vendor/laravel/framework/src/Illuminate/Pipeline/Pipeline.php(209): Illuminate/Foundation/Http/Middleware/VerifyCsrfToken->handle(Object(Illuminate/Http/Request), Object(Closure))
#16 C:/xampp/htdocs/repo-tugas-web-app-website/KerjoSam/vendor/laravel/framework/src/Illuminate/View/Middleware/ShareErrorsFromSession.php(49): Illuminate/Pipeline/Pipeline->Illuminate/Pipeline/{closure}(Object(Illuminate/Http/Request))
#17 C:/xampp/htdocs/repo-tugas-web-app-website/KerjoSam/vendor/laravel/framework/src/Illuminate/Pipeline/Pipeline.php(209): Illuminate/View/Middleware/ShareErrorsFromSession->handle(Object(Illuminate/Http/Request), Object(Closure))
#18 C:/xampp/htdocs/repo-tugas-web-app-website/KerjoSam/vendor/laravel/framework/src/Illuminate/Session/Middleware/StartSession.php(121): Illuminate/Pipeline/Pipeline->Illuminate/Pipeline/{closure}(Object(Illuminate/Http/Request))
#19 C:/xampp/htdocs/repo-tugas-web-app-website/KerjoSam/vendor/laravel/framework/src/Illuminate/Session/Middleware/StartSession.php(64): Illuminate/Session/Middleware/StartSession->handleStatefulRequest(Object(Illuminate/Http/Request), Object(Illuminate/Session/Store), Object(Closure))
#20 C:/xampp/htdocs/repo-tugas-web-app-website/KerjoSam/vendor/laravel/framework/src/Illuminate/Pipeline/Pipeline.php(209): Illuminate/Session/Middleware/StartSession->handle(Object(Illuminate/Http/Request), Object(Closure))
#21 C:/xampp/htdocs/repo-tugas-web-app-website/KerjoSam/vendor/laravel/framework/src/Illuminate/Cookie/Middleware/AddQueuedCookiesToResponse.php(37): Illuminate/Pipeline/Pipeline->Illuminate/Pipeline/{closure}(Object(Illuminate/Http/Request))
#22 C:/xampp/htdocs/repo-tugas-web-app-website/KerjoSam/vendor/laravel/framework/src/Illuminate/Pipeline/Pipeline.php(209): Illuminate/Cookie/Middleware/AddQueuedCookiesToResponse->handle(Object(Illuminate/Http/Request), Object(Closure))
#23 C:/xampp/htdocs/repo-tugas-web-app-website/KerjoSam/vendor/laravel/framework/src/Illuminate/Cookie/Middleware/EncryptCookies.php(75): Illuminate/Pipeline/Pipeline->Illuminate/Pipeline/{closure}(Object(Illuminate/Http/Request))
#24 C:/xampp/htdocs/repo-tugas-web-app-website/KerjoSam/vendor/laravel/framework/src/Illuminate/Pipeline/Pipeline.php(209): Illuminate/Cookie/Middleware/EncryptCookies->handle(Object(Illuminate/Http/Request), Object(Closure))
#25 C:/xampp/htdocs/repo-tugas-web-app-website/KerjoSam/vendor/laravel/framework/src/Illuminate/Pipeline/Pipeline.php(127): Illuminate/Pipeline/Pipeline->Illuminate/Pipeline/{closure}(Object(Illuminate/Http/Request))
#26 C:/xampp/htdocs/repo-tugas-web-app-website/KerjoSam/vendor/laravel/framework/src/Illuminate/Routing/Router.php(807): Illuminate/Pipeline/Pipeline->then(Object(Closure))
#27 C:/xampp/htdocs/repo-tugas-web-app-website/KerjoSam/vendor/laravel/framework/src/Illuminate/Routing/Router.php(786): Illuminate/Routing/Router->runRouteWithinStack(Object(Illuminate/Routing/Route), Object(Illuminate/Http/Request))
#28 C:/xampp/htdocs/repo-tugas-web-app-website/KerjoSam/vendor/laravel/framework/src/Illuminate/Routing/Router.php(750): Illuminate/Routing/Router->runRoute(Object(Illuminate/Http/Request), Object(Illuminate/Routing/Route))
#29 C:/xampp/htdocs/repo-tugas-web-app-website/KerjoSam/vendor/laravel/framework/src/Illuminate/Routing/Router.php(739): Illuminate/Routing/Router->dispatchToRoute(Object(Illuminate/Http/Request))
#30 C:/xampp/htdocs/repo-tugas-web-app-website/KerjoSam/vendor/laravel/framework/src/Illuminate/Foundation/Http/Kernel.php(201): Illuminate/Routing/Router->dispatch(Object(Illuminate/Http/Request))
#31 C:/xampp/htdocs/repo-tugas-web-app-website/KerjoSam/vendor/laravel/framework/src/Illuminate/Pipeline/Pipeline.php(170): Illuminate/Foundation/Http/Kernel->Illuminate/Foundation/Http/{closure}(Object(Illuminate/Http/Request))
#32 C:/xampp/htdocs/repo-tugas-web-app-website/KerjoSam/vendor/laravel/framework/src/Illuminate/Foundation/Http/Middleware/TransformsRequest.php(21): Illuminate/Pipeline/Pipeline->Illuminate/Pipeline/{closure}(Object(Illuminate/Http/Request))
#33 C:/xampp/htdocs/repo-tugas-web-app-website/KerjoSam/vendor/laravel/framework/src/Illuminate/Foundation/Http/Middleware/ConvertEmptyStringsToNull.php(31): Illuminate/Foundation/Http/Middleware/TransformsRequest->handle(Object(Illuminate/Http/Request), Object(Closure))
#34 C:/xampp/htdocs/repo-tugas-web-app-website/KerjoSam/vendor/laravel/framework/src/Illuminate/Pipeline/Pipeline.php(209): Illuminate/Foundation/Http/Middleware/ConvertEmptyStringsToNull->handle(Object(Illuminate/Http/Request), Object(Closure))
#35 C:/xampp/htdocs/repo-tugas-web-app-website/KerjoSam/vendor/laravel/framework/src/Illuminate/Foundation/Http/Middleware/TransformsRequest.php(21): Illuminate/Pipeline/Pipeline->Illuminate/Pipeline/{closure}(Object(Illuminate/Http/Request))
#36 C:/xampp/htdocs/repo-tugas-web-app-website/KerjoSam/vendor/laravel/framework/src/Illuminate/Foundation/Http/Middleware/TrimStrings.php(51): Illuminate/Foundation/Http/Middleware/TransformsRequest->handle(Object(Illuminate/Http/Request), Object(Closure))
#37 C:/xampp/htdocs/repo-tugas-web-app-website/KerjoSam/vendor/laravel/framework/src/Illuminate/Pipeline/Pipeline.php(209): Illuminate/Foundation/Http/Middleware/TrimStrings->handle(Object(Illuminate/Http/Request), Object(Closure))
#38 C:/xampp/htdocs/repo-tugas-web-app-website/KerjoSam/vendor/laravel/framework/src/Illuminate/Http/Middleware/ValidatePostSize.php(27): Illuminate/Pipeline/Pipeline->Illuminate/Pipeline/{closure}(Object(Illuminate/Http/Request))
#39 C:/xampp/htdocs/repo-tugas-web-app-website/KerjoSam/vendor/laravel/framework/src/Illuminate/Pipeline/Pipeline.php(209): Illuminate/Http/Middleware/ValidatePostSize->handle(Object(Illuminate/Http/Request), Object(Closure))
#40 C:/xampp/htdocs/repo-tugas-web-app-website/KerjoSam/vendor/laravel/framework/src/Illuminate/Foundation/Http/Middleware/PreventRequestsDuringMaintenance.php(110): Illuminate/Pipeline/Pipeline->Illuminate/Pipeline/{closure}(Object(Illuminate/Http/Request))
#41 C:/xampp/htdocs/repo-tugas-web-app-website/KerjoSam/vendor/laravel/framework/src/Illuminate/Pipeline/Pipeline.php(209): Illuminate/Foundation/Http/Middleware/PreventRequestsDuringMaintenance->handle(Object(Illuminate/Http/Request), Object(Closure))
#42 C:/xampp/htdocs/repo-tugas-web-app-website/KerjoSam/vendor/laravel/framework/src/Illuminate/Http/Middleware/HandleCors.php(49): Illuminate/Pipeline/Pipeline->Illuminate/Pipeline/{closure}(Object(Illuminate/Http/Request))
#43 C:/xampp/htdocs/repo-tugas-web-app-website/KerjoSam/vendor/laravel/framework/src/Illuminate/Pipeline/Pipeline.php(209): Illuminate/Http/Middleware/HandleCors->handle(Object(Illuminate/Http/Request), Object(Closure))
#44 C:/xampp/htdocs/repo-tugas-web-app-website/KerjoSam/vendor/laravel/framework/src/Illuminate/Http/Middleware/TrustProxies.php(58): Illuminate/Pipeline/Pipeline->Illuminate/Pipeline/{closure}(Object(Illuminate/Http/Request))
#45 C:/xampp/htdocs/repo-tugas-web-app-website/KerjoSam/vendor/laravel/framework/src/Illuminate/Pipeline/Pipeline.php(209): Illuminate/Http/Middleware/TrustProxies->handle(Object(Illuminate/Http/Request), Object(Closure))
#46 C:/xampp/htdocs/repo-tugas-web-app-website/KerjoSam/vendor/laravel/framework/src/Illuminate/Foundation/Http/Middleware/InvokeDeferredCallbacks.php(22): Illuminate/Pipeline/Pipeline->Illuminate/Pipeline/{closure}(Object(Illuminate/Http/Request))
#47 C:/xampp/htdocs/repo-tugas-web-app-website/KerjoSam/vendor/laravel/framework/src/Illuminate/Pipeline/Pipeline.php(209): Illuminate/Foundation/Http/Middleware/InvokeDeferredCallbacks->handle(Object(Illuminate/Http/Request), Object(Closure))
#48 C:/xampp/htdocs/repo-tugas-web-app-website/KerjoSam/vendor/laravel/framework/src/Illuminate/Pipeline/Pipeline.php(127): Illuminate/Pipeline/Pipeline->Illuminate/Pipeline/{closure}(Object(Illuminate/Http/Request))
#49 C:/xampp/htdocs/repo-tugas-web-app-website/KerjoSam/vendor/laravel/framework/src/Illuminate/Foundation/Http/Kernel.php(176): Illuminate/Pipeline/Pipeline->then(Object(Closure))
#50 C:/xampp/htdocs/repo-tugas-web-app-website/KerjoSam/vendor/laravel/framework/src/Illuminate/Foundation/Http/Kernel.php(145): Illuminate/Foundation/Http/Kernel->sendRequestThroughRouter(Object(Illuminate/Http/Request))
#51 C:/xampp/htdocs/repo-tugas-web-app-website/KerjoSam/vendor/laravel/framework/src/Illuminate/Foundation/Application.php(1220): Illuminate/Foundation/Http/Kernel->handle(Object(Illuminate/Http/Request))
#52 C:/xampp/htdocs/repo-tugas-web-app-website/KerjoSam/public/index.php(17): Illuminate/Foundation/Application->handleRequest(Object(Illuminate/Http/Request))
#53 C:/xampp/htdocs/repo-tugas-web-app-website/KerjoSam/vendor/laravel/framework/src/Illuminate/Foundation/resources/server.php(23): require_once('C://xampp//htdocs...')
#54 {main}
"} 
[2026-01-19 01:26:41] local.ERROR: Method App\Http\Controllers\JobController::show does not exist. {"userId":4,"exception":"[object] (BadMethodCallException(code: 0): Method App\\Http\\Controllers\\JobController::show does not exist. at C:/xampp/htdocs/repo-tugas-web-app-website/KerjoSam/vendor/laravel/framework/src/Illuminate/Routing/Controller.php:68)
[stacktrace]
#0 C:/xampp/htdocs/repo-tugas-web-app-website/KerjoSam/vendor/laravel/framework/src/Illuminate/Routing/Controller.php(54): Illuminate/Routing/Controller->__call('show', Array)
#1 C:/xampp/htdocs/repo-tugas-web-app-website/KerjoSam/vendor/laravel/framework/src/Illuminate/Routing/ControllerDispatcher.php(44): Illuminate/Routing/Controller->callAction('show', Array)
#2 C:/xampp/htdocs/repo-tugas-web-app-website/KerjoSam/vendor/laravel/framework/src/Illuminate/Routing/Route.php(266): Illuminate/Routing/ControllerDispatcher->dispatch(Object(Illuminate/Routing/Route), Object(App/Http/Controllers/JobController), 'show')
#3 C:/xampp/htdocs/repo-tugas-web-app-website/KerjoSam/vendor/laravel/framework/src/Illuminate/Routing/Route.php(212): Illuminate/Routing/Route->runController()
#4 C:/xampp/htdocs/repo-tugas-web-app-website/KerjoSam/vendor/laravel/framework/src/Illuminate/Routing/Router.php(808): Illuminate/Routing/Route->run()
#5 C:/xampp/htdocs/repo-tugas-web-app-website/KerjoSam/vendor/laravel/framework/src/Illuminate/Pipeline/Pipeline.php(170): Illuminate/Routing/Router->Illuminate/Routing/{closure}(Object(Illuminate/Http/Request))
#6 C:/xampp/htdocs/repo-tugas-web-app-website/KerjoSam/vendor/laravel/framework/src/Illuminate/Routing/Middleware/SubstituteBindings.php(51): Illuminate/Pipeline/Pipeline->Illuminate/Pipeline/{closure}(Object(Illuminate/Http/Request))
#7 C:/xampp/htdocs/repo-tugas-web-app-website/KerjoSam/vendor/laravel/framework/src/Illuminate/Pipeline/Pipeline.php(209): Illuminate/Routing/Middleware/SubstituteBindings->handle(Object(Illuminate/Http/Request), Object(Closure))
#8 C:/xampp/htdocs/repo-tugas-web-app-website/KerjoSam/vendor/laravel/framework/src/Illuminate/Auth/Middleware/Authenticate.php(64): Illuminate/Pipeline/Pipeline->Illuminate/Pipeline/{closure}(Object(Illuminate/Http/Request))
#9 C:/xampp/htdocs/repo-tugas-web-app-website/KerjoSam/vendor/laravel/framework/src/Illuminate/Pipeline/Pipeline.php(209): Illuminate/Auth/Middleware/Authenticate->handle(Object(Illuminate/Http/Request), Object(Closure))
#10 C:/xampp/htdocs/repo-tugas-web-app-website/KerjoSam/vendor/laravel/framework/src/Illuminate/Foundation/Http/Middleware/VerifyCsrfToken.php(88): Illuminate/Pipeline/Pipeline->Illuminate/Pipeline/{closure}(Object(Illuminate/Http/Request))
#11 C:/xampp/htdocs/repo-tugas-web-app-website/KerjoSam/vendor/laravel/framework/src/Illuminate/Pipeline/Pipeline.php(209): Illuminate/Foundation/Http/Middleware/VerifyCsrfToken->handle(Object(Illuminate/Http/Request), Object(Closure))
#12 C:/xampp/htdocs/repo-tugas-web-app-website/KerjoSam/vendor/laravel/framework/src/Illuminate/View/Middleware/ShareErrorsFromSession.php(49): Illuminate/Pipeline/Pipeline->Illuminate/Pipeline/{closure}(Object(Illuminate/Http/Request))
#13 C:/xampp/htdocs/repo-tugas-web-app-website/KerjoSam/vendor/laravel/framework/src/Illuminate/Pipeline/Pipeline.php(209): Illuminate/View/Middleware/ShareErrorsFromSession->handle(Object(Illuminate/Http/Request), Object(Closure))
#14 C:/xampp/htdocs/repo-tugas-web-app-website/KerjoSam/vendor/laravel/framework/src/Illuminate/Session/Middleware/StartSession.php(121): Illuminate/Pipeline/Pipeline->Illuminate/Pipeline/{closure}(Object(Illuminate/Http/Request))
#15 C:/xampp/htdocs/repo-tugas-web-app-website/KerjoSam/vendor/laravel/framework/src/Illuminate/Session/Middleware/StartSession.php(64): Illuminate/Session/Middleware/StartSession->handleStatefulRequest(Object(Illuminate/Http/Request), Object(Illuminate/Session/Store), Object(Closure))
#16 C:/xampp/htdocs/repo-tugas-web-app-website/KerjoSam/vendor/laravel/framework/src/Illuminate/Pipeline/Pipeline.php(209): Illuminate/Session/Middleware/StartSession->handle(Object(Illuminate/Http/Request), Object(Closure))
#17 C:/xampp/htdocs/repo-tugas-web-app-website/KerjoSam/vendor/laravel/framework/src/Illuminate/Cookie/Middleware/AddQueuedCookiesToResponse.php(37): Illuminate/Pipeline/Pipeline->Illuminate/Pipeline/{closure}(Object(Illuminate/Http/Request))
#18 C:/xampp/htdocs/repo-tugas-web-app-website/KerjoSam/vendor/laravel/framework/src/Illuminate/Pipeline/Pipeline.php(209): Illuminate/Cookie/Middleware/AddQueuedCookiesToResponse->handle(Object(Illuminate/Http/Request), Object(Closure))
#19 C:/xampp/htdocs/repo-tugas-web-app-website/KerjoSam/vendor/laravel/framework/src/Illuminate/Cookie/Middleware/EncryptCookies.php(75): Illuminate/Pipeline/Pipeline->Illuminate/Pipeline/{closure}(Object(Illuminate/Http/Request))
#20 C:/xampp/htdocs/repo-tugas-web-app-website/KerjoSam/vendor/laravel/framework/src/Illuminate/Pipeline/Pipeline.php(209): Illuminate/Cookie/Middleware/EncryptCookies->handle(Object(Illuminate/Http/Request), Object(Closure))
#21 C:/xampp/htdocs/repo-tugas-web-app-website/KerjoSam/vendor/laravel/framework/src/Illuminate/Pipeline/Pipeline.php(127): Illuminate/Pipeline/Pipeline->Illuminate/Pipeline/{closure}(Object(Illuminate/Http/Request))
#22 C:/xampp/htdocs/repo-tugas-web-app-website/KerjoSam/vendor/laravel/framework/src/Illuminate/Routing/Router.php(807): Illuminate/Pipeline/Pipeline->then(Object(Closure))
#23 C:/xampp/htdocs/repo-tugas-web-app-website/KerjoSam/vendor/laravel/framework/src/Illuminate/Routing/Router.php(786): Illuminate/Routing/Router->runRouteWithinStack(Object(Illuminate/Routing/Route), Object(Illuminate/Http/Request))
#24 C:/xampp/htdocs/repo-tugas-web-app-website/KerjoSam/vendor/laravel/framework/src/Illuminate/Routing/Router.php(750): Illuminate/Routing/Router->runRoute(Object(Illuminate/Http/Request), Object(Illuminate/Routing/Route))
#25 C:/xampp/htdocs/repo-tugas-web-app-website/KerjoSam/vendor/laravel/framework/src/Illuminate/Routing/Router.php(739): Illuminate/Routing/Router->dispatchToRoute(Object(Illuminate/Http/Request))
#26 C:/xampp/htdocs/repo-tugas-web-app-website/KerjoSam/vendor/laravel/framework/src/Illuminate/Foundation/Http/Kernel.php(201): Illuminate/Routing/Router->dispatch(Object(Illuminate/Http/Request))
#27 C:/xampp/htdocs/repo-tugas-web-app-website/KerjoSam/vendor/laravel/framework/src/Illuminate/Pipeline/Pipeline.php(170): Illuminate/Foundation/Http/Kernel->Illuminate/Foundation/Http/{closure}(Object(Illuminate/Http/Request))
#28 C:/xampp/htdocs/repo-tugas-web-app-website/KerjoSam/vendor/laravel/framework/src/Illuminate/Foundation/Http/Middleware/TransformsRequest.php(21): Illuminate/Pipeline/Pipeline->Illuminate/Pipeline/{closure}(Object(Illuminate/Http/Request))
#29 C:/xampp/htdocs/repo-tugas-web-app-website/KerjoSam/vendor/laravel/framework/src/Illuminate/Foundation/Http/Middleware/ConvertEmptyStringsToNull.php(31): Illuminate/Foundation/Http/Middleware/TransformsRequest->handle(Object(Illuminate/Http/Request), Object(Closure))
#30 C:/xampp/htdocs/repo-tugas-web-app-website/KerjoSam/vendor/laravel/framework/src/Illuminate/Pipeline/Pipeline.php(209): Illuminate/Foundation/Http/Middleware/ConvertEmptyStringsToNull->handle(Object(Illuminate/Http/Request), Object(Closure))
#31 C:/xampp/htdocs/repo-tugas-web-app-website/KerjoSam/vendor/laravel/framework/src/Illuminate/Foundation/Http/Middleware/TransformsRequest.php(21): Illuminate/Pipeline/Pipeline->Illuminate/Pipeline/{closure}(Object(Illuminate/Http/Request))
#32 C:/xampp/htdocs/repo-tugas-web-app-website/KerjoSam/vendor/laravel/framework/src/Illuminate/Foundation/Http/Middleware/TrimStrings.php(51): Illuminate/Foundation/Http/Middleware/TransformsRequest->handle(Object(Illuminate/Http/Request), Object(Closure))
#33 C:/xampp/htdocs/repo-tugas-web-app-website/KerjoSam/vendor/laravel/framework/src/Illuminate/Pipeline/Pipeline.php(209): Illuminate/Foundation/Http/Middleware/TrimStrings->handle(Object(Illuminate/Http/Request), Object(Closure))
#34 C:/xampp/htdocs/repo-tugas-web-app-website/KerjoSam/vendor/laravel/framework/src/Illuminate/Http/Middleware/ValidatePostSize.php(27): Illuminate/Pipeline/Pipeline->Illuminate/Pipeline/{closure}(Object(Illuminate/Http/Request))
#35 C:/xampp/htdocs/repo-tugas-web-app-website/KerjoSam/vendor/laravel/framework/src/Illuminate/Pipeline/Pipeline.php(209): Illuminate/Http/Middleware/ValidatePostSize->handle(Object(Illuminate/Http/Request), Object(Closure))
#36 C:/xampp/htdocs/repo-tugas-web-app-website/KerjoSam/vendor/laravel/framework/src/Illuminate/Foundation/Http/Middleware/PreventRequestsDuringMaintenance.php(110): Illuminate/Pipeline/Pipeline->Illuminate/Pipeline/{closure}(Object(Illuminate/Http/Request))
#37 C:/xampp/htdocs/repo-tugas-web-app-website/KerjoSam/vendor/laravel/framework/src/Illuminate/Pipeline/Pipeline.php(209): Illuminate/Foundation/Http/Middleware/PreventRequestsDuringMaintenance->handle(Object(Illuminate/Http/Request), Object(Closure))
#38 C:/xampp/htdocs/repo-tugas-web-app-website/KerjoSam/vendor/laravel/framework/src/Illuminate/Http/Middleware/HandleCors.php(49): Illuminate/Pipeline/Pipeline->Illuminate/Pipeline/{closure}(Object(Illuminate/Http/Request))
#39 C:/xampp/htdocs/repo-tugas-web-app-website/KerjoSam/vendor/laravel/framework/src/Illuminate/Pipeline/Pipeline.php(209): Illuminate/Http/Middleware/HandleCors->handle(Object(Illuminate/Http/Request), Object(Closure))
#40 C:/xampp/htdocs/repo-tugas-web-app-website/KerjoSam/vendor/laravel/framework/src/Illuminate/Http/Middleware/TrustProxies.php(58): Illuminate/Pipeline/Pipeline->Illuminate/Pipeline/{closure}(Object(Illuminate/Http/Request))
#41 C:/xampp/htdocs/repo-tugas-web-app-website/KerjoSam/vendor/laravel/framework/src/Illuminate/Pipeline/Pipeline.php(209): Illuminate/Http/Middleware/TrustProxies->handle(Object(Illuminate/Http/Request), Object(Closure))
#42 C:/xampp/htdocs/repo-tugas-web-app-website/KerjoSam/vendor/laravel/framework/src/Illuminate/Foundation/Http/Middleware/InvokeDeferredCallbacks.php(22): Illuminate/Pipeline/Pipeline->Illuminate/Pipeline/{closure}(Object(Illuminate/Http/Request))
#43 C:/xampp/htdocs/repo-tugas-web-app-website/KerjoSam/vendor/laravel/framework/src/Illuminate/Pipeline/Pipeline.php(209): Illuminate/Foundation/Http/Middleware/InvokeDeferredCallbacks->handle(Object(Illuminate/Http/Request), Object(Closure))
#44 C:/xampp/htdocs/repo-tugas-web-app-website/KerjoSam/vendor/laravel/framework/src/Illuminate/Pipeline/Pipeline.php(127): Illuminate/Pipeline/Pipeline->Illuminate/Pipeline/{closure}(Object(Illuminate/Http/Request))
#45 C:/xampp/htdocs/repo-tugas-web-app-website/KerjoSam/vendor/laravel/framework/src/Illuminate/Foundation/Http/Kernel.php(176): Illuminate/Pipeline/Pipeline->then(Object(Closure))
#46 C:/xampp/htdocs/repo-tugas-web-app-website/KerjoSam/vendor/laravel/framework/src/Illuminate/Foundation/Http/Kernel.php(145): Illuminate/Foundation/Http/Kernel->sendRequestThroughRouter(Object(Illuminate/Http/Request))
#47 C:/xampp/htdocs/repo-tugas-web-app-website/KerjoSam/vendor/laravel/framework/src/Illuminate/Foundation/Application.php(1220): Illuminate/Foundation/Http/Kernel->handle(Object(Illuminate/Http/Request))
#48 C:/xampp/htdocs/repo-tugas-web-app-website/KerjoSam/public/index.php(17): Illuminate/Foundation/Application->handleRequest(Object(Illuminate/Http/Request))
#49 C:/xampp/htdocs/repo-tugas-web-app-website/KerjoSam/vendor/laravel/framework/src/Illuminate/Foundation/resources/server.php(23): require_once('C://xampp//htdocs...')
#50 {main}
"} 
[2026-01-19 01:45:03] local.ERROR: Route [job.detail] not defined. (View: C:\xampp\htdocs\repo-tugas-web-app-website\KerjoSam\resources\views\welcome.blade.php) {"exception":"[object] (Illuminate\\View\\ViewException(code: 0): Route [job.detail] not defined. (View: C:\\xampp\\htdocs\\repo-tugas-web-app-website\\KerjoSam\\resources\\views\\welcome.blade.php) at C:/xampp/htdocs/repo-tugas-web-app-website/KerjoSam/vendor/laravel/framework/src/Illuminate/Routing/UrlGenerator.php:517)
[stacktrace]
#0 C:/xampp/htdocs/repo-tugas-web-app-website/KerjoSam/vendor/laravel/framework/src/Illuminate/View/Engines/PhpEngine.php(60): Illuminate/View/Engines/CompilerEngine->handleViewException(Object(Symfony/Component/Routing/Exception/RouteNotFoundException), 1)
#1 C:/xampp/htdocs/repo-tugas-web-app-website/KerjoSam/vendor/laravel/framework/src/Illuminate/View/Engines/CompilerEngine.php(75): Illuminate/View/Engines/PhpEngine->evaluatePath('C://xampp//htdocs...', Array)
#2 C:/xampp/htdocs/repo-tugas-web-app-website/KerjoSam/vendor/laravel/framework/src/Illuminate/View/View.php(209): Illuminate/View/Engines/CompilerEngine->get('C://xampp//htdocs...', Array)
#3 C:/xampp/htdocs/repo-tugas-web-app-website/KerjoSam/vendor/laravel/framework/src/Illuminate/View/View.php(192): Illuminate/View/View->getContents()
#4 C:/xampp/htdocs/repo-tugas-web-app-website/KerjoSam/vendor/laravel/framework/src/Illuminate/View/View.php(161): Illuminate/View/View->renderContents()
#5 C:/xampp/htdocs/repo-tugas-web-app-website/KerjoSam/vendor/laravel/framework/src/Illuminate/Http/Response.php(79): Illuminate/View/View->render()
#6 C:/xampp/htdocs/repo-tugas-web-app-website/KerjoSam/vendor/laravel/framework/src/Illuminate/Http/Response.php(35): Illuminate/Http/Response->setContent(Object(Illuminate/View/View))
#7 C:/xampp/htdocs/repo-tugas-web-app-website/KerjoSam/vendor/laravel/framework/src/Illuminate/Routing/Router.php(920): Illuminate/Http/Response->__construct(Object(Illuminate/View/View), 200, Array)
#8 C:/xampp/htdocs/repo-tugas-web-app-website/KerjoSam/vendor/laravel/framework/src/Illuminate/Routing/Router.php(887): Illuminate/Routing/Router::toResponse(Object(Illuminate/Http/Request), Object(Illuminate/View/View))
#9 C:/xampp/htdocs/repo-tugas-web-app-website/KerjoSam/vendor/laravel/framework/src/Illuminate/Routing/Router.php(807): Illuminate/Routing/Router->prepareResponse(Object(Illuminate/Http/Request), Object(Illuminate/View/View))
#10 C:/xampp/htdocs/repo-tugas-web-app-website/KerjoSam/vendor/laravel/framework/src/Illuminate/Pipeline/Pipeline.php(170): Illuminate/Routing/Router->Illuminate/Routing/{closure}(Object(Illuminate/Http/Request))
#11 C:/xampp/htdocs/repo-tugas-web-app-website/KerjoSam/vendor/laravel/framework/src/Illuminate/Routing/Middleware/SubstituteBindings.php(51): Illuminate/Pipeline/Pipeline->Illuminate/Pipeline/{closure}(Object(Illuminate/Http/Request))
#12 C:/xampp/htdocs/repo-tugas-web-app-website/KerjoSam/vendor/laravel/framework/src/Illuminate/Pipeline/Pipeline.php(209): Illuminate/Routing/Middleware/SubstituteBindings->handle(Object(Illuminate/Http/Request), Object(Closure))
#13 C:/xampp/htdocs/repo-tugas-web-app-website/KerjoSam/vendor/laravel/framework/src/Illuminate/Foundation/Http/Middleware/VerifyCsrfToken.php(88): Illuminate/Pipeline/Pipeline->Illuminate/Pipeline/{closure}(Object(Illuminate/Http/Request))
#14 C:/xampp/htdocs/repo-tugas-web-app-website/KerjoSam/vendor/laravel/framework/src/Illuminate/Pipeline/Pipeline.php(209): Illuminate/Foundation/Http/Middleware/VerifyCsrfToken->handle(Object(Illuminate/Http/Request), Object(Closure))
#15 C:/xampp/htdocs/repo-tugas-web-app-website/KerjoSam/vendor/laravel/framework/src/Illuminate/View/Middleware/ShareErrorsFromSession.php(49): Illuminate/Pipeline/Pipeline->Illuminate/Pipeline/{closure}(Object(Illuminate/Http/Request))
#16 C:/xampp/htdocs/repo-tugas-web-app-website/KerjoSam/vendor/laravel/framework/src/Illuminate/Pipeline/Pipeline.php(209): Illuminate/View/Middleware/ShareErrorsFromSession->handle(Object(Illuminate/Http/Request), Object(Closure))
#17 C:/xampp/htdocs/repo-tugas-web-app-website/KerjoSam/vendor/laravel/framework/src/Illuminate/Session/Middleware/StartSession.php(121): Illuminate/Pipeline/Pipeline->Illuminate/Pipeline/{closure}(Object(Illuminate/Http/Request))
#18 C:/xampp/htdocs/repo-tugas-web-app-website/KerjoSam/vendor/laravel/framework/src/Illuminate/Session/Middleware/StartSession.php(64): Illuminate/Session/Middleware/StartSession->handleStatefulRequest(Object(Illuminate/Http/Request), Object(Illuminate/Session/Store), Object(Closure))
#19 C:/xampp/htdocs/repo-tugas-web-app-website/KerjoSam/vendor/laravel/framework/src/Illuminate/Pipeline/Pipeline.php(209): Illuminate/Session/Middleware/StartSession->handle(Object(Illuminate/Http/Request), Object(Closure))
#20 C:/xampp/htdocs/repo-tugas-web-app-website/KerjoSam/vendor/laravel/framework/src/Illuminate/Cookie/Middleware/AddQueuedCookiesToResponse.php(37): Illuminate/Pipeline/Pipeline->Illuminate/Pipeline/{closure}(Object(Illuminate/Http/Request))
#21 C:/xampp/htdocs/repo-tugas-web-app-website/KerjoSam/vendor/laravel/framework/src/Illuminate/Pipeline/Pipeline.php(209): Illuminate/Cookie/Middleware/AddQueuedCookiesToResponse->handle(Object(Illuminate/Http/Request), Object(Closure))
#22 C:/xampp/htdocs/repo-tugas-web-app-website/KerjoSam/vendor/laravel/framework/src/Illuminate/Cookie/Middleware/EncryptCookies.php(75): Illuminate/Pipeline/Pipeline->Illuminate/Pipeline/{closure}(Object(Illuminate/Http/Request))
#23 C:/xampp/htdocs/repo-tugas-web-app-website/KerjoSam/vendor/laravel/framework/src/Illuminate/Pipeline/Pipeline.php(209): Illuminate/Cookie/Middleware/EncryptCookies->handle(Object(Illuminate/Http/Request), Object(Closure))
#24 C:/xampp/htdocs/repo-tugas-web-app-website/KerjoSam/vendor/laravel/framework/src/Illuminate/Pipeline/Pipeline.php(127): Illuminate/Pipeline/Pipeline->Illuminate/Pipeline/{closure}(Object(Illuminate/Http/Request))
#25 C:/xampp/htdocs/repo-tugas-web-app-website/KerjoSam/vendor/laravel/framework/src/Illuminate/Routing/Router.php(807): Illuminate/Pipeline/Pipeline->then(Object(Closure))
#26 C:/xampp/htdocs/repo-tugas-web-app-website/KerjoSam/vendor/laravel/framework/src/Illuminate/Routing/Router.php(786): Illuminate/Routing/Router->runRouteWithinStack(Object(Illuminate/Routing/Route), Object(Illuminate/Http/Request))
#27 C:/xampp/htdocs/repo-tugas-web-app-website/KerjoSam/vendor/laravel/framework/src/Illuminate/Routing/Router.php(750): Illuminate/Routing/Router->runRoute(Object(Illuminate/Http/Request), Object(Illuminate/Routing/Route))
#28 C:/xampp/htdocs/repo-tugas-web-app-website/KerjoSam/vendor/laravel/framework/src/Illuminate/Routing/Router.php(739): Illuminate/Routing/Router->dispatchToRoute(Object(Illuminate/Http/Request))
#29 C:/xampp/htdocs/repo-tugas-web-app-website/KerjoSam/vendor/laravel/framework/src/Illuminate/Foundation/Http/Kernel.php(201): Illuminate/Routing/Router->dispatch(Object(Illuminate/Http/Request))
#30 C:/xampp/htdocs/repo-tugas-web-app-website/KerjoSam/vendor/laravel/framework/src/Illuminate/Pipeline/Pipeline.php(170): Illuminate/Foundation/Http/Kernel->Illuminate/Foundation/Http/{closure}(Object(Illuminate/Http/Request))
#31 C:/xampp/htdocs/repo-tugas-web-app-website/KerjoSam/vendor/laravel/framework/src/Illuminate/Foundation/Http/Middleware/TransformsRequest.php(21): Illuminate/Pipeline/Pipeline->Illuminate/Pipeline/{closure}(Object(Illuminate/Http/Request))
#32 C:/xampp/htdocs/repo-tugas-web-app-website/KerjoSam/vendor/laravel/framework/src/Illuminate/Foundation/Http/Middleware/ConvertEmptyStringsToNull.php(31): Illuminate/Foundation/Http/Middleware/TransformsRequest->handle(Object(Illuminate/Http/Request), Object(Closure))
#33 C:/xampp/htdocs/repo-tugas-web-app-website/KerjoSam/vendor/laravel/framework/src/Illuminate/Pipeline/Pipeline.php(209): Illuminate/Foundation/Http/Middleware/ConvertEmptyStringsToNull->handle(Object(Illuminate/Http/Request), Object(Closure))
#34 C:/xampp/htdocs/repo-tugas-web-app-website/KerjoSam/vendor/laravel/framework/src/Illuminate/Foundation/Http/Middleware/TransformsRequest.php(21): Illuminate/Pipeline/Pipeline->Illuminate/Pipeline/{closure}(Object(Illuminate/Http/Request))
#35 C:/xampp/htdocs/repo-tugas-web-app-website/KerjoSam/vendor/laravel/framework/src/Illuminate/Foundation/Http/Middleware/TrimStrings.php(51): Illuminate/Foundation/Http/Middleware/TransformsRequest->handle(Object(Illuminate/Http/Request), Object(Closure))
#36 C:/xampp/htdocs/repo-tugas-web-app-website/KerjoSam/vendor/laravel/framework/src/Illuminate/Pipeline/Pipeline.php(209): Illuminate/Foundation/Http/Middleware/TrimStrings->handle(Object(Illuminate/Http/Request), Object(Closure))
#37 C:/xampp/htdocs/repo-tugas-web-app-website/KerjoSam/vendor/laravel/framework/src/Illuminate/Http/Middleware/ValidatePostSize.php(27): Illuminate/Pipeline/Pipeline->Illuminate/Pipeline/{closure}(Object(Illuminate/Http/Request))
#38 C:/xampp/htdocs/repo-tugas-web-app-website/KerjoSam/vendor/laravel/framework/src/Illuminate/Pipeline/Pipeline.php(209): Illuminate/Http/Middleware/ValidatePostSize->handle(Object(Illuminate/Http/Request), Object(Closure))
#39 C:/xampp/htdocs/repo-tugas-web-app-website/KerjoSam/vendor/laravel/framework/src/Illuminate/Foundation/Http/Middleware/PreventRequestsDuringMaintenance.php(110): Illuminate/Pipeline/Pipeline->Illuminate/Pipeline/{closure}(Object(Illuminate/Http/Request))
#40 C:/xampp/htdocs/repo-tugas-web-app-website/KerjoSam/vendor/laravel/framework/src/Illuminate/Pipeline/Pipeline.php(209): Illuminate/Foundation/Http/Middleware/PreventRequestsDuringMaintenance->handle(Object(Illuminate/Http/Request), Object(Closure))
#41 C:/xampp/htdocs/repo-tugas-web-app-website/KerjoSam/vendor/laravel/framework/src/Illuminate/Http/Middleware/HandleCors.php(49): Illuminate/Pipeline/Pipeline->Illuminate/Pipeline/{closure}(Object(Illuminate/Http/Request))
#42 C:/xampp/htdocs/repo-tugas-web-app-website/KerjoSam/vendor/laravel/framework/src/Illuminate/Pipeline/Pipeline.php(209): Illuminate/Http/Middleware/HandleCors->handle(Object(Illuminate/Http/Request), Object(Closure))
#43 C:/xampp/htdocs/repo-tugas-web-app-website/KerjoSam/vendor/laravel/framework/src/Illuminate/Http/Middleware/TrustProxies.php(58): Illuminate/Pipeline/Pipeline->Illuminate/Pipeline/{closure}(Object(Illuminate/Http/Request))
#44 C:/xampp/htdocs/repo-tugas-web-app-website/KerjoSam/vendor/laravel/framework/src/Illuminate/Pipeline/Pipeline.php(209): Illuminate/Http/Middleware/TrustProxies->handle(Object(Illuminate/Http/Request), Object(Closure))
#45 C:/xampp/htdocs/repo-tugas-web-app-website/KerjoSam/vendor/laravel/framework/src/Illuminate/Foundation/Http/Middleware/InvokeDeferredCallbacks.php(22): Illuminate/Pipeline/Pipeline->Illuminate/Pipeline/{closure}(Object(Illuminate/Http/Request))
#46 C:/xampp/htdocs/repo-tugas-web-app-website/KerjoSam/vendor/laravel/framework/src/Illuminate/Pipeline/Pipeline.php(209): Illuminate/Foundation/Http/Middleware/InvokeDeferredCallbacks->handle(Object(Illuminate/Http/Request), Object(Closure))
#47 C:/xampp/htdocs/repo-tugas-web-app-website/KerjoSam/vendor/laravel/framework/src/Illuminate/Pipeline/Pipeline.php(127): Illuminate/Pipeline/Pipeline->Illuminate/Pipeline/{closure}(Object(Illuminate/Http/Request))
#48 C:/xampp/htdocs/repo-tugas-web-app-website/KerjoSam/vendor/laravel/framework/src/Illuminate/Foundation/Http/Kernel.php(176): Illuminate/Pipeline/Pipeline->then(Object(Closure))
#49 C:/xampp/htdocs/repo-tugas-web-app-website/KerjoSam/vendor/laravel/framework/src/Illuminate/Foundation/Http/Kernel.php(145): Illuminate/Foundation/Http/Kernel->sendRequestThroughRouter(Object(Illuminate/Http/Request))
#50 C:/xampp/htdocs/repo-tugas-web-app-website/KerjoSam/vendor/laravel/framework/src/Illuminate/Foundation/Application.php(1220): Illuminate/Foundation/Http/Kernel->handle(Object(Illuminate/Http/Request))
#51 C:/xampp/htdocs/repo-tugas-web-app-website/KerjoSam/public/index.php(17): Illuminate/Foundation/Application->handleRequest(Object(Illuminate/Http/Request))
#52 C:/xampp/htdocs/repo-tugas-web-app-website/KerjoSam/vendor/laravel/framework/src/Illuminate/Foundation/resources/server.php(23): require_once('C://xampp//htdocs...')
#53 {main}

[previous exception] [object] (Symfony\\Component\\Routing\\Exception\\RouteNotFoundException(code: 0): Route [job.detail] not defined. at C:/xampp/htdocs/repo-tugas-web-app-website/KerjoSam/vendor/laravel/framework/src/Illuminate/Routing/UrlGenerator.php:517)
[stacktrace]
#0 C:/xampp/htdocs/repo-tugas-web-app-website/KerjoSam/vendor/laravel/framework/src/Illuminate/Foundation/helpers.php(853): Illuminate/Routing/UrlGenerator->route('job.detail', 1, true)
#1 C:/xampp/htdocs/repo-tugas-web-app-website/KerjoSam/storage/framework/views/78f49b33f6aeb4e8897da4dd47557cb5.php(425): route('job.detail', 1)
#2 C:/xampp/htdocs/repo-tugas-web-app-website/KerjoSam/vendor/laravel/framework/src/Illuminate/Filesystem/Filesystem.php(123): require('C://xampp//htdocs...')
#3 C:/xampp/htdocs/repo-tugas-web-app-website/KerjoSam/vendor/laravel/framework/src/Illuminate/Filesystem/Filesystem.php(124): Illuminate/Filesystem/Filesystem::Illuminate/Filesystem/{closure}()
#4 C:/xampp/htdocs/repo-tugas-web-app-website/KerjoSam/vendor/laravel/framework/src/Illuminate/View/Engines/PhpEngine.php(58): Illuminate/Filesystem/Filesystem->getRequire('C://xampp//htdocs...', Array)
#5 C:/xampp/htdocs/repo-tugas-web-app-website/KerjoSam/vendor/laravel/framework/src/Illuminate/View/Engines/CompilerEngine.php(75): Illuminate/View/Engines/PhpEngine->evaluatePath('C://xampp//htdocs...', Array)
#6 C:/xampp/htdocs/repo-tugas-web-app-website/KerjoSam/vendor/laravel/framework/src/Illuminate/View/View.php(209): Illuminate/View/Engines/CompilerEngine->get('C://xampp//htdocs...', Array)
#7 C:/xampp/htdocs/repo-tugas-web-app-website/KerjoSam/vendor/laravel/framework/src/Illuminate/View/View.php(192): Illuminate/View/View->getContents()
#8 C:/xampp/htdocs/repo-tugas-web-app-website/KerjoSam/vendor/laravel/framework/src/Illuminate/View/View.php(161): Illuminate/View/View->renderContents()
#9 C:/xampp/htdocs/repo-tugas-web-app-website/KerjoSam/vendor/laravel/framework/src/Illuminate/Http/Response.php(79): Illuminate/View/View->render()
#10 C:/xampp/htdocs/repo-tugas-web-app-website/KerjoSam/vendor/laravel/framework/src/Illuminate/Http/Response.php(35): Illuminate/Http/Response->setContent(Object(Illuminate/View/View))
#11 C:/xampp/htdocs/repo-tugas-web-app-website/KerjoSam/vendor/laravel/framework/src/Illuminate/Routing/Router.php(920): Illuminate/Http/Response->__construct(Object(Illuminate/View/View), 200, Array)
#12 C:/xampp/htdocs/repo-tugas-web-app-website/KerjoSam/vendor/laravel/framework/src/Illuminate/Routing/Router.php(887): Illuminate/Routing/Router::toResponse(Object(Illuminate/Http/Request), Object(Illuminate/View/View))
#13 C:/xampp/htdocs/repo-tugas-web-app-website/KerjoSam/vendor/laravel/framework/src/Illuminate/Routing/Router.php(807): Illuminate/Routing/Router->prepareResponse(Object(Illuminate/Http/Request), Object(Illuminate/View/View))
#14 C:/xampp/htdocs/repo-tugas-web-app-website/KerjoSam/vendor/laravel/framework/src/Illuminate/Pipeline/Pipeline.php(170): Illuminate/Routing/Router->Illuminate/Routing/{closure}(Object(Illuminate/Http/Request))
#15 C:/xampp/htdocs/repo-tugas-web-app-website/KerjoSam/vendor/laravel/framework/src/Illuminate/Routing/Middleware/SubstituteBindings.php(51): Illuminate/Pipeline/Pipeline->Illuminate/Pipeline/{closure}(Object(Illuminate/Http/Request))
#16 C:/xampp/htdocs/repo-tugas-web-app-website/KerjoSam/vendor/laravel/framework/src/Illuminate/Pipeline/Pipeline.php(209): Illuminate/Routing/Middleware/SubstituteBindings->handle(Object(Illuminate/Http/Request), Object(Closure))
#17 C:/xampp/htdocs/repo-tugas-web-app-website/KerjoSam/vendor/laravel/framework/src/Illuminate/Foundation/Http/Middleware/VerifyCsrfToken.php(88): Illuminate/Pipeline/Pipeline->Illuminate/Pipeline/{closure}(Object(Illuminate/Http/Request))
#18 C:/xampp/htdocs/repo-tugas-web-app-website/KerjoSam/vendor/laravel/framework/src/Illuminate/Pipeline/Pipeline.php(209): Illuminate/Foundation/Http/Middleware/VerifyCsrfToken->handle(Object(Illuminate/Http/Request), Object(Closure))
#19 C:/xampp/htdocs/repo-tugas-web-app-website/KerjoSam/vendor/laravel/framework/src/Illuminate/View/Middleware/ShareErrorsFromSession.php(49): Illuminate/Pipeline/Pipeline->Illuminate/Pipeline/{closure}(Object(Illuminate/Http/Request))
#20 C:/xampp/htdocs/repo-tugas-web-app-website/KerjoSam/vendor/laravel/framework/src/Illuminate/Pipeline/Pipeline.php(209): Illuminate/View/Middleware/ShareErrorsFromSession->handle(Object(Illuminate/Http/Request), Object(Closure))
#21 C:/xampp/htdocs/repo-tugas-web-app-website/KerjoSam/vendor/laravel/framework/src/Illuminate/Session/Middleware/StartSession.php(121): Illuminate/Pipeline/Pipeline->Illuminate/Pipeline/{closure}(Object(Illuminate/Http/Request))
#22 C:/xampp/htdocs/repo-tugas-web-app-website/KerjoSam/vendor/laravel/framework/src/Illuminate/Session/Middleware/StartSession.php(64): Illuminate/Session/Middleware/StartSession->handleStatefulRequest(Object(Illuminate/Http/Request), Object(Illuminate/Session/Store), Object(Closure))
#23 C:/xampp/htdocs/repo-tugas-web-app-website/KerjoSam/vendor/laravel/framework/src/Illuminate/Pipeline/Pipeline.php(209): Illuminate/Session/Middleware/StartSession->handle(Object(Illuminate/Http/Request), Object(Closure))
#24 C:/xampp/htdocs/repo-tugas-web-app-website/KerjoSam/vendor/laravel/framework/src/Illuminate/Cookie/Middleware/AddQueuedCookiesToResponse.php(37): Illuminate/Pipeline/Pipeline->Illuminate/Pipeline/{closure}(Object(Illuminate/Http/Request))
#25 C:/xampp/htdocs/repo-tugas-web-app-website/KerjoSam/vendor/laravel/framework/src/Illuminate/Pipeline/Pipeline.php(209): Illuminate/Cookie/Middleware/AddQueuedCookiesToResponse->handle(Object(Illuminate/Http/Request), Object(Closure))
#26 C:/xampp/htdocs/repo-tugas-web-app-website/KerjoSam/vendor/laravel/framework/src/Illuminate/Cookie/Middleware/EncryptCookies.php(75): Illuminate/Pipeline/Pipeline->Illuminate/Pipeline/{closure}(Object(Illuminate/Http/Request))
#27 C:/xampp/htdocs/repo-tugas-web-app-website/KerjoSam/vendor/laravel/framework/src/Illuminate/Pipeline/Pipeline.php(209): Illuminate/Cookie/Middleware/EncryptCookies->handle(Object(Illuminate/Http/Request), Object(Closure))
#28 C:/xampp/htdocs/repo-tugas-web-app-website/KerjoSam/vendor/laravel/framework/src/Illuminate/Pipeline/Pipeline.php(127): Illuminate/Pipeline/Pipeline->Illuminate/Pipeline/{closure}(Object(Illuminate/Http/Request))
#29 C:/xampp/htdocs/repo-tugas-web-app-website/KerjoSam/vendor/laravel/framework/src/Illuminate/Routing/Router.php(807): Illuminate/Pipeline/Pipeline->then(Object(Closure))
#30 C:/xampp/htdocs/repo-tugas-web-app-website/KerjoSam/vendor/laravel/framework/src/Illuminate/Routing/Router.php(786): Illuminate/Routing/Router->runRouteWithinStack(Object(Illuminate/Routing/Route), Object(Illuminate/Http/Request))
#31 C:/xampp/htdocs/repo-tugas-web-app-website/KerjoSam/vendor/laravel/framework/src/Illuminate/Routing/Router.php(750): Illuminate/Routing/Router->runRoute(Object(Illuminate/Http/Request), Object(Illuminate/Routing/Route))
#32 C:/xampp/htdocs/repo-tugas-web-app-website/KerjoSam/vendor/laravel/framework/src/Illuminate/Routing/Router.php(739): Illuminate/Routing/Router->dispatchToRoute(Object(Illuminate/Http/Request))
#33 C:/xampp/htdocs/repo-tugas-web-app-website/KerjoSam/vendor/laravel/framework/src/Illuminate/Foundation/Http/Kernel.php(201): Illuminate/Routing/Router->dispatch(Object(Illuminate/Http/Request))
#34 C:/xampp/htdocs/repo-tugas-web-app-website/KerjoSam/vendor/laravel/framework/src/Illuminate/Pipeline/Pipeline.php(170): Illuminate/Foundation/Http/Kernel->Illuminate/Foundation/Http/{closure}(Object(Illuminate/Http/Request))
#35 C:/xampp/htdocs/repo-tugas-web-app-website/KerjoSam/vendor/laravel/framework/src/Illuminate/Foundation/Http/Middleware/TransformsRequest.php(21): Illuminate/Pipeline/Pipeline->Illuminate/Pipeline/{closure}(Object(Illuminate/Http/Request))
#36 C:/xampp/htdocs/repo-tugas-web-app-website/KerjoSam/vendor/laravel/framework/src/Illuminate/Foundation/Http/Middleware/ConvertEmptyStringsToNull.php(31): Illuminate/Foundation/Http/Middleware/TransformsRequest->handle(Object(Illuminate/Http/Request), Object(Closure))
#37 C:/xampp/htdocs/repo-tugas-web-app-website/KerjoSam/vendor/laravel/framework/src/Illuminate/Pipeline/Pipeline.php(209): Illuminate/Foundation/Http/Middleware/ConvertEmptyStringsToNull->handle(Object(Illuminate/Http/Request), Object(Closure))
#38 C:/xampp/htdocs/repo-tugas-web-app-website/KerjoSam/vendor/laravel/framework/src/Illuminate/Foundation/Http/Middleware/TransformsRequest.php(21): Illuminate/Pipeline/Pipeline->Illuminate/Pipeline/{closure}(Object(Illuminate/Http/Request))
#39 C:/xampp/htdocs/repo-tugas-web-app-website/KerjoSam/vendor/laravel/framework/src/Illuminate/Foundation/Http/Middleware/TrimStrings.php(51): Illuminate/Foundation/Http/Middleware/TransformsRequest->handle(Object(Illuminate/Http/Request), Object(Closure))
#40 C:/xampp/htdocs/repo-tugas-web-app-website/KerjoSam/vendor/laravel/framework/src/Illuminate/Pipeline/Pipeline.php(209): Illuminate/Foundation/Http/Middleware/TrimStrings->handle(Object(Illuminate/Http/Request), Object(Closure))
#41 C:/xampp/htdocs/repo-tugas-web-app-website/KerjoSam/vendor/laravel/framework/src/Illuminate/Http/Middleware/ValidatePostSize.php(27): Illuminate/Pipeline/Pipeline->Illuminate/Pipeline/{closure}(Object(Illuminate/Http/Request))
#42 C:/xampp/htdocs/repo-tugas-web-app-website/KerjoSam/vendor/laravel/framework/src/Illuminate/Pipeline/Pipeline.php(209): Illuminate/Http/Middleware/ValidatePostSize->handle(Object(Illuminate/Http/Request), Object(Closure))
#43 C:/xampp/htdocs/repo-tugas-web-app-website/KerjoSam/vendor/laravel/framework/src/Illuminate/Foundation/Http/Middleware/PreventRequestsDuringMaintenance.php(110): Illuminate/Pipeline/Pipeline->Illuminate/Pipeline/{closure}(Object(Illuminate/Http/Request))
#44 C:/xampp/htdocs/repo-tugas-web-app-website/KerjoSam/vendor/laravel/framework/src/Illuminate/Pipeline/Pipeline.php(209): Illuminate/Foundation/Http/Middleware/PreventRequestsDuringMaintenance->handle(Object(Illuminate/Http/Request), Object(Closure))
#45 C:/xampp/htdocs/repo-tugas-web-app-website/KerjoSam/vendor/laravel/framework/src/Illuminate/Http/Middleware/HandleCors.php(49): Illuminate/Pipeline/Pipeline->Illuminate/Pipeline/{closure}(Object(Illuminate/Http/Request))
#46 C:/xampp/htdocs/repo-tugas-web-app-website/KerjoSam/vendor/laravel/framework/src/Illuminate/Pipeline/Pipeline.php(209): Illuminate/Http/Middleware/HandleCors->handle(Object(Illuminate/Http/Request), Object(Closure))
#47 C:/xampp/htdocs/repo-tugas-web-app-website/KerjoSam/vendor/laravel/framework/src/Illuminate/Http/Middleware/TrustProxies.php(58): Illuminate/Pipeline/Pipeline->Illuminate/Pipeline/{closure}(Object(Illuminate/Http/Request))
#48 C:/xampp/htdocs/repo-tugas-web-app-website/KerjoSam/vendor/laravel/framework/src/Illuminate/Pipeline/Pipeline.php(209): Illuminate/Http/Middleware/TrustProxies->handle(Object(Illuminate/Http/Request), Object(Closure))
#49 C:/xampp/htdocs/repo-tugas-web-app-website/KerjoSam/vendor/laravel/framework/src/Illuminate/Foundation/Http/Middleware/InvokeDeferredCallbacks.php(22): Illuminate/Pipeline/Pipeline->Illuminate/Pipeline/{closure}(Object(Illuminate/Http/Request))
#50 C:/xampp/htdocs/repo-tugas-web-app-website/KerjoSam/vendor/laravel/framework/src/Illuminate/Pipeline/Pipeline.php(209): Illuminate/Foundation/Http/Middleware/InvokeDeferredCallbacks->handle(Object(Illuminate/Http/Request), Object(Closure))
#51 C:/xampp/htdocs/repo-tugas-web-app-website/KerjoSam/vendor/laravel/framework/src/Illuminate/Pipeline/Pipeline.php(127): Illuminate/Pipeline/Pipeline->Illuminate/Pipeline/{closure}(Object(Illuminate/Http/Request))
#52 C:/xampp/htdocs/repo-tugas-web-app-website/KerjoSam/vendor/laravel/framework/src/Illuminate/Foundation/Http/Kernel.php(176): Illuminate/Pipeline/Pipeline->then(Object(Closure))
#53 C:/xampp/htdocs/repo-tugas-web-app-website/KerjoSam/vendor/laravel/framework/src/Illuminate/Foundation/Http/Kernel.php(145): Illuminate/Foundation/Http/Kernel->sendRequestThroughRouter(Object(Illuminate/Http/Request))
#54 C:/xampp/htdocs/repo-tugas-web-app-website/KerjoSam/vendor/laravel/framework/src/Illuminate/Foundation/Application.php(1220): Illuminate/Foundation/Http/Kernel->handle(Object(Illuminate/Http/Request))
#55 C:/xampp/htdocs/repo-tugas-web-app-website/KerjoSam/public/index.php(17): Illuminate/Foundation/Application->handleRequest(Object(Illuminate/Http/Request))
#56 C:/xampp/htdocs/repo-tugas-web-app-website/KerjoSam/vendor/laravel/framework/src/Illuminate/Foundation/resources/server.php(23): require_once('C://xampp//htdocs...')
#57 {main}
"} 
[2026-01-19 01:45:08] local.ERROR: Route [job.detail] not defined. (View: C:\xampp\htdocs\repo-tugas-web-app-website\KerjoSam\resources\views\welcome.blade.php) {"exception":"[object] (Illuminate\\View\\ViewException(code: 0): Route [job.detail] not defined. (View: C:\\xampp\\htdocs\\repo-tugas-web-app-website\\KerjoSam\\resources\\views\\welcome.blade.php) at C:/xampp/htdocs/repo-tugas-web-app-website/KerjoSam/vendor/laravel/framework/src/Illuminate/Routing/UrlGenerator.php:517)
[stacktrace]
#0 C:/xampp/htdocs/repo-tugas-web-app-website/KerjoSam/vendor/laravel/framework/src/Illuminate/View/Engines/PhpEngine.php(60): Illuminate/View/Engines/CompilerEngine->handleViewException(Object(Symfony/Component/Routing/Exception/RouteNotFoundException), 1)
#1 C:/xampp/htdocs/repo-tugas-web-app-website/KerjoSam/vendor/laravel/framework/src/Illuminate/View/Engines/CompilerEngine.php(75): Illuminate/View/Engines/PhpEngine->evaluatePath('C://xampp//htdocs...', Array)
#2 C:/xampp/htdocs/repo-tugas-web-app-website/KerjoSam/vendor/laravel/framework/src/Illuminate/View/View.php(209): Illuminate/View/Engines/CompilerEngine->get('C://xampp//htdocs...', Array)
#3 C:/xampp/htdocs/repo-tugas-web-app-website/KerjoSam/vendor/laravel/framework/src/Illuminate/View/View.php(192): Illuminate/View/View->getContents()
#4 C:/xampp/htdocs/repo-tugas-web-app-website/KerjoSam/vendor/laravel/framework/src/Illuminate/View/View.php(161): Illuminate/View/View->renderContents()
#5 C:/xampp/htdocs/repo-tugas-web-app-website/KerjoSam/vendor/laravel/framework/src/Illuminate/Http/Response.php(79): Illuminate/View/View->render()
#6 C:/xampp/htdocs/repo-tugas-web-app-website/KerjoSam/vendor/laravel/framework/src/Illuminate/Http/Response.php(35): Illuminate/Http/Response->setContent(Object(Illuminate/View/View))
#7 C:/xampp/htdocs/repo-tugas-web-app-website/KerjoSam/vendor/laravel/framework/src/Illuminate/Routing/Router.php(920): Illuminate/Http/Response->__construct(Object(Illuminate/View/View), 200, Array)
#8 C:/xampp/htdocs/repo-tugas-web-app-website/KerjoSam/vendor/laravel/framework/src/Illuminate/Routing/Router.php(887): Illuminate/Routing/Router::toResponse(Object(Illuminate/Http/Request), Object(Illuminate/View/View))
#9 C:/xampp/htdocs/repo-tugas-web-app-website/KerjoSam/vendor/laravel/framework/src/Illuminate/Routing/Router.php(807): Illuminate/Routing/Router->prepareResponse(Object(Illuminate/Http/Request), Object(Illuminate/View/View))
#10 C:/xampp/htdocs/repo-tugas-web-app-website/KerjoSam/vendor/laravel/framework/src/Illuminate/Pipeline/Pipeline.php(170): Illuminate/Routing/Router->Illuminate/Routing/{closure}(Object(Illuminate/Http/Request))
#11 C:/xampp/htdocs/repo-tugas-web-app-website/KerjoSam/vendor/laravel/framework/src/Illuminate/Routing/Middleware/SubstituteBindings.php(51): Illuminate/Pipeline/Pipeline->Illuminate/Pipeline/{closure}(Object(Illuminate/Http/Request))
#12 C:/xampp/htdocs/repo-tugas-web-app-website/KerjoSam/vendor/laravel/framework/src/Illuminate/Pipeline/Pipeline.php(209): Illuminate/Routing/Middleware/SubstituteBindings->handle(Object(Illuminate/Http/Request), Object(Closure))
#13 C:/xampp/htdocs/repo-tugas-web-app-website/KerjoSam/vendor/laravel/framework/src/Illuminate/Foundation/Http/Middleware/VerifyCsrfToken.php(88): Illuminate/Pipeline/Pipeline->Illuminate/Pipeline/{closure}(Object(Illuminate/Http/Request))
#14 C:/xampp/htdocs/repo-tugas-web-app-website/KerjoSam/vendor/laravel/framework/src/Illuminate/Pipeline/Pipeline.php(209): Illuminate/Foundation/Http/Middleware/VerifyCsrfToken->handle(Object(Illuminate/Http/Request), Object(Closure))
#15 C:/xampp/htdocs/repo-tugas-web-app-website/KerjoSam/vendor/laravel/framework/src/Illuminate/View/Middleware/ShareErrorsFromSession.php(49): Illuminate/Pipeline/Pipeline->Illuminate/Pipeline/{closure}(Object(Illuminate/Http/Request))
#16 C:/xampp/htdocs/repo-tugas-web-app-website/KerjoSam/vendor/laravel/framework/src/Illuminate/Pipeline/Pipeline.php(209): Illuminate/View/Middleware/ShareErrorsFromSession->handle(Object(Illuminate/Http/Request), Object(Closure))
#17 C:/xampp/htdocs/repo-tugas-web-app-website/KerjoSam/vendor/laravel/framework/src/Illuminate/Session/Middleware/StartSession.php(121): Illuminate/Pipeline/Pipeline->Illuminate/Pipeline/{closure}(Object(Illuminate/Http/Request))
#18 C:/xampp/htdocs/repo-tugas-web-app-website/KerjoSam/vendor/laravel/framework/src/Illuminate/Session/Middleware/StartSession.php(64): Illuminate/Session/Middleware/StartSession->handleStatefulRequest(Object(Illuminate/Http/Request), Object(Illuminate/Session/Store), Object(Closure))
#19 C:/xampp/htdocs/repo-tugas-web-app-website/KerjoSam/vendor/laravel/framework/src/Illuminate/Pipeline/Pipeline.php(209): Illuminate/Session/Middleware/StartSession->handle(Object(Illuminate/Http/Request), Object(Closure))
#20 C:/xampp/htdocs/repo-tugas-web-app-website/KerjoSam/vendor/laravel/framework/src/Illuminate/Cookie/Middleware/AddQueuedCookiesToResponse.php(37): Illuminate/Pipeline/Pipeline->Illuminate/Pipeline/{closure}(Object(Illuminate/Http/Request))
#21 C:/xampp/htdocs/repo-tugas-web-app-website/KerjoSam/vendor/laravel/framework/src/Illuminate/Pipeline/Pipeline.php(209): Illuminate/Cookie/Middleware/AddQueuedCookiesToResponse->handle(Object(Illuminate/Http/Request), Object(Closure))
#22 C:/xampp/htdocs/repo-tugas-web-app-website/KerjoSam/vendor/laravel/framework/src/Illuminate/Cookie/Middleware/EncryptCookies.php(75): Illuminate/Pipeline/Pipeline->Illuminate/Pipeline/{closure}(Object(Illuminate/Http/Request))
#23 C:/xampp/htdocs/repo-tugas-web-app-website/KerjoSam/vendor/laravel/framework/src/Illuminate/Pipeline/Pipeline.php(209): Illuminate/Cookie/Middleware/EncryptCookies->handle(Object(Illuminate/Http/Request), Object(Closure))
#24 C:/xampp/htdocs/repo-tugas-web-app-website/KerjoSam/vendor/laravel/framework/src/Illuminate/Pipeline/Pipeline.php(127): Illuminate/Pipeline/Pipeline->Illuminate/Pipeline/{closure}(Object(Illuminate/Http/Request))
#25 C:/xampp/htdocs/repo-tugas-web-app-website/KerjoSam/vendor/laravel/framework/src/Illuminate/Routing/Router.php(807): Illuminate/Pipeline/Pipeline->then(Object(Closure))
#26 C:/xampp/htdocs/repo-tugas-web-app-website/KerjoSam/vendor/laravel/framework/src/Illuminate/Routing/Router.php(786): Illuminate/Routing/Router->runRouteWithinStack(Object(Illuminate/Routing/Route), Object(Illuminate/Http/Request))
#27 C:/xampp/htdocs/repo-tugas-web-app-website/KerjoSam/vendor/laravel/framework/src/Illuminate/Routing/Router.php(750): Illuminate/Routing/Router->runRoute(Object(Illuminate/Http/Request), Object(Illuminate/Routing/Route))
#28 C:/xampp/htdocs/repo-tugas-web-app-website/KerjoSam/vendor/laravel/framework/src/Illuminate/Routing/Router.php(739): Illuminate/Routing/Router->dispatchToRoute(Object(Illuminate/Http/Request))
#29 C:/xampp/htdocs/repo-tugas-web-app-website/KerjoSam/vendor/laravel/framework/src/Illuminate/Foundation/Http/Kernel.php(201): Illuminate/Routing/Router->dispatch(Object(Illuminate/Http/Request))
#30 C:/xampp/htdocs/repo-tugas-web-app-website/KerjoSam/vendor/laravel/framework/src/Illuminate/Pipeline/Pipeline.php(170): Illuminate/Foundation/Http/Kernel->Illuminate/Foundation/Http/{closure}(Object(Illuminate/Http/Request))
#31 C:/xampp/htdocs/repo-tugas-web-app-website/KerjoSam/vendor/laravel/framework/src/Illuminate/Foundation/Http/Middleware/TransformsRequest.php(21): Illuminate/Pipeline/Pipeline->Illuminate/Pipeline/{closure}(Object(Illuminate/Http/Request))
#32 C:/xampp/htdocs/repo-tugas-web-app-website/KerjoSam/vendor/laravel/framework/src/Illuminate/Foundation/Http/Middleware/ConvertEmptyStringsToNull.php(31): Illuminate/Foundation/Http/Middleware/TransformsRequest->handle(Object(Illuminate/Http/Request), Object(Closure))
#33 C:/xampp/htdocs/repo-tugas-web-app-website/KerjoSam/vendor/laravel/framework/src/Illuminate/Pipeline/Pipeline.php(209): Illuminate/Foundation/Http/Middleware/ConvertEmptyStringsToNull->handle(Object(Illuminate/Http/Request), Object(Closure))
#34 C:/xampp/htdocs/repo-tugas-web-app-website/KerjoSam/vendor/laravel/framework/src/Illuminate/Foundation/Http/Middleware/TransformsRequest.php(21): Illuminate/Pipeline/Pipeline->Illuminate/Pipeline/{closure}(Object(Illuminate/Http/Request))
#35 C:/xampp/htdocs/repo-tugas-web-app-website/KerjoSam/vendor/laravel/framework/src/Illuminate/Foundation/Http/Middleware/TrimStrings.php(51): Illuminate/Foundation/Http/Middleware/TransformsRequest->handle(Object(Illuminate/Http/Request), Object(Closure))
#36 C:/xampp/htdocs/repo-tugas-web-app-website/KerjoSam/vendor/laravel/framework/src/Illuminate/Pipeline/Pipeline.php(209): Illuminate/Foundation/Http/Middleware/TrimStrings->handle(Object(Illuminate/Http/Request), Object(Closure))
#37 C:/xampp/htdocs/repo-tugas-web-app-website/KerjoSam/vendor/laravel/framework/src/Illuminate/Http/Middleware/ValidatePostSize.php(27): Illuminate/Pipeline/Pipeline->Illuminate/Pipeline/{closure}(Object(Illuminate/Http/Request))
#38 C:/xampp/htdocs/repo-tugas-web-app-website/KerjoSam/vendor/laravel/framework/src/Illuminate/Pipeline/Pipeline.php(209): Illuminate/Http/Middleware/ValidatePostSize->handle(Object(Illuminate/Http/Request), Object(Closure))
#39 C:/xampp/htdocs/repo-tugas-web-app-website/KerjoSam/vendor/laravel/framework/src/Illuminate/Foundation/Http/Middleware/PreventRequestsDuringMaintenance.php(110): Illuminate/Pipeline/Pipeline->Illuminate/Pipeline/{closure}(Object(Illuminate/Http/Request))
#40 C:/xampp/htdocs/repo-tugas-web-app-website/KerjoSam/vendor/laravel/framework/src/Illuminate/Pipeline/Pipeline.php(209): Illuminate/Foundation/Http/Middleware/PreventRequestsDuringMaintenance->handle(Object(Illuminate/Http/Request), Object(Closure))
#41 C:/xampp/htdocs/repo-tugas-web-app-website/KerjoSam/vendor/laravel/framework/src/Illuminate/Http/Middleware/HandleCors.php(49): Illuminate/Pipeline/Pipeline->Illuminate/Pipeline/{closure}(Object(Illuminate/Http/Request))
#42 C:/xampp/htdocs/repo-tugas-web-app-website/KerjoSam/vendor/laravel/framework/src/Illuminate/Pipeline/Pipeline.php(209): Illuminate/Http/Middleware/HandleCors->handle(Object(Illuminate/Http/Request), Object(Closure))
#43 C:/xampp/htdocs/repo-tugas-web-app-website/KerjoSam/vendor/laravel/framework/src/Illuminate/Http/Middleware/TrustProxies.php(58): Illuminate/Pipeline/Pipeline->Illuminate/Pipeline/{closure}(Object(Illuminate/Http/Request))
#44 C:/xampp/htdocs/repo-tugas-web-app-website/KerjoSam/vendor/laravel/framework/src/Illuminate/Pipeline/Pipeline.php(209): Illuminate/Http/Middleware/TrustProxies->handle(Object(Illuminate/Http/Request), Object(Closure))
#45 C:/xampp/htdocs/repo-tugas-web-app-website/KerjoSam/vendor/laravel/framework/src/Illuminate/Foundation/Http/Middleware/InvokeDeferredCallbacks.php(22): Illuminate/Pipeline/Pipeline->Illuminate/Pipeline/{closure}(Object(Illuminate/Http/Request))
#46 C:/xampp/htdocs/repo-tugas-web-app-website/KerjoSam/vendor/laravel/framework/src/Illuminate/Pipeline/Pipeline.php(209): Illuminate/Foundation/Http/Middleware/InvokeDeferredCallbacks->handle(Object(Illuminate/Http/Request), Object(Closure))
#47 C:/xampp/htdocs/repo-tugas-web-app-website/KerjoSam/vendor/laravel/framework/src/Illuminate/Pipeline/Pipeline.php(127): Illuminate/Pipeline/Pipeline->Illuminate/Pipeline/{closure}(Object(Illuminate/Http/Request))
#48 C:/xampp/htdocs/repo-tugas-web-app-website/KerjoSam/vendor/laravel/framework/src/Illuminate/Foundation/Http/Kernel.php(176): Illuminate/Pipeline/Pipeline->then(Object(Closure))
#49 C:/xampp/htdocs/repo-tugas-web-app-website/KerjoSam/vendor/laravel/framework/src/Illuminate/Foundation/Http/Kernel.php(145): Illuminate/Foundation/Http/Kernel->sendRequestThroughRouter(Object(Illuminate/Http/Request))
#50 C:/xampp/htdocs/repo-tugas-web-app-website/KerjoSam/vendor/laravel/framework/src/Illuminate/Foundation/Application.php(1220): Illuminate/Foundation/Http/Kernel->handle(Object(Illuminate/Http/Request))
#51 C:/xampp/htdocs/repo-tugas-web-app-website/KerjoSam/public/index.php(17): Illuminate/Foundation/Application->handleRequest(Object(Illuminate/Http/Request))
#52 C:/xampp/htdocs/repo-tugas-web-app-website/KerjoSam/vendor/laravel/framework/src/Illuminate/Foundation/resources/server.php(23): require_once('C://xampp//htdocs...')
#53 {main}

[previous exception] [object] (Symfony\\Component\\Routing\\Exception\\RouteNotFoundException(code: 0): Route [job.detail] not defined. at C:/xampp/htdocs/repo-tugas-web-app-website/KerjoSam/vendor/laravel/framework/src/Illuminate/Routing/UrlGenerator.php:517)
[stacktrace]
#0 C:/xampp/htdocs/repo-tugas-web-app-website/KerjoSam/vendor/laravel/framework/src/Illuminate/Foundation/helpers.php(853): Illuminate/Routing/UrlGenerator->route('job.detail', 1, true)
#1 C:/xampp/htdocs/repo-tugas-web-app-website/KerjoSam/storage/framework/views/78f49b33f6aeb4e8897da4dd47557cb5.php(425): route('job.detail', 1)
#2 C:/xampp/htdocs/repo-tugas-web-app-website/KerjoSam/vendor/laravel/framework/src/Illuminate/Filesystem/Filesystem.php(123): require('C://xampp//htdocs...')
#3 C:/xampp/htdocs/repo-tugas-web-app-website/KerjoSam/vendor/laravel/framework/src/Illuminate/Filesystem/Filesystem.php(124): Illuminate/Filesystem/Filesystem::Illuminate/Filesystem/{closure}()
#4 C:/xampp/htdocs/repo-tugas-web-app-website/KerjoSam/vendor/laravel/framework/src/Illuminate/View/Engines/PhpEngine.php(58): Illuminate/Filesystem/Filesystem->getRequire('C://xampp//htdocs...', Array)
#5 C:/xampp/htdocs/repo-tugas-web-app-website/KerjoSam/vendor/laravel/framework/src/Illuminate/View/Engines/CompilerEngine.php(75): Illuminate/View/Engines/PhpEngine->evaluatePath('C://xampp//htdocs...', Array)
#6 C:/xampp/htdocs/repo-tugas-web-app-website/KerjoSam/vendor/laravel/framework/src/Illuminate/View/View.php(209): Illuminate/View/Engines/CompilerEngine->get('C://xampp//htdocs...', Array)
#7 C:/xampp/htdocs/repo-tugas-web-app-website/KerjoSam/vendor/laravel/framework/src/Illuminate/View/View.php(192): Illuminate/View/View->getContents()
#8 C:/xampp/htdocs/repo-tugas-web-app-website/KerjoSam/vendor/laravel/framework/src/Illuminate/View/View.php(161): Illuminate/View/View->renderContents()
#9 C:/xampp/htdocs/repo-tugas-web-app-website/KerjoSam/vendor/laravel/framework/src/Illuminate/Http/Response.php(79): Illuminate/View/View->render()
#10 C:/xampp/htdocs/repo-tugas-web-app-website/KerjoSam/vendor/laravel/framework/src/Illuminate/Http/Response.php(35): Illuminate/Http/Response->setContent(Object(Illuminate/View/View))
#11 C:/xampp/htdocs/repo-tugas-web-app-website/KerjoSam/vendor/laravel/framework/src/Illuminate/Routing/Router.php(920): Illuminate/Http/Response->__construct(Object(Illuminate/View/View), 200, Array)
#12 C:/xampp/htdocs/repo-tugas-web-app-website/KerjoSam/vendor/laravel/framework/src/Illuminate/Routing/Router.php(887): Illuminate/Routing/Router::toResponse(Object(Illuminate/Http/Request), Object(Illuminate/View/View))
#13 C:/xampp/htdocs/repo-tugas-web-app-website/KerjoSam/vendor/laravel/framework/src/Illuminate/Routing/Router.php(807): Illuminate/Routing/Router->prepareResponse(Object(Illuminate/Http/Request), Object(Illuminate/View/View))
#14 C:/xampp/htdocs/repo-tugas-web-app-website/KerjoSam/vendor/laravel/framework/src/Illuminate/Pipeline/Pipeline.php(170): Illuminate/Routing/Router->Illuminate/Routing/{closure}(Object(Illuminate/Http/Request))
#15 C:/xampp/htdocs/repo-tugas-web-app-website/KerjoSam/vendor/laravel/framework/src/Illuminate/Routing/Middleware/SubstituteBindings.php(51): Illuminate/Pipeline/Pipeline->Illuminate/Pipeline/{closure}(Object(Illuminate/Http/Request))
#16 C:/xampp/htdocs/repo-tugas-web-app-website/KerjoSam/vendor/laravel/framework/src/Illuminate/Pipeline/Pipeline.php(209): Illuminate/Routing/Middleware/SubstituteBindings->handle(Object(Illuminate/Http/Request), Object(Closure))
#17 C:/xampp/htdocs/repo-tugas-web-app-website/KerjoSam/vendor/laravel/framework/src/Illuminate/Foundation/Http/Middleware/VerifyCsrfToken.php(88): Illuminate/Pipeline/Pipeline->Illuminate/Pipeline/{closure}(Object(Illuminate/Http/Request))
#18 C:/xampp/htdocs/repo-tugas-web-app-website/KerjoSam/vendor/laravel/framework/src/Illuminate/Pipeline/Pipeline.php(209): Illuminate/Foundation/Http/Middleware/VerifyCsrfToken->handle(Object(Illuminate/Http/Request), Object(Closure))
#19 C:/xampp/htdocs/repo-tugas-web-app-website/KerjoSam/vendor/laravel/framework/src/Illuminate/View/Middleware/ShareErrorsFromSession.php(49): Illuminate/Pipeline/Pipeline->Illuminate/Pipeline/{closure}(Object(Illuminate/Http/Request))
#20 C:/xampp/htdocs/repo-tugas-web-app-website/KerjoSam/vendor/laravel/framework/src/Illuminate/Pipeline/Pipeline.php(209): Illuminate/View/Middleware/ShareErrorsFromSession->handle(Object(Illuminate/Http/Request), Object(Closure))
#21 C:/xampp/htdocs/repo-tugas-web-app-website/KerjoSam/vendor/laravel/framework/src/Illuminate/Session/Middleware/StartSession.php(121): Illuminate/Pipeline/Pipeline->Illuminate/Pipeline/{closure}(Object(Illuminate/Http/Request))
#22 C:/xampp/htdocs/repo-tugas-web-app-website/KerjoSam/vendor/laravel/framework/src/Illuminate/Session/Middleware/StartSession.php(64): Illuminate/Session/Middleware/StartSession->handleStatefulRequest(Object(Illuminate/Http/Request), Object(Illuminate/Session/Store), Object(Closure))
#23 C:/xampp/htdocs/repo-tugas-web-app-website/KerjoSam/vendor/laravel/framework/src/Illuminate/Pipeline/Pipeline.php(209): Illuminate/Session/Middleware/StartSession->handle(Object(Illuminate/Http/Request), Object(Closure))
#24 C:/xampp/htdocs/repo-tugas-web-app-website/KerjoSam/vendor/laravel/framework/src/Illuminate/Cookie/Middleware/AddQueuedCookiesToResponse.php(37): Illuminate/Pipeline/Pipeline->Illuminate/Pipeline/{closure}(Object(Illuminate/Http/Request))
#25 C:/xampp/htdocs/repo-tugas-web-app-website/KerjoSam/vendor/laravel/framework/src/Illuminate/Pipeline/Pipeline.php(209): Illuminate/Cookie/Middleware/AddQueuedCookiesToResponse->handle(Object(Illuminate/Http/Request), Object(Closure))
#26 C:/xampp/htdocs/repo-tugas-web-app-website/KerjoSam/vendor/laravel/framework/src/Illuminate/Cookie/Middleware/EncryptCookies.php(75): Illuminate/Pipeline/Pipeline->Illuminate/Pipeline/{closure}(Object(Illuminate/Http/Request))
#27 C:/xampp/htdocs/repo-tugas-web-app-website/KerjoSam/vendor/laravel/framework/src/Illuminate/Pipeline/Pipeline.php(209): Illuminate/Cookie/Middleware/EncryptCookies->handle(Object(Illuminate/Http/Request), Object(Closure))
#28 C:/xampp/htdocs/repo-tugas-web-app-website/KerjoSam/vendor/laravel/framework/src/Illuminate/Pipeline/Pipeline.php(127): Illuminate/Pipeline/Pipeline->Illuminate/Pipeline/{closure}(Object(Illuminate/Http/Request))
#29 C:/xampp/htdocs/repo-tugas-web-app-website/KerjoSam/vendor/laravel/framework/src/Illuminate/Routing/Router.php(807): Illuminate/Pipeline/Pipeline->then(Object(Closure))
#30 C:/xampp/htdocs/repo-tugas-web-app-website/KerjoSam/vendor/laravel/framework/src/Illuminate/Routing/Router.php(786): Illuminate/Routing/Router->runRouteWithinStack(Object(Illuminate/Routing/Route), Object(Illuminate/Http/Request))
#31 C:/xampp/htdocs/repo-tugas-web-app-website/KerjoSam/vendor/laravel/framework/src/Illuminate/Routing/Router.php(750): Illuminate/Routing/Router->runRoute(Object(Illuminate/Http/Request), Object(Illuminate/Routing/Route))
#32 C:/xampp/htdocs/repo-tugas-web-app-website/KerjoSam/vendor/laravel/framework/src/Illuminate/Routing/Router.php(739): Illuminate/Routing/Router->dispatchToRoute(Object(Illuminate/Http/Request))
#33 C:/xampp/htdocs/repo-tugas-web-app-website/KerjoSam/vendor/laravel/framework/src/Illuminate/Foundation/Http/Kernel.php(201): Illuminate/Routing/Router->dispatch(Object(Illuminate/Http/Request))
#34 C:/xampp/htdocs/repo-tugas-web-app-website/KerjoSam/vendor/laravel/framework/src/Illuminate/Pipeline/Pipeline.php(170): Illuminate/Foundation/Http/Kernel->Illuminate/Foundation/Http/{closure}(Object(Illuminate/Http/Request))
#35 C:/xampp/htdocs/repo-tugas-web-app-website/KerjoSam/vendor/laravel/framework/src/Illuminate/Foundation/Http/Middleware/TransformsRequest.php(21): Illuminate/Pipeline/Pipeline->Illuminate/Pipeline/{closure}(Object(Illuminate/Http/Request))
#36 C:/xampp/htdocs/repo-tugas-web-app-website/KerjoSam/vendor/laravel/framework/src/Illuminate/Foundation/Http/Middleware/ConvertEmptyStringsToNull.php(31): Illuminate/Foundation/Http/Middleware/TransformsRequest->handle(Object(Illuminate/Http/Request), Object(Closure))
#37 C:/xampp/htdocs/repo-tugas-web-app-website/KerjoSam/vendor/laravel/framework/src/Illuminate/Pipeline/Pipeline.php(209): Illuminate/Foundation/Http/Middleware/ConvertEmptyStringsToNull->handle(Object(Illuminate/Http/Request), Object(Closure))
#38 C:/xampp/htdocs/repo-tugas-web-app-website/KerjoSam/vendor/laravel/framework/src/Illuminate/Foundation/Http/Middleware/TransformsRequest.php(21): Illuminate/Pipeline/Pipeline->Illuminate/Pipeline/{closure}(Object(Illuminate/Http/Request))
#39 C:/xampp/htdocs/repo-tugas-web-app-website/KerjoSam/vendor/laravel/framework/src/Illuminate/Foundation/Http/Middleware/TrimStrings.php(51): Illuminate/Foundation/Http/Middleware/TransformsRequest->handle(Object(Illuminate/Http/Request), Object(Closure))
#40 C:/xampp/htdocs/repo-tugas-web-app-website/KerjoSam/vendor/laravel/framework/src/Illuminate/Pipeline/Pipeline.php(209): Illuminate/Foundation/Http/Middleware/TrimStrings->handle(Object(Illuminate/Http/Request), Object(Closure))
#41 C:/xampp/htdocs/repo-tugas-web-app-website/KerjoSam/vendor/laravel/framework/src/Illuminate/Http/Middleware/ValidatePostSize.php(27): Illuminate/Pipeline/Pipeline->Illuminate/Pipeline/{closure}(Object(Illuminate/Http/Request))
#42 C:/xampp/htdocs/repo-tugas-web-app-website/KerjoSam/vendor/laravel/framework/src/Illuminate/Pipeline/Pipeline.php(209): Illuminate/Http/Middleware/ValidatePostSize->handle(Object(Illuminate/Http/Request), Object(Closure))
#43 C:/xampp/htdocs/repo-tugas-web-app-website/KerjoSam/vendor/laravel/framework/src/Illuminate/Foundation/Http/Middleware/PreventRequestsDuringMaintenance.php(110): Illuminate/Pipeline/Pipeline->Illuminate/Pipeline/{closure}(Object(Illuminate/Http/Request))
#44 C:/xampp/htdocs/repo-tugas-web-app-website/KerjoSam/vendor/laravel/framework/src/Illuminate/Pipeline/Pipeline.php(209): Illuminate/Foundation/Http/Middleware/PreventRequestsDuringMaintenance->handle(Object(Illuminate/Http/Request), Object(Closure))
#45 C:/xampp/htdocs/repo-tugas-web-app-website/KerjoSam/vendor/laravel/framework/src/Illuminate/Http/Middleware/HandleCors.php(49): Illuminate/Pipeline/Pipeline->Illuminate/Pipeline/{closure}(Object(Illuminate/Http/Request))
#46 C:/xampp/htdocs/repo-tugas-web-app-website/KerjoSam/vendor/laravel/framework/src/Illuminate/Pipeline/Pipeline.php(209): Illuminate/Http/Middleware/HandleCors->handle(Object(Illuminate/Http/Request), Object(Closure))
#47 C:/xampp/htdocs/repo-tugas-web-app-website/KerjoSam/vendor/laravel/framework/src/Illuminate/Http/Middleware/TrustProxies.php(58): Illuminate/Pipeline/Pipeline->Illuminate/Pipeline/{closure}(Object(Illuminate/Http/Request))
#48 C:/xampp/htdocs/repo-tugas-web-app-website/KerjoSam/vendor/laravel/framework/src/Illuminate/Pipeline/Pipeline.php(209): Illuminate/Http/Middleware/TrustProxies->handle(Object(Illuminate/Http/Request), Object(Closure))
#49 C:/xampp/htdocs/repo-tugas-web-app-website/KerjoSam/vendor/laravel/framework/src/Illuminate/Foundation/Http/Middleware/InvokeDeferredCallbacks.php(22): Illuminate/Pipeline/Pipeline->Illuminate/Pipeline/{closure}(Object(Illuminate/Http/Request))
#50 C:/xampp/htdocs/repo-tugas-web-app-website/KerjoSam/vendor/laravel/framework/src/Illuminate/Pipeline/Pipeline.php(209): Illuminate/Foundation/Http/Middleware/InvokeDeferredCallbacks->handle(Object(Illuminate/Http/Request), Object(Closure))
#51 C:/xampp/htdocs/repo-tugas-web-app-website/KerjoSam/vendor/laravel/framework/src/Illuminate/Pipeline/Pipeline.php(127): Illuminate/Pipeline/Pipeline->Illuminate/Pipeline/{closure}(Object(Illuminate/Http/Request))
#52 C:/xampp/htdocs/repo-tugas-web-app-website/KerjoSam/vendor/laravel/framework/src/Illuminate/Foundation/Http/Kernel.php(176): Illuminate/Pipeline/Pipeline->then(Object(Closure))
#53 C:/xampp/htdocs/repo-tugas-web-app-website/KerjoSam/vendor/laravel/framework/src/Illuminate/Foundation/Http/Kernel.php(145): Illuminate/Foundation/Http/Kernel->sendRequestThroughRouter(Object(Illuminate/Http/Request))
#54 C:/xampp/htdocs/repo-tugas-web-app-website/KerjoSam/vendor/laravel/framework/src/Illuminate/Foundation/Application.php(1220): Illuminate/Foundation/Http/Kernel->handle(Object(Illuminate/Http/Request))
#55 C:/xampp/htdocs/repo-tugas-web-app-website/KerjoSam/public/index.php(17): Illuminate/Foundation/Application->handleRequest(Object(Illuminate/Http/Request))
#56 C:/xampp/htdocs/repo-tugas-web-app-website/KerjoSam/vendor/laravel/framework/src/Illuminate/Foundation/resources/server.php(23): require_once('C://xampp//htdocs...')
#57 {main}
"} 
[2026-01-19 01:51:44] local.ERROR: Route [job.index] not defined. (View: C:\xampp\htdocs\repo-tugas-web-app-website\KerjoSam\resources\views\buat-pekerjaan.blade.php) {"userId":4,"exception":"[object] (Illuminate\\View\\ViewException(code: 0): Route [job.index] not defined. (View: C:\\xampp\\htdocs\\repo-tugas-web-app-website\\KerjoSam\\resources\\views\\buat-pekerjaan.blade.php) at C:/xampp/htdocs/repo-tugas-web-app-website/KerjoSam/vendor/laravel/framework/src/Illuminate/Routing/UrlGenerator.php:517)
[stacktrace]
#0 C:/xampp/htdocs/repo-tugas-web-app-website/KerjoSam/vendor/laravel/framework/src/Illuminate/View/Engines/PhpEngine.php(60): Illuminate/View/Engines/CompilerEngine->handleViewException(Object(Symfony/Component/Routing/Exception/RouteNotFoundException), 1)
#1 C:/xampp/htdocs/repo-tugas-web-app-website/KerjoSam/vendor/laravel/framework/src/Illuminate/View/Engines/CompilerEngine.php(75): Illuminate/View/Engines/PhpEngine->evaluatePath('C://xampp//htdocs...', Array)
#2 C:/xampp/htdocs/repo-tugas-web-app-website/KerjoSam/vendor/laravel/framework/src/Illuminate/View/View.php(209): Illuminate/View/Engines/CompilerEngine->get('C://xampp//htdocs...', Array)
#3 C:/xampp/htdocs/repo-tugas-web-app-website/KerjoSam/vendor/laravel/framework/src/Illuminate/View/View.php(192): Illuminate/View/View->getContents()
#4 C:/xampp/htdocs/repo-tugas-web-app-website/KerjoSam/vendor/laravel/framework/src/Illuminate/View/View.php(161): Illuminate/View/View->renderContents()
#5 C:/xampp/htdocs/repo-tugas-web-app-website/KerjoSam/vendor/laravel/framework/src/Illuminate/Http/Response.php(79): Illuminate/View/View->render()
#6 C:/xampp/htdocs/repo-tugas-web-app-website/KerjoSam/vendor/laravel/framework/src/Illuminate/Http/Response.php(35): Illuminate/Http/Response->setContent(Object(Illuminate/View/View))
#7 C:/xampp/htdocs/repo-tugas-web-app-website/KerjoSam/vendor/laravel/framework/src/Illuminate/Routing/Router.php(920): Illuminate/Http/Response->__construct(Object(Illuminate/View/View), 200, Array)
#8 C:/xampp/htdocs/repo-tugas-web-app-website/KerjoSam/vendor/laravel/framework/src/Illuminate/Routing/Router.php(887): Illuminate/Routing/Router::toResponse(Object(Illuminate/Http/Request), Object(Illuminate/View/View))
#9 C:/xampp/htdocs/repo-tugas-web-app-website/KerjoSam/vendor/laravel/framework/src/Illuminate/Routing/Router.php(807): Illuminate/Routing/Router->prepareResponse(Object(Illuminate/Http/Request), Object(Illuminate/View/View))
#10 C:/xampp/htdocs/repo-tugas-web-app-website/KerjoSam/vendor/laravel/framework/src/Illuminate/Pipeline/Pipeline.php(170): Illuminate/Routing/Router->Illuminate/Routing/{closure}(Object(Illuminate/Http/Request))
#11 C:/xampp/htdocs/repo-tugas-web-app-website/KerjoSam/vendor/laravel/framework/src/Illuminate/Routing/Middleware/SubstituteBindings.php(51): Illuminate/Pipeline/Pipeline->Illuminate/Pipeline/{closure}(Object(Illuminate/Http/Request))
#12 C:/xampp/htdocs/repo-tugas-web-app-website/KerjoSam/vendor/laravel/framework/src/Illuminate/Pipeline/Pipeline.php(209): Illuminate/Routing/Middleware/SubstituteBindings->handle(Object(Illuminate/Http/Request), Object(Closure))
#13 C:/xampp/htdocs/repo-tugas-web-app-website/KerjoSam/vendor/laravel/framework/src/Illuminate/Auth/Middleware/Authenticate.php(64): Illuminate/Pipeline/Pipeline->Illuminate/Pipeline/{closure}(Object(Illuminate/Http/Request))
#14 C:/xampp/htdocs/repo-tugas-web-app-website/KerjoSam/vendor/laravel/framework/src/Illuminate/Pipeline/Pipeline.php(209): Illuminate/Auth/Middleware/Authenticate->handle(Object(Illuminate/Http/Request), Object(Closure))
#15 C:/xampp/htdocs/repo-tugas-web-app-website/KerjoSam/vendor/laravel/framework/src/Illuminate/Foundation/Http/Middleware/VerifyCsrfToken.php(88): Illuminate/Pipeline/Pipeline->Illuminate/Pipeline/{closure}(Object(Illuminate/Http/Request))
#16 C:/xampp/htdocs/repo-tugas-web-app-website/KerjoSam/vendor/laravel/framework/src/Illuminate/Pipeline/Pipeline.php(209): Illuminate/Foundation/Http/Middleware/VerifyCsrfToken->handle(Object(Illuminate/Http/Request), Object(Closure))
#17 C:/xampp/htdocs/repo-tugas-web-app-website/KerjoSam/vendor/laravel/framework/src/Illuminate/View/Middleware/ShareErrorsFromSession.php(49): Illuminate/Pipeline/Pipeline->Illuminate/Pipeline/{closure}(Object(Illuminate/Http/Request))
#18 C:/xampp/htdocs/repo-tugas-web-app-website/KerjoSam/vendor/laravel/framework/src/Illuminate/Pipeline/Pipeline.php(209): Illuminate/View/Middleware/ShareErrorsFromSession->handle(Object(Illuminate/Http/Request), Object(Closure))
#19 C:/xampp/htdocs/repo-tugas-web-app-website/KerjoSam/vendor/laravel/framework/src/Illuminate/Session/Middleware/StartSession.php(121): Illuminate/Pipeline/Pipeline->Illuminate/Pipeline/{closure}(Object(Illuminate/Http/Request))
#20 C:/xampp/htdocs/repo-tugas-web-app-website/KerjoSam/vendor/laravel/framework/src/Illuminate/Session/Middleware/StartSession.php(64): Illuminate/Session/Middleware/StartSession->handleStatefulRequest(Object(Illuminate/Http/Request), Object(Illuminate/Session/Store), Object(Closure))
#21 C:/xampp/htdocs/repo-tugas-web-app-website/KerjoSam/vendor/laravel/framework/src/Illuminate/Pipeline/Pipeline.php(209): Illuminate/Session/Middleware/StartSession->handle(Object(Illuminate/Http/Request), Object(Closure))
#22 C:/xampp/htdocs/repo-tugas-web-app-website/KerjoSam/vendor/laravel/framework/src/Illuminate/Cookie/Middleware/AddQueuedCookiesToResponse.php(37): Illuminate/Pipeline/Pipeline->Illuminate/Pipeline/{closure}(Object(Illuminate/Http/Request))
#23 C:/xampp/htdocs/repo-tugas-web-app-website/KerjoSam/vendor/laravel/framework/src/Illuminate/Pipeline/Pipeline.php(209): Illuminate/Cookie/Middleware/AddQueuedCookiesToResponse->handle(Object(Illuminate/Http/Request), Object(Closure))
#24 C:/xampp/htdocs/repo-tugas-web-app-website/KerjoSam/vendor/laravel/framework/src/Illuminate/Cookie/Middleware/EncryptCookies.php(75): Illuminate/Pipeline/Pipeline->Illuminate/Pipeline/{closure}(Object(Illuminate/Http/Request))
#25 C:/xampp/htdocs/repo-tugas-web-app-website/KerjoSam/vendor/laravel/framework/src/Illuminate/Pipeline/Pipeline.php(209): Illuminate/Cookie/Middleware/EncryptCookies->handle(Object(Illuminate/Http/Request), Object(Closure))
#26 C:/xampp/htdocs/repo-tugas-web-app-website/KerjoSam/vendor/laravel/framework/src/Illuminate/Pipeline/Pipeline.php(127): Illuminate/Pipeline/Pipeline->Illuminate/Pipeline/{closure}(Object(Illuminate/Http/Request))
#27 C:/xampp/htdocs/repo-tugas-web-app-website/KerjoSam/vendor/laravel/framework/src/Illuminate/Routing/Router.php(807): Illuminate/Pipeline/Pipeline->then(Object(Closure))
#28 C:/xampp/htdocs/repo-tugas-web-app-website/KerjoSam/vendor/laravel/framework/src/Illuminate/Routing/Router.php(786): Illuminate/Routing/Router->runRouteWithinStack(Object(Illuminate/Routing/Route), Object(Illuminate/Http/Request))
#29 C:/xampp/htdocs/repo-tugas-web-app-website/KerjoSam/vendor/laravel/framework/src/Illuminate/Routing/Router.php(750): Illuminate/Routing/Router->runRoute(Object(Illuminate/Http/Request), Object(Illuminate/Routing/Route))
#30 C:/xampp/htdocs/repo-tugas-web-app-website/KerjoSam/vendor/laravel/framework/src/Illuminate/Routing/Router.php(739): Illuminate/Routing/Router->dispatchToRoute(Object(Illuminate/Http/Request))
#31 C:/xampp/htdocs/repo-tugas-web-app-website/KerjoSam/vendor/laravel/framework/src/Illuminate/Foundation/Http/Kernel.php(201): Illuminate/Routing/Router->dispatch(Object(Illuminate/Http/Request))
#32 C:/xampp/htdocs/repo-tugas-web-app-website/KerjoSam/vendor/laravel/framework/src/Illuminate/Pipeline/Pipeline.php(170): Illuminate/Foundation/Http/Kernel->Illuminate/Foundation/Http/{closure}(Object(Illuminate/Http/Request))
#33 C:/xampp/htdocs/repo-tugas-web-app-website/KerjoSam/vendor/laravel/framework/src/Illuminate/Foundation/Http/Middleware/TransformsRequest.php(21): Illuminate/Pipeline/Pipeline->Illuminate/Pipeline/{closure}(Object(Illuminate/Http/Request))
#34 C:/xampp/htdocs/repo-tugas-web-app-website/KerjoSam/vendor/laravel/framework/src/Illuminate/Foundation/Http/Middleware/ConvertEmptyStringsToNull.php(31): Illuminate/Foundation/Http/Middleware/TransformsRequest->handle(Object(Illuminate/Http/Request), Object(Closure))
#35 C:/xampp/htdocs/repo-tugas-web-app-website/KerjoSam/vendor/laravel/framework/src/Illuminate/Pipeline/Pipeline.php(209): Illuminate/Foundation/Http/Middleware/ConvertEmptyStringsToNull->handle(Object(Illuminate/Http/Request), Object(Closure))
#36 C:/xampp/htdocs/repo-tugas-web-app-website/KerjoSam/vendor/laravel/framework/src/Illuminate/Foundation/Http/Middleware/TransformsRequest.php(21): Illuminate/Pipeline/Pipeline->Illuminate/Pipeline/{closure}(Object(Illuminate/Http/Request))
#37 C:/xampp/htdocs/repo-tugas-web-app-website/KerjoSam/vendor/laravel/framework/src/Illuminate/Foundation/Http/Middleware/TrimStrings.php(51): Illuminate/Foundation/Http/Middleware/TransformsRequest->handle(Object(Illuminate/Http/Request), Object(Closure))
#38 C:/xampp/htdocs/repo-tugas-web-app-website/KerjoSam/vendor/laravel/framework/src/Illuminate/Pipeline/Pipeline.php(209): Illuminate/Foundation/Http/Middleware/TrimStrings->handle(Object(Illuminate/Http/Request), Object(Closure))
#39 C:/xampp/htdocs/repo-tugas-web-app-website/KerjoSam/vendor/laravel/framework/src/Illuminate/Http/Middleware/ValidatePostSize.php(27): Illuminate/Pipeline/Pipeline->Illuminate/Pipeline/{closure}(Object(Illuminate/Http/Request))
#40 C:/xampp/htdocs/repo-tugas-web-app-website/KerjoSam/vendor/laravel/framework/src/Illuminate/Pipeline/Pipeline.php(209): Illuminate/Http/Middleware/ValidatePostSize->handle(Object(Illuminate/Http/Request), Object(Closure))
#41 C:/xampp/htdocs/repo-tugas-web-app-website/KerjoSam/vendor/laravel/framework/src/Illuminate/Foundation/Http/Middleware/PreventRequestsDuringMaintenance.php(110): Illuminate/Pipeline/Pipeline->Illuminate/Pipeline/{closure}(Object(Illuminate/Http/Request))
#42 C:/xampp/htdocs/repo-tugas-web-app-website/KerjoSam/vendor/laravel/framework/src/Illuminate/Pipeline/Pipeline.php(209): Illuminate/Foundation/Http/Middleware/PreventRequestsDuringMaintenance->handle(Object(Illuminate/Http/Request), Object(Closure))
#43 C:/xampp/htdocs/repo-tugas-web-app-website/KerjoSam/vendor/laravel/framework/src/Illuminate/Http/Middleware/HandleCors.php(49): Illuminate/Pipeline/Pipeline->Illuminate/Pipeline/{closure}(Object(Illuminate/Http/Request))
#44 C:/xampp/htdocs/repo-tugas-web-app-website/KerjoSam/vendor/laravel/framework/src/Illuminate/Pipeline/Pipeline.php(209): Illuminate/Http/Middleware/HandleCors->handle(Object(Illuminate/Http/Request), Object(Closure))
#45 C:/xampp/htdocs/repo-tugas-web-app-website/KerjoSam/vendor/laravel/framework/src/Illuminate/Http/Middleware/TrustProxies.php(58): Illuminate/Pipeline/Pipeline->Illuminate/Pipeline/{closure}(Object(Illuminate/Http/Request))
#46 C:/xampp/htdocs/repo-tugas-web-app-website/KerjoSam/vendor/laravel/framework/src/Illuminate/Pipeline/Pipeline.php(209): Illuminate/Http/Middleware/TrustProxies->handle(Object(Illuminate/Http/Request), Object(Closure))
#47 C:/xampp/htdocs/repo-tugas-web-app-website/KerjoSam/vendor/laravel/framework/src/Illuminate/Foundation/Http/Middleware/InvokeDeferredCallbacks.php(22): Illuminate/Pipeline/Pipeline->Illuminate/Pipeline/{closure}(Object(Illuminate/Http/Request))
#48 C:/xampp/htdocs/repo-tugas-web-app-website/KerjoSam/vendor/laravel/framework/src/Illuminate/Pipeline/Pipeline.php(209): Illuminate/Foundation/Http/Middleware/InvokeDeferredCallbacks->handle(Object(Illuminate/Http/Request), Object(Closure))
#49 C:/xampp/htdocs/repo-tugas-web-app-website/KerjoSam/vendor/laravel/framework/src/Illuminate/Pipeline/Pipeline.php(127): Illuminate/Pipeline/Pipeline->Illuminate/Pipeline/{closure}(Object(Illuminate/Http/Request))
#50 C:/xampp/htdocs/repo-tugas-web-app-website/KerjoSam/vendor/laravel/framework/src/Illuminate/Foundation/Http/Kernel.php(176): Illuminate/Pipeline/Pipeline->then(Object(Closure))
#51 C:/xampp/htdocs/repo-tugas-web-app-website/KerjoSam/vendor/laravel/framework/src/Illuminate/Foundation/Http/Kernel.php(145): Illuminate/Foundation/Http/Kernel->sendRequestThroughRouter(Object(Illuminate/Http/Request))
#52 C:/xampp/htdocs/repo-tugas-web-app-website/KerjoSam/vendor/laravel/framework/src/Illuminate/Foundation/Application.php(1220): Illuminate/Foundation/Http/Kernel->handle(Object(Illuminate/Http/Request))
#53 C:/xampp/htdocs/repo-tugas-web-app-website/KerjoSam/public/index.php(17): Illuminate/Foundation/Application->handleRequest(Object(Illuminate/Http/Request))
#54 C:/xampp/htdocs/repo-tugas-web-app-website/KerjoSam/vendor/laravel/framework/src/Illuminate/Foundation/resources/server.php(23): require_once('C://xampp//htdocs...')
#55 {main}

[previous exception] [object] (Symfony\\Component\\Routing\\Exception\\RouteNotFoundException(code: 0): Route [job.index] not defined. at C:/xampp/htdocs/repo-tugas-web-app-website/KerjoSam/vendor/laravel/framework/src/Illuminate/Routing/UrlGenerator.php:517)
[stacktrace]
#0 C:/xampp/htdocs/repo-tugas-web-app-website/KerjoSam/vendor/laravel/framework/src/Illuminate/Foundation/helpers.php(853): Illuminate/Routing/UrlGenerator->route('job.index', Array, true)
#1 C:/xampp/htdocs/repo-tugas-web-app-website/KerjoSam/storage/framework/views/94e329dfda579a0df0d593cd4dcb409a.php(36): route('job.index')
#2 C:/xampp/htdocs/repo-tugas-web-app-website/KerjoSam/vendor/laravel/framework/src/Illuminate/Filesystem/Filesystem.php(123): require('C://xampp//htdocs...')
#3 C:/xampp/htdocs/repo-tugas-web-app-website/KerjoSam/vendor/laravel/framework/src/Illuminate/Filesystem/Filesystem.php(124): Illuminate/Filesystem/Filesystem::Illuminate/Filesystem/{closure}()
#4 C:/xampp/htdocs/repo-tugas-web-app-website/KerjoSam/vendor/laravel/framework/src/Illuminate/View/Engines/PhpEngine.php(58): Illuminate/Filesystem/Filesystem->getRequire('C://xampp//htdocs...', Array)
#5 C:/xampp/htdocs/repo-tugas-web-app-website/KerjoSam/vendor/laravel/framework/src/Illuminate/View/Engines/CompilerEngine.php(75): Illuminate/View/Engines/PhpEngine->evaluatePath('C://xampp//htdocs...', Array)
#6 C:/xampp/htdocs/repo-tugas-web-app-website/KerjoSam/vendor/laravel/framework/src/Illuminate/View/View.php(209): Illuminate/View/Engines/CompilerEngine->get('C://xampp//htdocs...', Array)
#7 C:/xampp/htdocs/repo-tugas-web-app-website/KerjoSam/vendor/laravel/framework/src/Illuminate/View/View.php(192): Illuminate/View/View->getContents()
#8 C:/xampp/htdocs/repo-tugas-web-app-website/KerjoSam/vendor/laravel/framework/src/Illuminate/View/View.php(161): Illuminate/View/View->renderContents()
#9 C:/xampp/htdocs/repo-tugas-web-app-website/KerjoSam/vendor/laravel/framework/src/Illuminate/Http/Response.php(79): Illuminate/View/View->render()
#10 C:/xampp/htdocs/repo-tugas-web-app-website/KerjoSam/vendor/laravel/framework/src/Illuminate/Http/Response.php(35): Illuminate/Http/Response->setContent(Object(Illuminate/View/View))
#11 C:/xampp/htdocs/repo-tugas-web-app-website/KerjoSam/vendor/laravel/framework/src/Illuminate/Routing/Router.php(920): Illuminate/Http/Response->__construct(Object(Illuminate/View/View), 200, Array)
#12 C:/xampp/htdocs/repo-tugas-web-app-website/KerjoSam/vendor/laravel/framework/src/Illuminate/Routing/Router.php(887): Illuminate/Routing/Router::toResponse(Object(Illuminate/Http/Request), Object(Illuminate/View/View))
#13 C:/xampp/htdocs/repo-tugas-web-app-website/KerjoSam/vendor/laravel/framework/src/Illuminate/Routing/Router.php(807): Illuminate/Routing/Router->prepareResponse(Object(Illuminate/Http/Request), Object(Illuminate/View/View))
#14 C:/xampp/htdocs/repo-tugas-web-app-website/KerjoSam/vendor/laravel/framework/src/Illuminate/Pipeline/Pipeline.php(170): Illuminate/Routing/Router->Illuminate/Routing/{closure}(Object(Illuminate/Http/Request))
#15 C:/xampp/htdocs/repo-tugas-web-app-website/KerjoSam/vendor/laravel/framework/src/Illuminate/Routing/Middleware/SubstituteBindings.php(51): Illuminate/Pipeline/Pipeline->Illuminate/Pipeline/{closure}(Object(Illuminate/Http/Request))
#16 C:/xampp/htdocs/repo-tugas-web-app-website/KerjoSam/vendor/laravel/framework/src/Illuminate/Pipeline/Pipeline.php(209): Illuminate/Routing/Middleware/SubstituteBindings->handle(Object(Illuminate/Http/Request), Object(Closure))
#17 C:/xampp/htdocs/repo-tugas-web-app-website/KerjoSam/vendor/laravel/framework/src/Illuminate/Auth/Middleware/Authenticate.php(64): Illuminate/Pipeline/Pipeline->Illuminate/Pipeline/{closure}(Object(Illuminate/Http/Request))
#18 C:/xampp/htdocs/repo-tugas-web-app-website/KerjoSam/vendor/laravel/framework/src/Illuminate/Pipeline/Pipeline.php(209): Illuminate/Auth/Middleware/Authenticate->handle(Object(Illuminate/Http/Request), Object(Closure))
#19 C:/xampp/htdocs/repo-tugas-web-app-website/KerjoSam/vendor/laravel/framework/src/Illuminate/Foundation/Http/Middleware/VerifyCsrfToken.php(88): Illuminate/Pipeline/Pipeline->Illuminate/Pipeline/{closure}(Object(Illuminate/Http/Request))
#20 C:/xampp/htdocs/repo-tugas-web-app-website/KerjoSam/vendor/laravel/framework/src/Illuminate/Pipeline/Pipeline.php(209): Illuminate/Foundation/Http/Middleware/VerifyCsrfToken->handle(Object(Illuminate/Http/Request), Object(Closure))
#21 C:/xampp/htdocs/repo-tugas-web-app-website/KerjoSam/vendor/laravel/framework/src/Illuminate/View/Middleware/ShareErrorsFromSession.php(49): Illuminate/Pipeline/Pipeline->Illuminate/Pipeline/{closure}(Object(Illuminate/Http/Request))
#22 C:/xampp/htdocs/repo-tugas-web-app-website/KerjoSam/vendor/laravel/framework/src/Illuminate/Pipeline/Pipeline.php(209): Illuminate/View/Middleware/ShareErrorsFromSession->handle(Object(Illuminate/Http/Request), Object(Closure))
#23 C:/xampp/htdocs/repo-tugas-web-app-website/KerjoSam/vendor/laravel/framework/src/Illuminate/Session/Middleware/StartSession.php(121): Illuminate/Pipeline/Pipeline->Illuminate/Pipeline/{closure}(Object(Illuminate/Http/Request))
#24 C:/xampp/htdocs/repo-tugas-web-app-website/KerjoSam/vendor/laravel/framework/src/Illuminate/Session/Middleware/StartSession.php(64): Illuminate/Session/Middleware/StartSession->handleStatefulRequest(Object(Illuminate/Http/Request), Object(Illuminate/Session/Store), Object(Closure))
#25 C:/xampp/htdocs/repo-tugas-web-app-website/KerjoSam/vendor/laravel/framework/src/Illuminate/Pipeline/Pipeline.php(209): Illuminate/Session/Middleware/StartSession->handle(Object(Illuminate/Http/Request), Object(Closure))
#26 C:/xampp/htdocs/repo-tugas-web-app-website/KerjoSam/vendor/laravel/framework/src/Illuminate/Cookie/Middleware/AddQueuedCookiesToResponse.php(37): Illuminate/Pipeline/Pipeline->Illuminate/Pipeline/{closure}(Object(Illuminate/Http/Request))
#27 C:/xampp/htdocs/repo-tugas-web-app-website/KerjoSam/vendor/laravel/framework/src/Illuminate/Pipeline/Pipeline.php(209): Illuminate/Cookie/Middleware/AddQueuedCookiesToResponse->handle(Object(Illuminate/Http/Request), Object(Closure))
#28 C:/xampp/htdocs/repo-tugas-web-app-website/KerjoSam/vendor/laravel/framework/src/Illuminate/Cookie/Middleware/EncryptCookies.php(75): Illuminate/Pipeline/Pipeline->Illuminate/Pipeline/{closure}(Object(Illuminate/Http/Request))
#29 C:/xampp/htdocs/repo-tugas-web-app-website/KerjoSam/vendor/laravel/framework/src/Illuminate/Pipeline/Pipeline.php(209): Illuminate/Cookie/Middleware/EncryptCookies->handle(Object(Illuminate/Http/Request), Object(Closure))
#30 C:/xampp/htdocs/repo-tugas-web-app-website/KerjoSam/vendor/laravel/framework/src/Illuminate/Pipeline/Pipeline.php(127): Illuminate/Pipeline/Pipeline->Illuminate/Pipeline/{closure}(Object(Illuminate/Http/Request))
#31 C:/xampp/htdocs/repo-tugas-web-app-website/KerjoSam/vendor/laravel/framework/src/Illuminate/Routing/Router.php(807): Illuminate/Pipeline/Pipeline->then(Object(Closure))
#32 C:/xampp/htdocs/repo-tugas-web-app-website/KerjoSam/vendor/laravel/framework/src/Illuminate/Routing/Router.php(786): Illuminate/Routing/Router->runRouteWithinStack(Object(Illuminate/Routing/Route), Object(Illuminate/Http/Request))
#33 C:/xampp/htdocs/repo-tugas-web-app-website/KerjoSam/vendor/laravel/framework/src/Illuminate/Routing/Router.php(750): Illuminate/Routing/Router->runRoute(Object(Illuminate/Http/Request), Object(Illuminate/Routing/Route))
#34 C:/xampp/htdocs/repo-tugas-web-app-website/KerjoSam/vendor/laravel/framework/src/Illuminate/Routing/Router.php(739): Illuminate/Routing/Router->dispatchToRoute(Object(Illuminate/Http/Request))
#35 C:/xampp/htdocs/repo-tugas-web-app-website/KerjoSam/vendor/laravel/framework/src/Illuminate/Foundation/Http/Kernel.php(201): Illuminate/Routing/Router->dispatch(Object(Illuminate/Http/Request))
#36 C:/xampp/htdocs/repo-tugas-web-app-website/KerjoSam/vendor/laravel/framework/src/Illuminate/Pipeline/Pipeline.php(170): Illuminate/Foundation/Http/Kernel->Illuminate/Foundation/Http/{closure}(Object(Illuminate/Http/Request))
#37 C:/xampp/htdocs/repo-tugas-web-app-website/KerjoSam/vendor/laravel/framework/src/Illuminate/Foundation/Http/Middleware/TransformsRequest.php(21): Illuminate/Pipeline/Pipeline->Illuminate/Pipeline/{closure}(Object(Illuminate/Http/Request))
#38 C:/xampp/htdocs/repo-tugas-web-app-website/KerjoSam/vendor/laravel/framework/src/Illuminate/Foundation/Http/Middleware/ConvertEmptyStringsToNull.php(31): Illuminate/Foundation/Http/Middleware/TransformsRequest->handle(Object(Illuminate/Http/Request), Object(Closure))
#39 C:/xampp/htdocs/repo-tugas-web-app-website/KerjoSam/vendor/laravel/framework/src/Illuminate/Pipeline/Pipeline.php(209): Illuminate/Foundation/Http/Middleware/ConvertEmptyStringsToNull->handle(Object(Illuminate/Http/Request), Object(Closure))
#40 C:/xampp/htdocs/repo-tugas-web-app-website/KerjoSam/vendor/laravel/framework/src/Illuminate/Foundation/Http/Middleware/TransformsRequest.php(21): Illuminate/Pipeline/Pipeline->Illuminate/Pipeline/{closure}(Object(Illuminate/Http/Request))
#41 C:/xampp/htdocs/repo-tugas-web-app-website/KerjoSam/vendor/laravel/framework/src/Illuminate/Foundation/Http/Middleware/TrimStrings.php(51): Illuminate/Foundation/Http/Middleware/TransformsRequest->handle(Object(Illuminate/Http/Request), Object(Closure))
#42 C:/xampp/htdocs/repo-tugas-web-app-website/KerjoSam/vendor/laravel/framework/src/Illuminate/Pipeline/Pipeline.php(209): Illuminate/Foundation/Http/Middleware/TrimStrings->handle(Object(Illuminate/Http/Request), Object(Closure))
#43 C:/xampp/htdocs/repo-tugas-web-app-website/KerjoSam/vendor/laravel/framework/src/Illuminate/Http/Middleware/ValidatePostSize.php(27): Illuminate/Pipeline/Pipeline->Illuminate/Pipeline/{closure}(Object(Illuminate/Http/Request))
#44 C:/xampp/htdocs/repo-tugas-web-app-website/KerjoSam/vendor/laravel/framework/src/Illuminate/Pipeline/Pipeline.php(209): Illuminate/Http/Middleware/ValidatePostSize->handle(Object(Illuminate/Http/Request), Object(Closure))
#45 C:/xampp/htdocs/repo-tugas-web-app-website/KerjoSam/vendor/laravel/framework/src/Illuminate/Foundation/Http/Middleware/PreventRequestsDuringMaintenance.php(110): Illuminate/Pipeline/Pipeline->Illuminate/Pipeline/{closure}(Object(Illuminate/Http/Request))
#46 C:/xampp/htdocs/repo-tugas-web-app-website/KerjoSam/vendor/laravel/framework/src/Illuminate/Pipeline/Pipeline.php(209): Illuminate/Foundation/Http/Middleware/PreventRequestsDuringMaintenance->handle(Object(Illuminate/Http/Request), Object(Closure))
#47 C:/xampp/htdocs/repo-tugas-web-app-website/KerjoSam/vendor/laravel/framework/src/Illuminate/Http/Middleware/HandleCors.php(49): Illuminate/Pipeline/Pipeline->Illuminate/Pipeline/{closure}(Object(Illuminate/Http/Request))
#48 C:/xampp/htdocs/repo-tugas-web-app-website/KerjoSam/vendor/laravel/framework/src/Illuminate/Pipeline/Pipeline.php(209): Illuminate/Http/Middleware/HandleCors->handle(Object(Illuminate/Http/Request), Object(Closure))
#49 C:/xampp/htdocs/repo-tugas-web-app-website/KerjoSam/vendor/laravel/framework/src/Illuminate/Http/Middleware/TrustProxies.php(58): Illuminate/Pipeline/Pipeline->Illuminate/Pipeline/{closure}(Object(Illuminate/Http/Request))
#50 C:/xampp/htdocs/repo-tugas-web-app-website/KerjoSam/vendor/laravel/framework/src/Illuminate/Pipeline/Pipeline.php(209): Illuminate/Http/Middleware/TrustProxies->handle(Object(Illuminate/Http/Request), Object(Closure))
#51 C:/xampp/htdocs/repo-tugas-web-app-website/KerjoSam/vendor/laravel/framework/src/Illuminate/Foundation/Http/Middleware/InvokeDeferredCallbacks.php(22): Illuminate/Pipeline/Pipeline->Illuminate/Pipeline/{closure}(Object(Illuminate/Http/Request))
#52 C:/xampp/htdocs/repo-tugas-web-app-website/KerjoSam/vendor/laravel/framework/src/Illuminate/Pipeline/Pipeline.php(209): Illuminate/Foundation/Http/Middleware/InvokeDeferredCallbacks->handle(Object(Illuminate/Http/Request), Object(Closure))
#53 C:/xampp/htdocs/repo-tugas-web-app-website/KerjoSam/vendor/laravel/framework/src/Illuminate/Pipeline/Pipeline.php(127): Illuminate/Pipeline/Pipeline->Illuminate/Pipeline/{closure}(Object(Illuminate/Http/Request))
#54 C:/xampp/htdocs/repo-tugas-web-app-website/KerjoSam/vendor/laravel/framework/src/Illuminate/Foundation/Http/Kernel.php(176): Illuminate/Pipeline/Pipeline->then(Object(Closure))
#55 C:/xampp/htdocs/repo-tugas-web-app-website/KerjoSam/vendor/laravel/framework/src/Illuminate/Foundation/Http/Kernel.php(145): Illuminate/Foundation/Http/Kernel->sendRequestThroughRouter(Object(Illuminate/Http/Request))
#56 C:/xampp/htdocs/repo-tugas-web-app-website/KerjoSam/vendor/laravel/framework/src/Illuminate/Foundation/Application.php(1220): Illuminate/Foundation/Http/Kernel->handle(Object(Illuminate/Http/Request))
#57 C:/xampp/htdocs/repo-tugas-web-app-website/KerjoSam/public/index.php(17): Illuminate/Foundation/Application->handleRequest(Object(Illuminate/Http/Request))
#58 C:/xampp/htdocs/repo-tugas-web-app-website/KerjoSam/vendor/laravel/framework/src/Illuminate/Foundation/resources/server.php(23): require_once('C://xampp//htdocs...')
#59 {main}
"} 
[2026-01-19 01:51:54] local.ERROR: Route [job.index] not defined. (View: C:\xampp\htdocs\repo-tugas-web-app-website\KerjoSam\resources\views\buat-pekerjaan.blade.php) {"userId":4,"exception":"[object] (Illuminate\\View\\ViewException(code: 0): Route [job.index] not defined. (View: C:\\xampp\\htdocs\\repo-tugas-web-app-website\\KerjoSam\\resources\\views\\buat-pekerjaan.blade.php) at C:/xampp/htdocs/repo-tugas-web-app-website/KerjoSam/vendor/laravel/framework/src/Illuminate/Routing/UrlGenerator.php:517)
[stacktrace]
#0 C:/xampp/htdocs/repo-tugas-web-app-website/KerjoSam/vendor/laravel/framework/src/Illuminate/View/Engines/PhpEngine.php(60): Illuminate/View/Engines/CompilerEngine->handleViewException(Object(Symfony/Component/Routing/Exception/RouteNotFoundException), 1)
#1 C:/xampp/htdocs/repo-tugas-web-app-website/KerjoSam/vendor/laravel/framework/src/Illuminate/View/Engines/CompilerEngine.php(75): Illuminate/View/Engines/PhpEngine->evaluatePath('C://xampp//htdocs...', Array)
#2 C:/xampp/htdocs/repo-tugas-web-app-website/KerjoSam/vendor/laravel/framework/src/Illuminate/View/View.php(209): Illuminate/View/Engines/CompilerEngine->get('C://xampp//htdocs...', Array)
#3 C:/xampp/htdocs/repo-tugas-web-app-website/KerjoSam/vendor/laravel/framework/src/Illuminate/View/View.php(192): Illuminate/View/View->getContents()
#4 C:/xampp/htdocs/repo-tugas-web-app-website/KerjoSam/vendor/laravel/framework/src/Illuminate/View/View.php(161): Illuminate/View/View->renderContents()
#5 C:/xampp/htdocs/repo-tugas-web-app-website/KerjoSam/vendor/laravel/framework/src/Illuminate/Http/Response.php(79): Illuminate/View/View->render()
#6 C:/xampp/htdocs/repo-tugas-web-app-website/KerjoSam/vendor/laravel/framework/src/Illuminate/Http/Response.php(35): Illuminate/Http/Response->setContent(Object(Illuminate/View/View))
#7 C:/xampp/htdocs/repo-tugas-web-app-website/KerjoSam/vendor/laravel/framework/src/Illuminate/Routing/Router.php(920): Illuminate/Http/Response->__construct(Object(Illuminate/View/View), 200, Array)
#8 C:/xampp/htdocs/repo-tugas-web-app-website/KerjoSam/vendor/laravel/framework/src/Illuminate/Routing/Router.php(887): Illuminate/Routing/Router::toResponse(Object(Illuminate/Http/Request), Object(Illuminate/View/View))
#9 C:/xampp/htdocs/repo-tugas-web-app-website/KerjoSam/vendor/laravel/framework/src/Illuminate/Routing/Router.php(807): Illuminate/Routing/Router->prepareResponse(Object(Illuminate/Http/Request), Object(Illuminate/View/View))
#10 C:/xampp/htdocs/repo-tugas-web-app-website/KerjoSam/vendor/laravel/framework/src/Illuminate/Pipeline/Pipeline.php(170): Illuminate/Routing/Router->Illuminate/Routing/{closure}(Object(Illuminate/Http/Request))
#11 C:/xampp/htdocs/repo-tugas-web-app-website/KerjoSam/vendor/laravel/framework/src/Illuminate/Routing/Middleware/SubstituteBindings.php(51): Illuminate/Pipeline/Pipeline->Illuminate/Pipeline/{closure}(Object(Illuminate/Http/Request))
#12 C:/xampp/htdocs/repo-tugas-web-app-website/KerjoSam/vendor/laravel/framework/src/Illuminate/Pipeline/Pipeline.php(209): Illuminate/Routing/Middleware/SubstituteBindings->handle(Object(Illuminate/Http/Request), Object(Closure))
#13 C:/xampp/htdocs/repo-tugas-web-app-website/KerjoSam/vendor/laravel/framework/src/Illuminate/Auth/Middleware/Authenticate.php(64): Illuminate/Pipeline/Pipeline->Illuminate/Pipeline/{closure}(Object(Illuminate/Http/Request))
#14 C:/xampp/htdocs/repo-tugas-web-app-website/KerjoSam/vendor/laravel/framework/src/Illuminate/Pipeline/Pipeline.php(209): Illuminate/Auth/Middleware/Authenticate->handle(Object(Illuminate/Http/Request), Object(Closure))
#15 C:/xampp/htdocs/repo-tugas-web-app-website/KerjoSam/vendor/laravel/framework/src/Illuminate/Foundation/Http/Middleware/VerifyCsrfToken.php(88): Illuminate/Pipeline/Pipeline->Illuminate/Pipeline/{closure}(Object(Illuminate/Http/Request))
#16 C:/xampp/htdocs/repo-tugas-web-app-website/KerjoSam/vendor/laravel/framework/src/Illuminate/Pipeline/Pipeline.php(209): Illuminate/Foundation/Http/Middleware/VerifyCsrfToken->handle(Object(Illuminate/Http/Request), Object(Closure))
#17 C:/xampp/htdocs/repo-tugas-web-app-website/KerjoSam/vendor/laravel/framework/src/Illuminate/View/Middleware/ShareErrorsFromSession.php(49): Illuminate/Pipeline/Pipeline->Illuminate/Pipeline/{closure}(Object(Illuminate/Http/Request))
#18 C:/xampp/htdocs/repo-tugas-web-app-website/KerjoSam/vendor/laravel/framework/src/Illuminate/Pipeline/Pipeline.php(209): Illuminate/View/Middleware/ShareErrorsFromSession->handle(Object(Illuminate/Http/Request), Object(Closure))
#19 C:/xampp/htdocs/repo-tugas-web-app-website/KerjoSam/vendor/laravel/framework/src/Illuminate/Session/Middleware/StartSession.php(121): Illuminate/Pipeline/Pipeline->Illuminate/Pipeline/{closure}(Object(Illuminate/Http/Request))
#20 C:/xampp/htdocs/repo-tugas-web-app-website/KerjoSam/vendor/laravel/framework/src/Illuminate/Session/Middleware/StartSession.php(64): Illuminate/Session/Middleware/StartSession->handleStatefulRequest(Object(Illuminate/Http/Request), Object(Illuminate/Session/Store), Object(Closure))
#21 C:/xampp/htdocs/repo-tugas-web-app-website/KerjoSam/vendor/laravel/framework/src/Illuminate/Pipeline/Pipeline.php(209): Illuminate/Session/Middleware/StartSession->handle(Object(Illuminate/Http/Request), Object(Closure))
#22 C:/xampp/htdocs/repo-tugas-web-app-website/KerjoSam/vendor/laravel/framework/src/Illuminate/Cookie/Middleware/AddQueuedCookiesToResponse.php(37): Illuminate/Pipeline/Pipeline->Illuminate/Pipeline/{closure}(Object(Illuminate/Http/Request))
#23 C:/xampp/htdocs/repo-tugas-web-app-website/KerjoSam/vendor/laravel/framework/src/Illuminate/Pipeline/Pipeline.php(209): Illuminate/Cookie/Middleware/AddQueuedCookiesToResponse->handle(Object(Illuminate/Http/Request), Object(Closure))
#24 C:/xampp/htdocs/repo-tugas-web-app-website/KerjoSam/vendor/laravel/framework/src/Illuminate/Cookie/Middleware/EncryptCookies.php(75): Illuminate/Pipeline/Pipeline->Illuminate/Pipeline/{closure}(Object(Illuminate/Http/Request))
#25 C:/xampp/htdocs/repo-tugas-web-app-website/KerjoSam/vendor/laravel/framework/src/Illuminate/Pipeline/Pipeline.php(209): Illuminate/Cookie/Middleware/EncryptCookies->handle(Object(Illuminate/Http/Request), Object(Closure))
#26 C:/xampp/htdocs/repo-tugas-web-app-website/KerjoSam/vendor/laravel/framework/src/Illuminate/Pipeline/Pipeline.php(127): Illuminate/Pipeline/Pipeline->Illuminate/Pipeline/{closure}(Object(Illuminate/Http/Request))
#27 C:/xampp/htdocs/repo-tugas-web-app-website/KerjoSam/vendor/laravel/framework/src/Illuminate/Routing/Router.php(807): Illuminate/Pipeline/Pipeline->then(Object(Closure))
#28 C:/xampp/htdocs/repo-tugas-web-app-website/KerjoSam/vendor/laravel/framework/src/Illuminate/Routing/Router.php(786): Illuminate/Routing/Router->runRouteWithinStack(Object(Illuminate/Routing/Route), Object(Illuminate/Http/Request))
#29 C:/xampp/htdocs/repo-tugas-web-app-website/KerjoSam/vendor/laravel/framework/src/Illuminate/Routing/Router.php(750): Illuminate/Routing/Router->runRoute(Object(Illuminate/Http/Request), Object(Illuminate/Routing/Route))
#30 C:/xampp/htdocs/repo-tugas-web-app-website/KerjoSam/vendor/laravel/framework/src/Illuminate/Routing/Router.php(739): Illuminate/Routing/Router->dispatchToRoute(Object(Illuminate/Http/Request))
#31 C:/xampp/htdocs/repo-tugas-web-app-website/KerjoSam/vendor/laravel/framework/src/Illuminate/Foundation/Http/Kernel.php(201): Illuminate/Routing/Router->dispatch(Object(Illuminate/Http/Request))
#32 C:/xampp/htdocs/repo-tugas-web-app-website/KerjoSam/vendor/laravel/framework/src/Illuminate/Pipeline/Pipeline.php(170): Illuminate/Foundation/Http/Kernel->Illuminate/Foundation/Http/{closure}(Object(Illuminate/Http/Request))
#33 C:/xampp/htdocs/repo-tugas-web-app-website/KerjoSam/vendor/laravel/framework/src/Illuminate/Foundation/Http/Middleware/TransformsRequest.php(21): Illuminate/Pipeline/Pipeline->Illuminate/Pipeline/{closure}(Object(Illuminate/Http/Request))
#34 C:/xampp/htdocs/repo-tugas-web-app-website/KerjoSam/vendor/laravel/framework/src/Illuminate/Foundation/Http/Middleware/ConvertEmptyStringsToNull.php(31): Illuminate/Foundation/Http/Middleware/TransformsRequest->handle(Object(Illuminate/Http/Request), Object(Closure))
#35 C:/xampp/htdocs/repo-tugas-web-app-website/KerjoSam/vendor/laravel/framework/src/Illuminate/Pipeline/Pipeline.php(209): Illuminate/Foundation/Http/Middleware/ConvertEmptyStringsToNull->handle(Object(Illuminate/Http/Request), Object(Closure))
#36 C:/xampp/htdocs/repo-tugas-web-app-website/KerjoSam/vendor/laravel/framework/src/Illuminate/Foundation/Http/Middleware/TransformsRequest.php(21): Illuminate/Pipeline/Pipeline->Illuminate/Pipeline/{closure}(Object(Illuminate/Http/Request))
#37 C:/xampp/htdocs/repo-tugas-web-app-website/KerjoSam/vendor/laravel/framework/src/Illuminate/Foundation/Http/Middleware/TrimStrings.php(51): Illuminate/Foundation/Http/Middleware/TransformsRequest->handle(Object(Illuminate/Http/Request), Object(Closure))
#38 C:/xampp/htdocs/repo-tugas-web-app-website/KerjoSam/vendor/laravel/framework/src/Illuminate/Pipeline/Pipeline.php(209): Illuminate/Foundation/Http/Middleware/TrimStrings->handle(Object(Illuminate/Http/Request), Object(Closure))
#39 C:/xampp/htdocs/repo-tugas-web-app-website/KerjoSam/vendor/laravel/framework/src/Illuminate/Http/Middleware/ValidatePostSize.php(27): Illuminate/Pipeline/Pipeline->Illuminate/Pipeline/{closure}(Object(Illuminate/Http/Request))
#40 C:/xampp/htdocs/repo-tugas-web-app-website/KerjoSam/vendor/laravel/framework/src/Illuminate/Pipeline/Pipeline.php(209): Illuminate/Http/Middleware/ValidatePostSize->handle(Object(Illuminate/Http/Request), Object(Closure))
#41 C:/xampp/htdocs/repo-tugas-web-app-website/KerjoSam/vendor/laravel/framework/src/Illuminate/Foundation/Http/Middleware/PreventRequestsDuringMaintenance.php(110): Illuminate/Pipeline/Pipeline->Illuminate/Pipeline/{closure}(Object(Illuminate/Http/Request))
#42 C:/xampp/htdocs/repo-tugas-web-app-website/KerjoSam/vendor/laravel/framework/src/Illuminate/Pipeline/Pipeline.php(209): Illuminate/Foundation/Http/Middleware/PreventRequestsDuringMaintenance->handle(Object(Illuminate/Http/Request), Object(Closure))
#43 C:/xampp/htdocs/repo-tugas-web-app-website/KerjoSam/vendor/laravel/framework/src/Illuminate/Http/Middleware/HandleCors.php(49): Illuminate/Pipeline/Pipeline->Illuminate/Pipeline/{closure}(Object(Illuminate/Http/Request))
#44 C:/xampp/htdocs/repo-tugas-web-app-website/KerjoSam/vendor/laravel/framework/src/Illuminate/Pipeline/Pipeline.php(209): Illuminate/Http/Middleware/HandleCors->handle(Object(Illuminate/Http/Request), Object(Closure))
#45 C:/xampp/htdocs/repo-tugas-web-app-website/KerjoSam/vendor/laravel/framework/src/Illuminate/Http/Middleware/TrustProxies.php(58): Illuminate/Pipeline/Pipeline->Illuminate/Pipeline/{closure}(Object(Illuminate/Http/Request))
#46 C:/xampp/htdocs/repo-tugas-web-app-website/KerjoSam/vendor/laravel/framework/src/Illuminate/Pipeline/Pipeline.php(209): Illuminate/Http/Middleware/TrustProxies->handle(Object(Illuminate/Http/Request), Object(Closure))
#47 C:/xampp/htdocs/repo-tugas-web-app-website/KerjoSam/vendor/laravel/framework/src/Illuminate/Foundation/Http/Middleware/InvokeDeferredCallbacks.php(22): Illuminate/Pipeline/Pipeline->Illuminate/Pipeline/{closure}(Object(Illuminate/Http/Request))
#48 C:/xampp/htdocs/repo-tugas-web-app-website/KerjoSam/vendor/laravel/framework/src/Illuminate/Pipeline/Pipeline.php(209): Illuminate/Foundation/Http/Middleware/InvokeDeferredCallbacks->handle(Object(Illuminate/Http/Request), Object(Closure))
#49 C:/xampp/htdocs/repo-tugas-web-app-website/KerjoSam/vendor/laravel/framework/src/Illuminate/Pipeline/Pipeline.php(127): Illuminate/Pipeline/Pipeline->Illuminate/Pipeline/{closure}(Object(Illuminate/Http/Request))
#50 C:/xampp/htdocs/repo-tugas-web-app-website/KerjoSam/vendor/laravel/framework/src/Illuminate/Foundation/Http/Kernel.php(176): Illuminate/Pipeline/Pipeline->then(Object(Closure))
#51 C:/xampp/htdocs/repo-tugas-web-app-website/KerjoSam/vendor/laravel/framework/src/Illuminate/Foundation/Http/Kernel.php(145): Illuminate/Foundation/Http/Kernel->sendRequestThroughRouter(Object(Illuminate/Http/Request))
#52 C:/xampp/htdocs/repo-tugas-web-app-website/KerjoSam/vendor/laravel/framework/src/Illuminate/Foundation/Application.php(1220): Illuminate/Foundation/Http/Kernel->handle(Object(Illuminate/Http/Request))
#53 C:/xampp/htdocs/repo-tugas-web-app-website/KerjoSam/public/index.php(17): Illuminate/Foundation/Application->handleRequest(Object(Illuminate/Http/Request))
#54 C:/xampp/htdocs/repo-tugas-web-app-website/KerjoSam/vendor/laravel/framework/src/Illuminate/Foundation/resources/server.php(23): require_once('C://xampp//htdocs...')
#55 {main}

[previous exception] [object] (Symfony\\Component\\Routing\\Exception\\RouteNotFoundException(code: 0): Route [job.index] not defined. at C:/xampp/htdocs/repo-tugas-web-app-website/KerjoSam/vendor/laravel/framework/src/Illuminate/Routing/UrlGenerator.php:517)
[stacktrace]
#0 C:/xampp/htdocs/repo-tugas-web-app-website/KerjoSam/vendor/laravel/framework/src/Illuminate/Foundation/helpers.php(853): Illuminate/Routing/UrlGenerator->route('job.index', Array, true)
#1 C:/xampp/htdocs/repo-tugas-web-app-website/KerjoSam/storage/framework/views/94e329dfda579a0df0d593cd4dcb409a.php(36): route('job.index')
#2 C:/xampp/htdocs/repo-tugas-web-app-website/KerjoSam/vendor/laravel/framework/src/Illuminate/Filesystem/Filesystem.php(123): require('C://xampp//htdocs...')
#3 C:/xampp/htdocs/repo-tugas-web-app-website/KerjoSam/vendor/laravel/framework/src/Illuminate/Filesystem/Filesystem.php(124): Illuminate/Filesystem/Filesystem::Illuminate/Filesystem/{closure}()
#4 C:/xampp/htdocs/repo-tugas-web-app-website/KerjoSam/vendor/laravel/framework/src/Illuminate/View/Engines/PhpEngine.php(58): Illuminate/Filesystem/Filesystem->getRequire('C://xampp//htdocs...', Array)
#5 C:/xampp/htdocs/repo-tugas-web-app-website/KerjoSam/vendor/laravel/framework/src/Illuminate/View/Engines/CompilerEngine.php(75): Illuminate/View/Engines/PhpEngine->evaluatePath('C://xampp//htdocs...', Array)
#6 C:/xampp/htdocs/repo-tugas-web-app-website/KerjoSam/vendor/laravel/framework/src/Illuminate/View/View.php(209): Illuminate/View/Engines/CompilerEngine->get('C://xampp//htdocs...', Array)
#7 C:/xampp/htdocs/repo-tugas-web-app-website/KerjoSam/vendor/laravel/framework/src/Illuminate/View/View.php(192): Illuminate/View/View->getContents()
#8 C:/xampp/htdocs/repo-tugas-web-app-website/KerjoSam/vendor/laravel/framework/src/Illuminate/View/View.php(161): Illuminate/View/View->renderContents()
#9 C:/xampp/htdocs/repo-tugas-web-app-website/KerjoSam/vendor/laravel/framework/src/Illuminate/Http/Response.php(79): Illuminate/View/View->render()
#10 C:/xampp/htdocs/repo-tugas-web-app-website/KerjoSam/vendor/laravel/framework/src/Illuminate/Http/Response.php(35): Illuminate/Http/Response->setContent(Object(Illuminate/View/View))
#11 C:/xampp/htdocs/repo-tugas-web-app-website/KerjoSam/vendor/laravel/framework/src/Illuminate/Routing/Router.php(920): Illuminate/Http/Response->__construct(Object(Illuminate/View/View), 200, Array)
#12 C:/xampp/htdocs/repo-tugas-web-app-website/KerjoSam/vendor/laravel/framework/src/Illuminate/Routing/Router.php(887): Illuminate/Routing/Router::toResponse(Object(Illuminate/Http/Request), Object(Illuminate/View/View))
#13 C:/xampp/htdocs/repo-tugas-web-app-website/KerjoSam/vendor/laravel/framework/src/Illuminate/Routing/Router.php(807): Illuminate/Routing/Router->prepareResponse(Object(Illuminate/Http/Request), Object(Illuminate/View/View))
#14 C:/xampp/htdocs/repo-tugas-web-app-website/KerjoSam/vendor/laravel/framework/src/Illuminate/Pipeline/Pipeline.php(170): Illuminate/Routing/Router->Illuminate/Routing/{closure}(Object(Illuminate/Http/Request))
#15 C:/xampp/htdocs/repo-tugas-web-app-website/KerjoSam/vendor/laravel/framework/src/Illuminate/Routing/Middleware/SubstituteBindings.php(51): Illuminate/Pipeline/Pipeline->Illuminate/Pipeline/{closure}(Object(Illuminate/Http/Request))
#16 C:/xampp/htdocs/repo-tugas-web-app-website/KerjoSam/vendor/laravel/framework/src/Illuminate/Pipeline/Pipeline.php(209): Illuminate/Routing/Middleware/SubstituteBindings->handle(Object(Illuminate/Http/Request), Object(Closure))
#17 C:/xampp/htdocs/repo-tugas-web-app-website/KerjoSam/vendor/laravel/framework/src/Illuminate/Auth/Middleware/Authenticate.php(64): Illuminate/Pipeline/Pipeline->Illuminate/Pipeline/{closure}(Object(Illuminate/Http/Request))
#18 C:/xampp/htdocs/repo-tugas-web-app-website/KerjoSam/vendor/laravel/framework/src/Illuminate/Pipeline/Pipeline.php(209): Illuminate/Auth/Middleware/Authenticate->handle(Object(Illuminate/Http/Request), Object(Closure))
#19 C:/xampp/htdocs/repo-tugas-web-app-website/KerjoSam/vendor/laravel/framework/src/Illuminate/Foundation/Http/Middleware/VerifyCsrfToken.php(88): Illuminate/Pipeline/Pipeline->Illuminate/Pipeline/{closure}(Object(Illuminate/Http/Request))
#20 C:/xampp/htdocs/repo-tugas-web-app-website/KerjoSam/vendor/laravel/framework/src/Illuminate/Pipeline/Pipeline.php(209): Illuminate/Foundation/Http/Middleware/VerifyCsrfToken->handle(Object(Illuminate/Http/Request), Object(Closure))
#21 C:/xampp/htdocs/repo-tugas-web-app-website/KerjoSam/vendor/laravel/framework/src/Illuminate/View/Middleware/ShareErrorsFromSession.php(49): Illuminate/Pipeline/Pipeline->Illuminate/Pipeline/{closure}(Object(Illuminate/Http/Request))
#22 C:/xampp/htdocs/repo-tugas-web-app-website/KerjoSam/vendor/laravel/framework/src/Illuminate/Pipeline/Pipeline.php(209): Illuminate/View/Middleware/ShareErrorsFromSession->handle(Object(Illuminate/Http/Request), Object(Closure))
#23 C:/xampp/htdocs/repo-tugas-web-app-website/KerjoSam/vendor/laravel/framework/src/Illuminate/Session/Middleware/StartSession.php(121): Illuminate/Pipeline/Pipeline->Illuminate/Pipeline/{closure}(Object(Illuminate/Http/Request))
#24 C:/xampp/htdocs/repo-tugas-web-app-website/KerjoSam/vendor/laravel/framework/src/Illuminate/Session/Middleware/StartSession.php(64): Illuminate/Session/Middleware/StartSession->handleStatefulRequest(Object(Illuminate/Http/Request), Object(Illuminate/Session/Store), Object(Closure))
#25 C:/xampp/htdocs/repo-tugas-web-app-website/KerjoSam/vendor/laravel/framework/src/Illuminate/Pipeline/Pipeline.php(209): Illuminate/Session/Middleware/StartSession->handle(Object(Illuminate/Http/Request), Object(Closure))
#26 C:/xampp/htdocs/repo-tugas-web-app-website/KerjoSam/vendor/laravel/framework/src/Illuminate/Cookie/Middleware/AddQueuedCookiesToResponse.php(37): Illuminate/Pipeline/Pipeline->Illuminate/Pipeline/{closure}(Object(Illuminate/Http/Request))
#27 C:/xampp/htdocs/repo-tugas-web-app-website/KerjoSam/vendor/laravel/framework/src/Illuminate/Pipeline/Pipeline.php(209): Illuminate/Cookie/Middleware/AddQueuedCookiesToResponse->handle(Object(Illuminate/Http/Request), Object(Closure))
#28 C:/xampp/htdocs/repo-tugas-web-app-website/KerjoSam/vendor/laravel/framework/src/Illuminate/Cookie/Middleware/EncryptCookies.php(75): Illuminate/Pipeline/Pipeline->Illuminate/Pipeline/{closure}(Object(Illuminate/Http/Request))
#29 C:/xampp/htdocs/repo-tugas-web-app-website/KerjoSam/vendor/laravel/framework/src/Illuminate/Pipeline/Pipeline.php(209): Illuminate/Cookie/Middleware/EncryptCookies->handle(Object(Illuminate/Http/Request), Object(Closure))
#30 C:/xampp/htdocs/repo-tugas-web-app-website/KerjoSam/vendor/laravel/framework/src/Illuminate/Pipeline/Pipeline.php(127): Illuminate/Pipeline/Pipeline->Illuminate/Pipeline/{closure}(Object(Illuminate/Http/Request))
#31 C:/xampp/htdocs/repo-tugas-web-app-website/KerjoSam/vendor/laravel/framework/src/Illuminate/Routing/Router.php(807): Illuminate/Pipeline/Pipeline->then(Object(Closure))
#32 C:/xampp/htdocs/repo-tugas-web-app-website/KerjoSam/vendor/laravel/framework/src/Illuminate/Routing/Router.php(786): Illuminate/Routing/Router->runRouteWithinStack(Object(Illuminate/Routing/Route), Object(Illuminate/Http/Request))
#33 C:/xampp/htdocs/repo-tugas-web-app-website/KerjoSam/vendor/laravel/framework/src/Illuminate/Routing/Router.php(750): Illuminate/Routing/Router->runRoute(Object(Illuminate/Http/Request), Object(Illuminate/Routing/Route))
#34 C:/xampp/htdocs/repo-tugas-web-app-website/KerjoSam/vendor/laravel/framework/src/Illuminate/Routing/Router.php(739): Illuminate/Routing/Router->dispatchToRoute(Object(Illuminate/Http/Request))
#35 C:/xampp/htdocs/repo-tugas-web-app-website/KerjoSam/vendor/laravel/framework/src/Illuminate/Foundation/Http/Kernel.php(201): Illuminate/Routing/Router->dispatch(Object(Illuminate/Http/Request))
#36 C:/xampp/htdocs/repo-tugas-web-app-website/KerjoSam/vendor/laravel/framework/src/Illuminate/Pipeline/Pipeline.php(170): Illuminate/Foundation/Http/Kernel->Illuminate/Foundation/Http/{closure}(Object(Illuminate/Http/Request))
#37 C:/xampp/htdocs/repo-tugas-web-app-website/KerjoSam/vendor/laravel/framework/src/Illuminate/Foundation/Http/Middleware/TransformsRequest.php(21): Illuminate/Pipeline/Pipeline->Illuminate/Pipeline/{closure}(Object(Illuminate/Http/Request))
#38 C:/xampp/htdocs/repo-tugas-web-app-website/KerjoSam/vendor/laravel/framework/src/Illuminate/Foundation/Http/Middleware/ConvertEmptyStringsToNull.php(31): Illuminate/Foundation/Http/Middleware/TransformsRequest->handle(Object(Illuminate/Http/Request), Object(Closure))
#39 C:/xampp/htdocs/repo-tugas-web-app-website/KerjoSam/vendor/laravel/framework/src/Illuminate/Pipeline/Pipeline.php(209): Illuminate/Foundation/Http/Middleware/ConvertEmptyStringsToNull->handle(Object(Illuminate/Http/Request), Object(Closure))
#40 C:/xampp/htdocs/repo-tugas-web-app-website/KerjoSam/vendor/laravel/framework/src/Illuminate/Foundation/Http/Middleware/TransformsRequest.php(21): Illuminate/Pipeline/Pipeline->Illuminate/Pipeline/{closure}(Object(Illuminate/Http/Request))
#41 C:/xampp/htdocs/repo-tugas-web-app-website/KerjoSam/vendor/laravel/framework/src/Illuminate/Foundation/Http/Middleware/TrimStrings.php(51): Illuminate/Foundation/Http/Middleware/TransformsRequest->handle(Object(Illuminate/Http/Request), Object(Closure))
#42 C:/xampp/htdocs/repo-tugas-web-app-website/KerjoSam/vendor/laravel/framework/src/Illuminate/Pipeline/Pipeline.php(209): Illuminate/Foundation/Http/Middleware/TrimStrings->handle(Object(Illuminate/Http/Request), Object(Closure))
#43 C:/xampp/htdocs/repo-tugas-web-app-website/KerjoSam/vendor/laravel/framework/src/Illuminate/Http/Middleware/ValidatePostSize.php(27): Illuminate/Pipeline/Pipeline->Illuminate/Pipeline/{closure}(Object(Illuminate/Http/Request))
#44 C:/xampp/htdocs/repo-tugas-web-app-website/KerjoSam/vendor/laravel/framework/src/Illuminate/Pipeline/Pipeline.php(209): Illuminate/Http/Middleware/ValidatePostSize->handle(Object(Illuminate/Http/Request), Object(Closure))
#45 C:/xampp/htdocs/repo-tugas-web-app-website/KerjoSam/vendor/laravel/framework/src/Illuminate/Foundation/Http/Middleware/PreventRequestsDuringMaintenance.php(110): Illuminate/Pipeline/Pipeline->Illuminate/Pipeline/{closure}(Object(Illuminate/Http/Request))
#46 C:/xampp/htdocs/repo-tugas-web-app-website/KerjoSam/vendor/laravel/framework/src/Illuminate/Pipeline/Pipeline.php(209): Illuminate/Foundation/Http/Middleware/PreventRequestsDuringMaintenance->handle(Object(Illuminate/Http/Request), Object(Closure))
#47 C:/xampp/htdocs/repo-tugas-web-app-website/KerjoSam/vendor/laravel/framework/src/Illuminate/Http/Middleware/HandleCors.php(49): Illuminate/Pipeline/Pipeline->Illuminate/Pipeline/{closure}(Object(Illuminate/Http/Request))
#48 C:/xampp/htdocs/repo-tugas-web-app-website/KerjoSam/vendor/laravel/framework/src/Illuminate/Pipeline/Pipeline.php(209): Illuminate/Http/Middleware/HandleCors->handle(Object(Illuminate/Http/Request), Object(Closure))
#49 C:/xampp/htdocs/repo-tugas-web-app-website/KerjoSam/vendor/laravel/framework/src/Illuminate/Http/Middleware/TrustProxies.php(58): Illuminate/Pipeline/Pipeline->Illuminate/Pipeline/{closure}(Object(Illuminate/Http/Request))
#50 C:/xampp/htdocs/repo-tugas-web-app-website/KerjoSam/vendor/laravel/framework/src/Illuminate/Pipeline/Pipeline.php(209): Illuminate/Http/Middleware/TrustProxies->handle(Object(Illuminate/Http/Request), Object(Closure))
#51 C:/xampp/htdocs/repo-tugas-web-app-website/KerjoSam/vendor/laravel/framework/src/Illuminate/Foundation/Http/Middleware/InvokeDeferredCallbacks.php(22): Illuminate/Pipeline/Pipeline->Illuminate/Pipeline/{closure}(Object(Illuminate/Http/Request))
#52 C:/xampp/htdocs/repo-tugas-web-app-website/KerjoSam/vendor/laravel/framework/src/Illuminate/Pipeline/Pipeline.php(209): Illuminate/Foundation/Http/Middleware/InvokeDeferredCallbacks->handle(Object(Illuminate/Http/Request), Object(Closure))
#53 C:/xampp/htdocs/repo-tugas-web-app-website/KerjoSam/vendor/laravel/framework/src/Illuminate/Pipeline/Pipeline.php(127): Illuminate/Pipeline/Pipeline->Illuminate/Pipeline/{closure}(Object(Illuminate/Http/Request))
#54 C:/xampp/htdocs/repo-tugas-web-app-website/KerjoSam/vendor/laravel/framework/src/Illuminate/Foundation/Http/Kernel.php(176): Illuminate/Pipeline/Pipeline->then(Object(Closure))
#55 C:/xampp/htdocs/repo-tugas-web-app-website/KerjoSam/vendor/laravel/framework/src/Illuminate/Foundation/Http/Kernel.php(145): Illuminate/Foundation/Http/Kernel->sendRequestThroughRouter(Object(Illuminate/Http/Request))
#56 C:/xampp/htdocs/repo-tugas-web-app-website/KerjoSam/vendor/laravel/framework/src/Illuminate/Foundation/Application.php(1220): Illuminate/Foundation/Http/Kernel->handle(Object(Illuminate/Http/Request))
#57 C:/xampp/htdocs/repo-tugas-web-app-website/KerjoSam/public/index.php(17): Illuminate/Foundation/Application->handleRequest(Object(Illuminate/Http/Request))
#58 C:/xampp/htdocs/repo-tugas-web-app-website/KerjoSam/vendor/laravel/framework/src/Illuminate/Foundation/resources/server.php(23): require_once('C://xampp//htdocs...')
#59 {main}
"} 
[2026-01-19 01:54:13] local.ERROR: Route [job.index] not defined. (View: C:\xampp\htdocs\repo-tugas-web-app-website\KerjoSam\resources\views\buat-pekerjaan.blade.php) {"userId":4,"exception":"[object] (Illuminate\\View\\ViewException(code: 0): Route [job.index] not defined. (View: C:\\xampp\\htdocs\\repo-tugas-web-app-website\\KerjoSam\\resources\\views\\buat-pekerjaan.blade.php) at C:/xampp/htdocs/repo-tugas-web-app-website/KerjoSam/vendor/laravel/framework/src/Illuminate/Routing/UrlGenerator.php:517)
[stacktrace]
#0 C:/xampp/htdocs/repo-tugas-web-app-website/KerjoSam/vendor/laravel/framework/src/Illuminate/View/Engines/PhpEngine.php(60): Illuminate/View/Engines/CompilerEngine->handleViewException(Object(Symfony/Component/Routing/Exception/RouteNotFoundException), 1)
#1 C:/xampp/htdocs/repo-tugas-web-app-website/KerjoSam/vendor/laravel/framework/src/Illuminate/View/Engines/CompilerEngine.php(75): Illuminate/View/Engines/PhpEngine->evaluatePath('C://xampp//htdocs...', Array)
#2 C:/xampp/htdocs/repo-tugas-web-app-website/KerjoSam/vendor/laravel/framework/src/Illuminate/View/View.php(209): Illuminate/View/Engines/CompilerEngine->get('C://xampp//htdocs...', Array)
#3 C:/xampp/htdocs/repo-tugas-web-app-website/KerjoSam/vendor/laravel/framework/src/Illuminate/View/View.php(192): Illuminate/View/View->getContents()
#4 C:/xampp/htdocs/repo-tugas-web-app-website/KerjoSam/vendor/laravel/framework/src/Illuminate/View/View.php(161): Illuminate/View/View->renderContents()
#5 C:/xampp/htdocs/repo-tugas-web-app-website/KerjoSam/vendor/laravel/framework/src/Illuminate/Http/Response.php(79): Illuminate/View/View->render()
#6 C:/xampp/htdocs/repo-tugas-web-app-website/KerjoSam/vendor/laravel/framework/src/Illuminate/Http/Response.php(35): Illuminate/Http/Response->setContent(Object(Illuminate/View/View))
#7 C:/xampp/htdocs/repo-tugas-web-app-website/KerjoSam/vendor/laravel/framework/src/Illuminate/Routing/Router.php(920): Illuminate/Http/Response->__construct(Object(Illuminate/View/View), 200, Array)
#8 C:/xampp/htdocs/repo-tugas-web-app-website/KerjoSam/vendor/laravel/framework/src/Illuminate/Routing/Router.php(887): Illuminate/Routing/Router::toResponse(Object(Illuminate/Http/Request), Object(Illuminate/View/View))
#9 C:/xampp/htdocs/repo-tugas-web-app-website/KerjoSam/vendor/laravel/framework/src/Illuminate/Routing/Router.php(807): Illuminate/Routing/Router->prepareResponse(Object(Illuminate/Http/Request), Object(Illuminate/View/View))
#10 C:/xampp/htdocs/repo-tugas-web-app-website/KerjoSam/vendor/laravel/framework/src/Illuminate/Pipeline/Pipeline.php(170): Illuminate/Routing/Router->Illuminate/Routing/{closure}(Object(Illuminate/Http/Request))
#11 C:/xampp/htdocs/repo-tugas-web-app-website/KerjoSam/vendor/laravel/framework/src/Illuminate/Routing/Middleware/SubstituteBindings.php(51): Illuminate/Pipeline/Pipeline->Illuminate/Pipeline/{closure}(Object(Illuminate/Http/Request))
#12 C:/xampp/htdocs/repo-tugas-web-app-website/KerjoSam/vendor/laravel/framework/src/Illuminate/Pipeline/Pipeline.php(209): Illuminate/Routing/Middleware/SubstituteBindings->handle(Object(Illuminate/Http/Request), Object(Closure))
#13 C:/xampp/htdocs/repo-tugas-web-app-website/KerjoSam/vendor/laravel/framework/src/Illuminate/Auth/Middleware/Authenticate.php(64): Illuminate/Pipeline/Pipeline->Illuminate/Pipeline/{closure}(Object(Illuminate/Http/Request))
#14 C:/xampp/htdocs/repo-tugas-web-app-website/KerjoSam/vendor/laravel/framework/src/Illuminate/Pipeline/Pipeline.php(209): Illuminate/Auth/Middleware/Authenticate->handle(Object(Illuminate/Http/Request), Object(Closure))
#15 C:/xampp/htdocs/repo-tugas-web-app-website/KerjoSam/vendor/laravel/framework/src/Illuminate/Foundation/Http/Middleware/VerifyCsrfToken.php(88): Illuminate/Pipeline/Pipeline->Illuminate/Pipeline/{closure}(Object(Illuminate/Http/Request))
#16 C:/xampp/htdocs/repo-tugas-web-app-website/KerjoSam/vendor/laravel/framework/src/Illuminate/Pipeline/Pipeline.php(209): Illuminate/Foundation/Http/Middleware/VerifyCsrfToken->handle(Object(Illuminate/Http/Request), Object(Closure))
#17 C:/xampp/htdocs/repo-tugas-web-app-website/KerjoSam/vendor/laravel/framework/src/Illuminate/View/Middleware/ShareErrorsFromSession.php(49): Illuminate/Pipeline/Pipeline->Illuminate/Pipeline/{closure}(Object(Illuminate/Http/Request))
#18 C:/xampp/htdocs/repo-tugas-web-app-website/KerjoSam/vendor/laravel/framework/src/Illuminate/Pipeline/Pipeline.php(209): Illuminate/View/Middleware/ShareErrorsFromSession->handle(Object(Illuminate/Http/Request), Object(Closure))
#19 C:/xampp/htdocs/repo-tugas-web-app-website/KerjoSam/vendor/laravel/framework/src/Illuminate/Session/Middleware/StartSession.php(121): Illuminate/Pipeline/Pipeline->Illuminate/Pipeline/{closure}(Object(Illuminate/Http/Request))
#20 C:/xampp/htdocs/repo-tugas-web-app-website/KerjoSam/vendor/laravel/framework/src/Illuminate/Session/Middleware/StartSession.php(64): Illuminate/Session/Middleware/StartSession->handleStatefulRequest(Object(Illuminate/Http/Request), Object(Illuminate/Session/Store), Object(Closure))
#21 C:/xampp/htdocs/repo-tugas-web-app-website/KerjoSam/vendor/laravel/framework/src/Illuminate/Pipeline/Pipeline.php(209): Illuminate/Session/Middleware/StartSession->handle(Object(Illuminate/Http/Request), Object(Closure))
#22 C:/xampp/htdocs/repo-tugas-web-app-website/KerjoSam/vendor/laravel/framework/src/Illuminate/Cookie/Middleware/AddQueuedCookiesToResponse.php(37): Illuminate/Pipeline/Pipeline->Illuminate/Pipeline/{closure}(Object(Illuminate/Http/Request))
#23 C:/xampp/htdocs/repo-tugas-web-app-website/KerjoSam/vendor/laravel/framework/src/Illuminate/Pipeline/Pipeline.php(209): Illuminate/Cookie/Middleware/AddQueuedCookiesToResponse->handle(Object(Illuminate/Http/Request), Object(Closure))
#24 C:/xampp/htdocs/repo-tugas-web-app-website/KerjoSam/vendor/laravel/framework/src/Illuminate/Cookie/Middleware/EncryptCookies.php(75): Illuminate/Pipeline/Pipeline->Illuminate/Pipeline/{closure}(Object(Illuminate/Http/Request))
#25 C:/xampp/htdocs/repo-tugas-web-app-website/KerjoSam/vendor/laravel/framework/src/Illuminate/Pipeline/Pipeline.php(209): Illuminate/Cookie/Middleware/EncryptCookies->handle(Object(Illuminate/Http/Request), Object(Closure))
#26 C:/xampp/htdocs/repo-tugas-web-app-website/KerjoSam/vendor/laravel/framework/src/Illuminate/Pipeline/Pipeline.php(127): Illuminate/Pipeline/Pipeline->Illuminate/Pipeline/{closure}(Object(Illuminate/Http/Request))
#27 C:/xampp/htdocs/repo-tugas-web-app-website/KerjoSam/vendor/laravel/framework/src/Illuminate/Routing/Router.php(807): Illuminate/Pipeline/Pipeline->then(Object(Closure))
#28 C:/xampp/htdocs/repo-tugas-web-app-website/KerjoSam/vendor/laravel/framework/src/Illuminate/Routing/Router.php(786): Illuminate/Routing/Router->runRouteWithinStack(Object(Illuminate/Routing/Route), Object(Illuminate/Http/Request))
#29 C:/xampp/htdocs/repo-tugas-web-app-website/KerjoSam/vendor/laravel/framework/src/Illuminate/Routing/Router.php(750): Illuminate/Routing/Router->runRoute(Object(Illuminate/Http/Request), Object(Illuminate/Routing/Route))
#30 C:/xampp/htdocs/repo-tugas-web-app-website/KerjoSam/vendor/laravel/framework/src/Illuminate/Routing/Router.php(739): Illuminate/Routing/Router->dispatchToRoute(Object(Illuminate/Http/Request))
#31 C:/xampp/htdocs/repo-tugas-web-app-website/KerjoSam/vendor/laravel/framework/src/Illuminate/Foundation/Http/Kernel.php(201): Illuminate/Routing/Router->dispatch(Object(Illuminate/Http/Request))
#32 C:/xampp/htdocs/repo-tugas-web-app-website/KerjoSam/vendor/laravel/framework/src/Illuminate/Pipeline/Pipeline.php(170): Illuminate/Foundation/Http/Kernel->Illuminate/Foundation/Http/{closure}(Object(Illuminate/Http/Request))
#33 C:/xampp/htdocs/repo-tugas-web-app-website/KerjoSam/vendor/laravel/framework/src/Illuminate/Foundation/Http/Middleware/TransformsRequest.php(21): Illuminate/Pipeline/Pipeline->Illuminate/Pipeline/{closure}(Object(Illuminate/Http/Request))
#34 C:/xampp/htdocs/repo-tugas-web-app-website/KerjoSam/vendor/laravel/framework/src/Illuminate/Foundation/Http/Middleware/ConvertEmptyStringsToNull.php(31): Illuminate/Foundation/Http/Middleware/TransformsRequest->handle(Object(Illuminate/Http/Request), Object(Closure))
#35 C:/xampp/htdocs/repo-tugas-web-app-website/KerjoSam/vendor/laravel/framework/src/Illuminate/Pipeline/Pipeline.php(209): Illuminate/Foundation/Http/Middleware/ConvertEmptyStringsToNull->handle(Object(Illuminate/Http/Request), Object(Closure))
#36 C:/xampp/htdocs/repo-tugas-web-app-website/KerjoSam/vendor/laravel/framework/src/Illuminate/Foundation/Http/Middleware/TransformsRequest.php(21): Illuminate/Pipeline/Pipeline->Illuminate/Pipeline/{closure}(Object(Illuminate/Http/Request))
#37 C:/xampp/htdocs/repo-tugas-web-app-website/KerjoSam/vendor/laravel/framework/src/Illuminate/Foundation/Http/Middleware/TrimStrings.php(51): Illuminate/Foundation/Http/Middleware/TransformsRequest->handle(Object(Illuminate/Http/Request), Object(Closure))
#38 C:/xampp/htdocs/repo-tugas-web-app-website/KerjoSam/vendor/laravel/framework/src/Illuminate/Pipeline/Pipeline.php(209): Illuminate/Foundation/Http/Middleware/TrimStrings->handle(Object(Illuminate/Http/Request), Object(Closure))
#39 C:/xampp/htdocs/repo-tugas-web-app-website/KerjoSam/vendor/laravel/framework/src/Illuminate/Http/Middleware/ValidatePostSize.php(27): Illuminate/Pipeline/Pipeline->Illuminate/Pipeline/{closure}(Object(Illuminate/Http/Request))
#40 C:/xampp/htdocs/repo-tugas-web-app-website/KerjoSam/vendor/laravel/framework/src/Illuminate/Pipeline/Pipeline.php(209): Illuminate/Http/Middleware/ValidatePostSize->handle(Object(Illuminate/Http/Request), Object(Closure))
#41 C:/xampp/htdocs/repo-tugas-web-app-website/KerjoSam/vendor/laravel/framework/src/Illuminate/Foundation/Http/Middleware/PreventRequestsDuringMaintenance.php(110): Illuminate/Pipeline/Pipeline->Illuminate/Pipeline/{closure}(Object(Illuminate/Http/Request))
#42 C:/xampp/htdocs/repo-tugas-web-app-website/KerjoSam/vendor/laravel/framework/src/Illuminate/Pipeline/Pipeline.php(209): Illuminate/Foundation/Http/Middleware/PreventRequestsDuringMaintenance->handle(Object(Illuminate/Http/Request), Object(Closure))
#43 C:/xampp/htdocs/repo-tugas-web-app-website/KerjoSam/vendor/laravel/framework/src/Illuminate/Http/Middleware/HandleCors.php(49): Illuminate/Pipeline/Pipeline->Illuminate/Pipeline/{closure}(Object(Illuminate/Http/Request))
#44 C:/xampp/htdocs/repo-tugas-web-app-website/KerjoSam/vendor/laravel/framework/src/Illuminate/Pipeline/Pipeline.php(209): Illuminate/Http/Middleware/HandleCors->handle(Object(Illuminate/Http/Request), Object(Closure))
#45 C:/xampp/htdocs/repo-tugas-web-app-website/KerjoSam/vendor/laravel/framework/src/Illuminate/Http/Middleware/TrustProxies.php(58): Illuminate/Pipeline/Pipeline->Illuminate/Pipeline/{closure}(Object(Illuminate/Http/Request))
#46 C:/xampp/htdocs/repo-tugas-web-app-website/KerjoSam/vendor/laravel/framework/src/Illuminate/Pipeline/Pipeline.php(209): Illuminate/Http/Middleware/TrustProxies->handle(Object(Illuminate/Http/Request), Object(Closure))
#47 C:/xampp/htdocs/repo-tugas-web-app-website/KerjoSam/vendor/laravel/framework/src/Illuminate/Foundation/Http/Middleware/InvokeDeferredCallbacks.php(22): Illuminate/Pipeline/Pipeline->Illuminate/Pipeline/{closure}(Object(Illuminate/Http/Request))
#48 C:/xampp/htdocs/repo-tugas-web-app-website/KerjoSam/vendor/laravel/framework/src/Illuminate/Pipeline/Pipeline.php(209): Illuminate/Foundation/Http/Middleware/InvokeDeferredCallbacks->handle(Object(Illuminate/Http/Request), Object(Closure))
#49 C:/xampp/htdocs/repo-tugas-web-app-website/KerjoSam/vendor/laravel/framework/src/Illuminate/Pipeline/Pipeline.php(127): Illuminate/Pipeline/Pipeline->Illuminate/Pipeline/{closure}(Object(Illuminate/Http/Request))
#50 C:/xampp/htdocs/repo-tugas-web-app-website/KerjoSam/vendor/laravel/framework/src/Illuminate/Foundation/Http/Kernel.php(176): Illuminate/Pipeline/Pipeline->then(Object(Closure))
#51 C:/xampp/htdocs/repo-tugas-web-app-website/KerjoSam/vendor/laravel/framework/src/Illuminate/Foundation/Http/Kernel.php(145): Illuminate/Foundation/Http/Kernel->sendRequestThroughRouter(Object(Illuminate/Http/Request))
#52 C:/xampp/htdocs/repo-tugas-web-app-website/KerjoSam/vendor/laravel/framework/src/Illuminate/Foundation/Application.php(1220): Illuminate/Foundation/Http/Kernel->handle(Object(Illuminate/Http/Request))
#53 C:/xampp/htdocs/repo-tugas-web-app-website/KerjoSam/public/index.php(17): Illuminate/Foundation/Application->handleRequest(Object(Illuminate/Http/Request))
#54 C:/xampp/htdocs/repo-tugas-web-app-website/KerjoSam/vendor/laravel/framework/src/Illuminate/Foundation/resources/server.php(23): require_once('C://xampp//htdocs...')
#55 {main}

[previous exception] [object] (Symfony\\Component\\Routing\\Exception\\RouteNotFoundException(code: 0): Route [job.index] not defined. at C:/xampp/htdocs/repo-tugas-web-app-website/KerjoSam/vendor/laravel/framework/src/Illuminate/Routing/UrlGenerator.php:517)
[stacktrace]
#0 C:/xampp/htdocs/repo-tugas-web-app-website/KerjoSam/vendor/laravel/framework/src/Illuminate/Foundation/helpers.php(853): Illuminate/Routing/UrlGenerator->route('job.index', Array, true)
#1 C:/xampp/htdocs/repo-tugas-web-app-website/KerjoSam/storage/framework/views/94e329dfda579a0df0d593cd4dcb409a.php(36): route('job.index')
#2 C:/xampp/htdocs/repo-tugas-web-app-website/KerjoSam/vendor/laravel/framework/src/Illuminate/Filesystem/Filesystem.php(123): require('C://xampp//htdocs...')
#3 C:/xampp/htdocs/repo-tugas-web-app-website/KerjoSam/vendor/laravel/framework/src/Illuminate/Filesystem/Filesystem.php(124): Illuminate/Filesystem/Filesystem::Illuminate/Filesystem/{closure}()
#4 C:/xampp/htdocs/repo-tugas-web-app-website/KerjoSam/vendor/laravel/framework/src/Illuminate/View/Engines/PhpEngine.php(58): Illuminate/Filesystem/Filesystem->getRequire('C://xampp//htdocs...', Array)
#5 C:/xampp/htdocs/repo-tugas-web-app-website/KerjoSam/vendor/laravel/framework/src/Illuminate/View/Engines/CompilerEngine.php(75): Illuminate/View/Engines/PhpEngine->evaluatePath('C://xampp//htdocs...', Array)
#6 C:/xampp/htdocs/repo-tugas-web-app-website/KerjoSam/vendor/laravel/framework/src/Illuminate/View/View.php(209): Illuminate/View/Engines/CompilerEngine->get('C://xampp//htdocs...', Array)
#7 C:/xampp/htdocs/repo-tugas-web-app-website/KerjoSam/vendor/laravel/framework/src/Illuminate/View/View.php(192): Illuminate/View/View->getContents()
#8 C:/xampp/htdocs/repo-tugas-web-app-website/KerjoSam/vendor/laravel/framework/src/Illuminate/View/View.php(161): Illuminate/View/View->renderContents()
#9 C:/xampp/htdocs/repo-tugas-web-app-website/KerjoSam/vendor/laravel/framework/src/Illuminate/Http/Response.php(79): Illuminate/View/View->render()
#10 C:/xampp/htdocs/repo-tugas-web-app-website/KerjoSam/vendor/laravel/framework/src/Illuminate/Http/Response.php(35): Illuminate/Http/Response->setContent(Object(Illuminate/View/View))
#11 C:/xampp/htdocs/repo-tugas-web-app-website/KerjoSam/vendor/laravel/framework/src/Illuminate/Routing/Router.php(920): Illuminate/Http/Response->__construct(Object(Illuminate/View/View), 200, Array)
#12 C:/xampp/htdocs/repo-tugas-web-app-website/KerjoSam/vendor/laravel/framework/src/Illuminate/Routing/Router.php(887): Illuminate/Routing/Router::toResponse(Object(Illuminate/Http/Request), Object(Illuminate/View/View))
#13 C:/xampp/htdocs/repo-tugas-web-app-website/KerjoSam/vendor/laravel/framework/src/Illuminate/Routing/Router.php(807): Illuminate/Routing/Router->prepareResponse(Object(Illuminate/Http/Request), Object(Illuminate/View/View))
#14 C:/xampp/htdocs/repo-tugas-web-app-website/KerjoSam/vendor/laravel/framework/src/Illuminate/Pipeline/Pipeline.php(170): Illuminate/Routing/Router->Illuminate/Routing/{closure}(Object(Illuminate/Http/Request))
#15 C:/xampp/htdocs/repo-tugas-web-app-website/KerjoSam/vendor/laravel/framework/src/Illuminate/Routing/Middleware/SubstituteBindings.php(51): Illuminate/Pipeline/Pipeline->Illuminate/Pipeline/{closure}(Object(Illuminate/Http/Request))
#16 C:/xampp/htdocs/repo-tugas-web-app-website/KerjoSam/vendor/laravel/framework/src/Illuminate/Pipeline/Pipeline.php(209): Illuminate/Routing/Middleware/SubstituteBindings->handle(Object(Illuminate/Http/Request), Object(Closure))
#17 C:/xampp/htdocs/repo-tugas-web-app-website/KerjoSam/vendor/laravel/framework/src/Illuminate/Auth/Middleware/Authenticate.php(64): Illuminate/Pipeline/Pipeline->Illuminate/Pipeline/{closure}(Object(Illuminate/Http/Request))
#18 C:/xampp/htdocs/repo-tugas-web-app-website/KerjoSam/vendor/laravel/framework/src/Illuminate/Pipeline/Pipeline.php(209): Illuminate/Auth/Middleware/Authenticate->handle(Object(Illuminate/Http/Request), Object(Closure))
#19 C:/xampp/htdocs/repo-tugas-web-app-website/KerjoSam/vendor/laravel/framework/src/Illuminate/Foundation/Http/Middleware/VerifyCsrfToken.php(88): Illuminate/Pipeline/Pipeline->Illuminate/Pipeline/{closure}(Object(Illuminate/Http/Request))
#20 C:/xampp/htdocs/repo-tugas-web-app-website/KerjoSam/vendor/laravel/framework/src/Illuminate/Pipeline/Pipeline.php(209): Illuminate/Foundation/Http/Middleware/VerifyCsrfToken->handle(Object(Illuminate/Http/Request), Object(Closure))
#21 C:/xampp/htdocs/repo-tugas-web-app-website/KerjoSam/vendor/laravel/framework/src/Illuminate/View/Middleware/ShareErrorsFromSession.php(49): Illuminate/Pipeline/Pipeline->Illuminate/Pipeline/{closure}(Object(Illuminate/Http/Request))
#22 C:/xampp/htdocs/repo-tugas-web-app-website/KerjoSam/vendor/laravel/framework/src/Illuminate/Pipeline/Pipeline.php(209): Illuminate/View/Middleware/ShareErrorsFromSession->handle(Object(Illuminate/Http/Request), Object(Closure))
#23 C:/xampp/htdocs/repo-tugas-web-app-website/KerjoSam/vendor/laravel/framework/src/Illuminate/Session/Middleware/StartSession.php(121): Illuminate/Pipeline/Pipeline->Illuminate/Pipeline/{closure}(Object(Illuminate/Http/Request))
#24 C:/xampp/htdocs/repo-tugas-web-app-website/KerjoSam/vendor/laravel/framework/src/Illuminate/Session/Middleware/StartSession.php(64): Illuminate/Session/Middleware/StartSession->handleStatefulRequest(Object(Illuminate/Http/Request), Object(Illuminate/Session/Store), Object(Closure))
#25 C:/xampp/htdocs/repo-tugas-web-app-website/KerjoSam/vendor/laravel/framework/src/Illuminate/Pipeline/Pipeline.php(209): Illuminate/Session/Middleware/StartSession->handle(Object(Illuminate/Http/Request), Object(Closure))
#26 C:/xampp/htdocs/repo-tugas-web-app-website/KerjoSam/vendor/laravel/framework/src/Illuminate/Cookie/Middleware/AddQueuedCookiesToResponse.php(37): Illuminate/Pipeline/Pipeline->Illuminate/Pipeline/{closure}(Object(Illuminate/Http/Request))
#27 C:/xampp/htdocs/repo-tugas-web-app-website/KerjoSam/vendor/laravel/framework/src/Illuminate/Pipeline/Pipeline.php(209): Illuminate/Cookie/Middleware/AddQueuedCookiesToResponse->handle(Object(Illuminate/Http/Request), Object(Closure))
#28 C:/xampp/htdocs/repo-tugas-web-app-website/KerjoSam/vendor/laravel/framework/src/Illuminate/Cookie/Middleware/EncryptCookies.php(75): Illuminate/Pipeline/Pipeline->Illuminate/Pipeline/{closure}(Object(Illuminate/Http/Request))
#29 C:/xampp/htdocs/repo-tugas-web-app-website/KerjoSam/vendor/laravel/framework/src/Illuminate/Pipeline/Pipeline.php(209): Illuminate/Cookie/Middleware/EncryptCookies->handle(Object(Illuminate/Http/Request), Object(Closure))
#30 C:/xampp/htdocs/repo-tugas-web-app-website/KerjoSam/vendor/laravel/framework/src/Illuminate/Pipeline/Pipeline.php(127): Illuminate/Pipeline/Pipeline->Illuminate/Pipeline/{closure}(Object(Illuminate/Http/Request))
#31 C:/xampp/htdocs/repo-tugas-web-app-website/KerjoSam/vendor/laravel/framework/src/Illuminate/Routing/Router.php(807): Illuminate/Pipeline/Pipeline->then(Object(Closure))
#32 C:/xampp/htdocs/repo-tugas-web-app-website/KerjoSam/vendor/laravel/framework/src/Illuminate/Routing/Router.php(786): Illuminate/Routing/Router->runRouteWithinStack(Object(Illuminate/Routing/Route), Object(Illuminate/Http/Request))
#33 C:/xampp/htdocs/repo-tugas-web-app-website/KerjoSam/vendor/laravel/framework/src/Illuminate/Routing/Router.php(750): Illuminate/Routing/Router->runRoute(Object(Illuminate/Http/Request), Object(Illuminate/Routing/Route))
#34 C:/xampp/htdocs/repo-tugas-web-app-website/KerjoSam/vendor/laravel/framework/src/Illuminate/Routing/Router.php(739): Illuminate/Routing/Router->dispatchToRoute(Object(Illuminate/Http/Request))
#35 C:/xampp/htdocs/repo-tugas-web-app-website/KerjoSam/vendor/laravel/framework/src/Illuminate/Foundation/Http/Kernel.php(201): Illuminate/Routing/Router->dispatch(Object(Illuminate/Http/Request))
#36 C:/xampp/htdocs/repo-tugas-web-app-website/KerjoSam/vendor/laravel/framework/src/Illuminate/Pipeline/Pipeline.php(170): Illuminate/Foundation/Http/Kernel->Illuminate/Foundation/Http/{closure}(Object(Illuminate/Http/Request))
#37 C:/xampp/htdocs/repo-tugas-web-app-website/KerjoSam/vendor/laravel/framework/src/Illuminate/Foundation/Http/Middleware/TransformsRequest.php(21): Illuminate/Pipeline/Pipeline->Illuminate/Pipeline/{closure}(Object(Illuminate/Http/Request))
#38 C:/xampp/htdocs/repo-tugas-web-app-website/KerjoSam/vendor/laravel/framework/src/Illuminate/Foundation/Http/Middleware/ConvertEmptyStringsToNull.php(31): Illuminate/Foundation/Http/Middleware/TransformsRequest->handle(Object(Illuminate/Http/Request), Object(Closure))
#39 C:/xampp/htdocs/repo-tugas-web-app-website/KerjoSam/vendor/laravel/framework/src/Illuminate/Pipeline/Pipeline.php(209): Illuminate/Foundation/Http/Middleware/ConvertEmptyStringsToNull->handle(Object(Illuminate/Http/Request), Object(Closure))
#40 C:/xampp/htdocs/repo-tugas-web-app-website/KerjoSam/vendor/laravel/framework/src/Illuminate/Foundation/Http/Middleware/TransformsRequest.php(21): Illuminate/Pipeline/Pipeline->Illuminate/Pipeline/{closure}(Object(Illuminate/Http/Request))
#41 C:/xampp/htdocs/repo-tugas-web-app-website/KerjoSam/vendor/laravel/framework/src/Illuminate/Foundation/Http/Middleware/TrimStrings.php(51): Illuminate/Foundation/Http/Middleware/TransformsRequest->handle(Object(Illuminate/Http/Request), Object(Closure))
#42 C:/xampp/htdocs/repo-tugas-web-app-website/KerjoSam/vendor/laravel/framework/src/Illuminate/Pipeline/Pipeline.php(209): Illuminate/Foundation/Http/Middleware/TrimStrings->handle(Object(Illuminate/Http/Request), Object(Closure))
#43 C:/xampp/htdocs/repo-tugas-web-app-website/KerjoSam/vendor/laravel/framework/src/Illuminate/Http/Middleware/ValidatePostSize.php(27): Illuminate/Pipeline/Pipeline->Illuminate/Pipeline/{closure}(Object(Illuminate/Http/Request))
#44 C:/xampp/htdocs/repo-tugas-web-app-website/KerjoSam/vendor/laravel/framework/src/Illuminate/Pipeline/Pipeline.php(209): Illuminate/Http/Middleware/ValidatePostSize->handle(Object(Illuminate/Http/Request), Object(Closure))
#45 C:/xampp/htdocs/repo-tugas-web-app-website/KerjoSam/vendor/laravel/framework/src/Illuminate/Foundation/Http/Middleware/PreventRequestsDuringMaintenance.php(110): Illuminate/Pipeline/Pipeline->Illuminate/Pipeline/{closure}(Object(Illuminate/Http/Request))
#46 C:/xampp/htdocs/repo-tugas-web-app-website/KerjoSam/vendor/laravel/framework/src/Illuminate/Pipeline/Pipeline.php(209): Illuminate/Foundation/Http/Middleware/PreventRequestsDuringMaintenance->handle(Object(Illuminate/Http/Request), Object(Closure))
#47 C:/xampp/htdocs/repo-tugas-web-app-website/KerjoSam/vendor/laravel/framework/src/Illuminate/Http/Middleware/HandleCors.php(49): Illuminate/Pipeline/Pipeline->Illuminate/Pipeline/{closure}(Object(Illuminate/Http/Request))
#48 C:/xampp/htdocs/repo-tugas-web-app-website/KerjoSam/vendor/laravel/framework/src/Illuminate/Pipeline/Pipeline.php(209): Illuminate/Http/Middleware/HandleCors->handle(Object(Illuminate/Http/Request), Object(Closure))
#49 C:/xampp/htdocs/repo-tugas-web-app-website/KerjoSam/vendor/laravel/framework/src/Illuminate/Http/Middleware/TrustProxies.php(58): Illuminate/Pipeline/Pipeline->Illuminate/Pipeline/{closure}(Object(Illuminate/Http/Request))
#50 C:/xampp/htdocs/repo-tugas-web-app-website/KerjoSam/vendor/laravel/framework/src/Illuminate/Pipeline/Pipeline.php(209): Illuminate/Http/Middleware/TrustProxies->handle(Object(Illuminate/Http/Request), Object(Closure))
#51 C:/xampp/htdocs/repo-tugas-web-app-website/KerjoSam/vendor/laravel/framework/src/Illuminate/Foundation/Http/Middleware/InvokeDeferredCallbacks.php(22): Illuminate/Pipeline/Pipeline->Illuminate/Pipeline/{closure}(Object(Illuminate/Http/Request))
#52 C:/xampp/htdocs/repo-tugas-web-app-website/KerjoSam/vendor/laravel/framework/src/Illuminate/Pipeline/Pipeline.php(209): Illuminate/Foundation/Http/Middleware/InvokeDeferredCallbacks->handle(Object(Illuminate/Http/Request), Object(Closure))
#53 C:/xampp/htdocs/repo-tugas-web-app-website/KerjoSam/vendor/laravel/framework/src/Illuminate/Pipeline/Pipeline.php(127): Illuminate/Pipeline/Pipeline->Illuminate/Pipeline/{closure}(Object(Illuminate/Http/Request))
#54 C:/xampp/htdocs/repo-tugas-web-app-website/KerjoSam/vendor/laravel/framework/src/Illuminate/Foundation/Http/Kernel.php(176): Illuminate/Pipeline/Pipeline->then(Object(Closure))
#55 C:/xampp/htdocs/repo-tugas-web-app-website/KerjoSam/vendor/laravel/framework/src/Illuminate/Foundation/Http/Kernel.php(145): Illuminate/Foundation/Http/Kernel->sendRequestThroughRouter(Object(Illuminate/Http/Request))
#56 C:/xampp/htdocs/repo-tugas-web-app-website/KerjoSam/vendor/laravel/framework/src/Illuminate/Foundation/Application.php(1220): Illuminate/Foundation/Http/Kernel->handle(Object(Illuminate/Http/Request))
#57 C:/xampp/htdocs/repo-tugas-web-app-website/KerjoSam/public/index.php(17): Illuminate/Foundation/Application->handleRequest(Object(Illuminate/Http/Request))
#58 C:/xampp/htdocs/repo-tugas-web-app-website/KerjoSam/vendor/laravel/framework/src/Illuminate/Foundation/resources/server.php(23): require_once('C://xampp//htdocs...')
#59 {main}
"} 
[2026-01-19 02:02:43] local.ERROR: SQLSTATE[42S22]: Column not found: 1054 Unknown column 'company' in 'field list' (Connection: mysql, SQL: insert into `jobs` (`title`, `company`, `location`, `salary`, `type`, `category`, `description`, `user_id`, `updated_at`, `created_at`) values (Cuci Kasur, PT.kasur, tlogomas, 1.200.000-1.500.000, Part Time, frontend, ngumbah, 4, 2026-01-19 02:02:42, 2026-01-19 02:02:42)) {"userId":4,"exception":"[object] (Illuminate\\Database\\QueryException(code: 42S22): SQLSTATE[42S22]: Column not found: 1054 Unknown column 'company' in 'field list' (Connection: mysql, SQL: insert into `jobs` (`title`, `company`, `location`, `salary`, `type`, `category`, `description`, `user_id`, `updated_at`, `created_at`) values (Cuci Kasur, PT.kasur, tlogomas, 1.200.000-1.500.000, Part Time, frontend, ngumbah, 4, 2026-01-19 02:02:42, 2026-01-19 02:02:42)) at C:/xampp/htdocs/repo-tugas-web-app-website/KerjoSam/vendor/laravel/framework/src/Illuminate/Database/Connection.php:825)
[stacktrace]
#0 C:/xampp/htdocs/repo-tugas-web-app-website/KerjoSam/vendor/laravel/framework/src/Illuminate/Database/Connection.php(779): Illuminate/Database/Connection->runQueryCallback('insert into `jo...', Array, Object(Closure))
#1 C:/xampp/htdocs/repo-tugas-web-app-website/KerjoSam/vendor/laravel/framework/src/Illuminate/Database/MySqlConnection.php(42): Illuminate/Database/Connection->run('insert into `jo...', Array, Object(Closure))
#2 C:/xampp/htdocs/repo-tugas-web-app-website/KerjoSam/vendor/laravel/framework/src/Illuminate/Database/Query/Processors/MySqlProcessor.php(35): Illuminate/Database/MySqlConnection->insert('insert into `jo...', Array, 'id')
#3 C:/xampp/htdocs/repo-tugas-web-app-website/KerjoSam/vendor/laravel/framework/src/Illuminate/Database/Query/Builder.php(3766): Illuminate/Database/Query/Processors/MySqlProcessor->processInsertGetId(Object(Illuminate/Database/Query/Builder), 'insert into `jo...', Array, 'id')
#4 C:/xampp/htdocs/repo-tugas-web-app-website/KerjoSam/vendor/laravel/framework/src/Illuminate/Database/Eloquent/Builder.php(2120): Illuminate/Database/Query/Builder->insertGetId(Array, 'id')
#5 C:/xampp/htdocs/repo-tugas-web-app-website/KerjoSam/vendor/laravel/framework/src/Illuminate/Database/Eloquent/Model.php(1359): Illuminate/Database/Eloquent/Builder->__call('insertGetId', Array)
#6 C:/xampp/htdocs/repo-tugas-web-app-website/KerjoSam/vendor/laravel/framework/src/Illuminate/Database/Eloquent/Model.php(1324): Illuminate/Database/Eloquent/Model->insertAndSetId(Object(Illuminate/Database/Eloquent/Builder), Array)
#7 C:/xampp/htdocs/repo-tugas-web-app-website/KerjoSam/vendor/laravel/framework/src/Illuminate/Database/Eloquent/Model.php(1163): Illuminate/Database/Eloquent/Model->performInsert(Object(Illuminate/Database/Eloquent/Builder))
#8 C:/xampp/htdocs/repo-tugas-web-app-website/KerjoSam/vendor/laravel/framework/src/Illuminate/Database/Eloquent/Builder.php(1128): Illuminate/Database/Eloquent/Model->save()
#9 C:/xampp/htdocs/repo-tugas-web-app-website/KerjoSam/vendor/laravel/framework/src/Illuminate/Support/helpers.php(399): Illuminate/Database/Eloquent/Builder->Illuminate/Database/Eloquent/{closure}(Object(App/Models/Job))
#10 C:/xampp/htdocs/repo-tugas-web-app-website/KerjoSam/vendor/laravel/framework/src/Illuminate/Database/Eloquent/Builder.php(1127): tap(Object(App/Models/Job), Object(Closure))
#11 C:/xampp/htdocs/repo-tugas-web-app-website/KerjoSam/vendor/laravel/framework/src/Illuminate/Support/Traits/ForwardsCalls.php(23): Illuminate/Database/Eloquent/Builder->create(Array)
#12 C:/xampp/htdocs/repo-tugas-web-app-website/KerjoSam/vendor/laravel/framework/src/Illuminate/Database/Eloquent/Model.php(2372): Illuminate/Database/Eloquent/Model->forwardCallTo(Object(Illuminate/Database/Eloquent/Builder), 'create', Array)
#13 C:/xampp/htdocs/repo-tugas-web-app-website/KerjoSam/vendor/laravel/framework/src/Illuminate/Database/Eloquent/Model.php(2384): Illuminate/Database/Eloquent/Model->__call('create', Array)
#14 C:/xampp/htdocs/repo-tugas-web-app-website/KerjoSam/app/Http/Controllers/JobController.php(73): Illuminate/Database/Eloquent/Model::__callStatic('create', Array)
#15 C:/xampp/htdocs/repo-tugas-web-app-website/KerjoSam/vendor/laravel/framework/src/Illuminate/Routing/Controller.php(54): App/Http/Controllers/JobController->store(Object(Illuminate/Http/Request))
#16 C:/xampp/htdocs/repo-tugas-web-app-website/KerjoSam/vendor/laravel/framework/src/Illuminate/Routing/ControllerDispatcher.php(44): Illuminate/Routing/Controller->callAction('store', Array)
#17 C:/xampp/htdocs/repo-tugas-web-app-website/KerjoSam/vendor/laravel/framework/src/Illuminate/Routing/Route.php(266): Illuminate/Routing/ControllerDispatcher->dispatch(Object(Illuminate/Routing/Route), Object(App/Http/Controllers/JobController), 'store')
#18 C:/xampp/htdocs/repo-tugas-web-app-website/KerjoSam/vendor/laravel/framework/src/Illuminate/Routing/Route.php(212): Illuminate/Routing/Route->runController()
#19 C:/xampp/htdocs/repo-tugas-web-app-website/KerjoSam/vendor/laravel/framework/src/Illuminate/Routing/Router.php(808): Illuminate/Routing/Route->run()
#20 C:/xampp/htdocs/repo-tugas-web-app-website/KerjoSam/vendor/laravel/framework/src/Illuminate/Pipeline/Pipeline.php(170): Illuminate/Routing/Router->Illuminate/Routing/{closure}(Object(Illuminate/Http/Request))
#21 C:/xampp/htdocs/repo-tugas-web-app-website/KerjoSam/vendor/laravel/framework/src/Illuminate/Routing/Middleware/SubstituteBindings.php(51): Illuminate/Pipeline/Pipeline->Illuminate/Pipeline/{closure}(Object(Illuminate/Http/Request))
#22 C:/xampp/htdocs/repo-tugas-web-app-website/KerjoSam/vendor/laravel/framework/src/Illuminate/Pipeline/Pipeline.php(209): Illuminate/Routing/Middleware/SubstituteBindings->handle(Object(Illuminate/Http/Request), Object(Closure))
#23 C:/xampp/htdocs/repo-tugas-web-app-website/KerjoSam/vendor/laravel/framework/src/Illuminate/Auth/Middleware/Authenticate.php(64): Illuminate/Pipeline/Pipeline->Illuminate/Pipeline/{closure}(Object(Illuminate/Http/Request))
#24 C:/xampp/htdocs/repo-tugas-web-app-website/KerjoSam/vendor/laravel/framework/src/Illuminate/Pipeline/Pipeline.php(209): Illuminate/Auth/Middleware/Authenticate->handle(Object(Illuminate/Http/Request), Object(Closure))
#25 C:/xampp/htdocs/repo-tugas-web-app-website/KerjoSam/vendor/laravel/framework/src/Illuminate/Foundation/Http/Middleware/VerifyCsrfToken.php(88): Illuminate/Pipeline/Pipeline->Illuminate/Pipeline/{closure}(Object(Illuminate/Http/Request))
#26 C:/xampp/htdocs/repo-tugas-web-app-website/KerjoSam/vendor/laravel/framework/src/Illuminate/Pipeline/Pipeline.php(209): Illuminate/Foundation/Http/Middleware/VerifyCsrfToken->handle(Object(Illuminate/Http/Request), Object(Closure))
#27 C:/xampp/htdocs/repo-tugas-web-app-website/KerjoSam/vendor/laravel/framework/src/Illuminate/View/Middleware/ShareErrorsFromSession.php(49): Illuminate/Pipeline/Pipeline->Illuminate/Pipeline/{closure}(Object(Illuminate/Http/Request))
#28 C:/xampp/htdocs/repo-tugas-web-app-website/KerjoSam/vendor/laravel/framework/src/Illuminate/Pipeline/Pipeline.php(209): Illuminate/View/Middleware/ShareErrorsFromSession->handle(Object(Illuminate/Http/Request), Object(Closure))
#29 C:/xampp/htdocs/repo-tugas-web-app-website/KerjoSam/vendor/laravel/framework/src/Illuminate/Session/Middleware/StartSession.php(121): Illuminate/Pipeline/Pipeline->Illuminate/Pipeline/{closure}(Object(Illuminate/Http/Request))
#30 C:/xampp/htdocs/repo-tugas-web-app-website/KerjoSam/vendor/laravel/framework/src/Illuminate/Session/Middleware/StartSession.php(64): Illuminate/Session/Middleware/StartSession->handleStatefulRequest(Object(Illuminate/Http/Request), Object(Illuminate/Session/Store), Object(Closure))
#31 C:/xampp/htdocs/repo-tugas-web-app-website/KerjoSam/vendor/laravel/framework/src/Illuminate/Pipeline/Pipeline.php(209): Illuminate/Session/Middleware/StartSession->handle(Object(Illuminate/Http/Request), Object(Closure))
#32 C:/xampp/htdocs/repo-tugas-web-app-website/KerjoSam/vendor/laravel/framework/src/Illuminate/Cookie/Middleware/AddQueuedCookiesToResponse.php(37): Illuminate/Pipeline/Pipeline->Illuminate/Pipeline/{closure}(Object(Illuminate/Http/Request))
#33 C:/xampp/htdocs/repo-tugas-web-app-website/KerjoSam/vendor/laravel/framework/src/Illuminate/Pipeline/Pipeline.php(209): Illuminate/Cookie/Middleware/AddQueuedCookiesToResponse->handle(Object(Illuminate/Http/Request), Object(Closure))
#34 C:/xampp/htdocs/repo-tugas-web-app-website/KerjoSam/vendor/laravel/framework/src/Illuminate/Cookie/Middleware/EncryptCookies.php(75): Illuminate/Pipeline/Pipeline->Illuminate/Pipeline/{closure}(Object(Illuminate/Http/Request))
#35 C:/xampp/htdocs/repo-tugas-web-app-website/KerjoSam/vendor/laravel/framework/src/Illuminate/Pipeline/Pipeline.php(209): Illuminate/Cookie/Middleware/EncryptCookies->handle(Object(Illuminate/Http/Request), Object(Closure))
#36 C:/xampp/htdocs/repo-tugas-web-app-website/KerjoSam/vendor/laravel/framework/src/Illuminate/Pipeline/Pipeline.php(127): Illuminate/Pipeline/Pipeline->Illuminate/Pipeline/{closure}(Object(Illuminate/Http/Request))
#37 C:/xampp/htdocs/repo-tugas-web-app-website/KerjoSam/vendor/laravel/framework/src/Illuminate/Routing/Router.php(807): Illuminate/Pipeline/Pipeline->then(Object(Closure))
#38 C:/xampp/htdocs/repo-tugas-web-app-website/KerjoSam/vendor/laravel/framework/src/Illuminate/Routing/Router.php(786): Illuminate/Routing/Router->runRouteWithinStack(Object(Illuminate/Routing/Route), Object(Illuminate/Http/Request))
#39 C:/xampp/htdocs/repo-tugas-web-app-website/KerjoSam/vendor/laravel/framework/src/Illuminate/Routing/Router.php(750): Illuminate/Routing/Router->runRoute(Object(Illuminate/Http/Request), Object(Illuminate/Routing/Route))
#40 C:/xampp/htdocs/repo-tugas-web-app-website/KerjoSam/vendor/laravel/framework/src/Illuminate/Routing/Router.php(739): Illuminate/Routing/Router->dispatchToRoute(Object(Illuminate/Http/Request))
#41 C:/xampp/htdocs/repo-tugas-web-app-website/KerjoSam/vendor/laravel/framework/src/Illuminate/Foundation/Http/Kernel.php(201): Illuminate/Routing/Router->dispatch(Object(Illuminate/Http/Request))
#42 C:/xampp/htdocs/repo-tugas-web-app-website/KerjoSam/vendor/laravel/framework/src/Illuminate/Pipeline/Pipeline.php(170): Illuminate/Foundation/Http/Kernel->Illuminate/Foundation/Http/{closure}(Object(Illuminate/Http/Request))
#43 C:/xampp/htdocs/repo-tugas-web-app-website/KerjoSam/vendor/laravel/framework/src/Illuminate/Foundation/Http/Middleware/TransformsRequest.php(21): Illuminate/Pipeline/Pipeline->Illuminate/Pipeline/{closure}(Object(Illuminate/Http/Request))
#44 C:/xampp/htdocs/repo-tugas-web-app-website/KerjoSam/vendor/laravel/framework/src/Illuminate/Foundation/Http/Middleware/ConvertEmptyStringsToNull.php(31): Illuminate/Foundation/Http/Middleware/TransformsRequest->handle(Object(Illuminate/Http/Request), Object(Closure))
#45 C:/xampp/htdocs/repo-tugas-web-app-website/KerjoSam/vendor/laravel/framework/src/Illuminate/Pipeline/Pipeline.php(209): Illuminate/Foundation/Http/Middleware/ConvertEmptyStringsToNull->handle(Object(Illuminate/Http/Request), Object(Closure))
#46 C:/xampp/htdocs/repo-tugas-web-app-website/KerjoSam/vendor/laravel/framework/src/Illuminate/Foundation/Http/Middleware/TransformsRequest.php(21): Illuminate/Pipeline/Pipeline->Illuminate/Pipeline/{closure}(Object(Illuminate/Http/Request))
#47 C:/xampp/htdocs/repo-tugas-web-app-website/KerjoSam/vendor/laravel/framework/src/Illuminate/Foundation/Http/Middleware/TrimStrings.php(51): Illuminate/Foundation/Http/Middleware/TransformsRequest->handle(Object(Illuminate/Http/Request), Object(Closure))
#48 C:/xampp/htdocs/repo-tugas-web-app-website/KerjoSam/vendor/laravel/framework/src/Illuminate/Pipeline/Pipeline.php(209): Illuminate/Foundation/Http/Middleware/TrimStrings->handle(Object(Illuminate/Http/Request), Object(Closure))
#49 C:/xampp/htdocs/repo-tugas-web-app-website/KerjoSam/vendor/laravel/framework/src/Illuminate/Http/Middleware/ValidatePostSize.php(27): Illuminate/Pipeline/Pipeline->Illuminate/Pipeline/{closure}(Object(Illuminate/Http/Request))
#50 C:/xampp/htdocs/repo-tugas-web-app-website/KerjoSam/vendor/laravel/framework/src/Illuminate/Pipeline/Pipeline.php(209): Illuminate/Http/Middleware/ValidatePostSize->handle(Object(Illuminate/Http/Request), Object(Closure))
#51 C:/xampp/htdocs/repo-tugas-web-app-website/KerjoSam/vendor/laravel/framework/src/Illuminate/Foundation/Http/Middleware/PreventRequestsDuringMaintenance.php(110): Illuminate/Pipeline/Pipeline->Illuminate/Pipeline/{closure}(Object(Illuminate/Http/Request))
#52 C:/xampp/htdocs/repo-tugas-web-app-website/KerjoSam/vendor/laravel/framework/src/Illuminate/Pipeline/Pipeline.php(209): Illuminate/Foundation/Http/Middleware/PreventRequestsDuringMaintenance->handle(Object(Illuminate/Http/Request), Object(Closure))
#53 C:/xampp/htdocs/repo-tugas-web-app-website/KerjoSam/vendor/laravel/framework/src/Illuminate/Http/Middleware/HandleCors.php(49): Illuminate/Pipeline/Pipeline->Illuminate/Pipeline/{closure}(Object(Illuminate/Http/Request))
#54 C:/xampp/htdocs/repo-tugas-web-app-website/KerjoSam/vendor/laravel/framework/src/Illuminate/Pipeline/Pipeline.php(209): Illuminate/Http/Middleware/HandleCors->handle(Object(Illuminate/Http/Request), Object(Closure))
#55 C:/xampp/htdocs/repo-tugas-web-app-website/KerjoSam/vendor/laravel/framework/src/Illuminate/Http/Middleware/TrustProxies.php(58): Illuminate/Pipeline/Pipeline->Illuminate/Pipeline/{closure}(Object(Illuminate/Http/Request))
#56 C:/xampp/htdocs/repo-tugas-web-app-website/KerjoSam/vendor/laravel/framework/src/Illuminate/Pipeline/Pipeline.php(209): Illuminate/Http/Middleware/TrustProxies->handle(Object(Illuminate/Http/Request), Object(Closure))
#57 C:/xampp/htdocs/repo-tugas-web-app-website/KerjoSam/vendor/laravel/framework/src/Illuminate/Foundation/Http/Middleware/InvokeDeferredCallbacks.php(22): Illuminate/Pipeline/Pipeline->Illuminate/Pipeline/{closure}(Object(Illuminate/Http/Request))
#58 C:/xampp/htdocs/repo-tugas-web-app-website/KerjoSam/vendor/laravel/framework/src/Illuminate/Pipeline/Pipeline.php(209): Illuminate/Foundation/Http/Middleware/InvokeDeferredCallbacks->handle(Object(Illuminate/Http/Request), Object(Closure))
#59 C:/xampp/htdocs/repo-tugas-web-app-website/KerjoSam/vendor/laravel/framework/src/Illuminate/Pipeline/Pipeline.php(127): Illuminate/Pipeline/Pipeline->Illuminate/Pipeline/{closure}(Object(Illuminate/Http/Request))
#60 C:/xampp/htdocs/repo-tugas-web-app-website/KerjoSam/vendor/laravel/framework/src/Illuminate/Foundation/Http/Kernel.php(176): Illuminate/Pipeline/Pipeline->then(Object(Closure))
#61 C:/xampp/htdocs/repo-tugas-web-app-website/KerjoSam/vendor/laravel/framework/src/Illuminate/Foundation/Http/Kernel.php(145): Illuminate/Foundation/Http/Kernel->sendRequestThroughRouter(Object(Illuminate/Http/Request))
#62 C:/xampp/htdocs/repo-tugas-web-app-website/KerjoSam/vendor/laravel/framework/src/Illuminate/Foundation/Application.php(1220): Illuminate/Foundation/Http/Kernel->handle(Object(Illuminate/Http/Request))
#63 C:/xampp/htdocs/repo-tugas-web-app-website/KerjoSam/public/index.php(17): Illuminate/Foundation/Application->handleRequest(Object(Illuminate/Http/Request))
#64 C:/xampp/htdocs/repo-tugas-web-app-website/KerjoSam/vendor/laravel/framework/src/Illuminate/Foundation/resources/server.php(23): require_once('C://xampp//htdocs...')
#65 {main}

[previous exception] [object] (PDOException(code: 42S22): SQLSTATE[42S22]: Column not found: 1054 Unknown column 'company' in 'field list' at C:/xampp/htdocs/repo-tugas-web-app-website/KerjoSam/vendor/laravel/framework/src/Illuminate/Database/MySqlConnection.php:47)
[stacktrace]
#0 C:/xampp/htdocs/repo-tugas-web-app-website/KerjoSam/vendor/laravel/framework/src/Illuminate/Database/MySqlConnection.php(47): PDO->prepare('insert into `jo...')
#1 C:/xampp/htdocs/repo-tugas-web-app-website/KerjoSam/vendor/laravel/framework/src/Illuminate/Database/Connection.php(812): Illuminate/Database/MySqlConnection->Illuminate/Database/{closure}('insert into `jo...', Array)
#2 C:/xampp/htdocs/repo-tugas-web-app-website/KerjoSam/vendor/laravel/framework/src/Illuminate/Database/Connection.php(779): Illuminate/Database/Connection->runQueryCallback('insert into `jo...', Array, Object(Closure))
#3 C:/xampp/htdocs/repo-tugas-web-app-website/KerjoSam/vendor/laravel/framework/src/Illuminate/Database/MySqlConnection.php(42): Illuminate/Database/Connection->run('insert into `jo...', Array, Object(Closure))
#4 C:/xampp/htdocs/repo-tugas-web-app-website/KerjoSam/vendor/laravel/framework/src/Illuminate/Database/Query/Processors/MySqlProcessor.php(35): Illuminate/Database/MySqlConnection->insert('insert into `jo...', Array, 'id')
#5 C:/xampp/htdocs/repo-tugas-web-app-website/KerjoSam/vendor/laravel/framework/src/Illuminate/Database/Query/Builder.php(3766): Illuminate/Database/Query/Processors/MySqlProcessor->processInsertGetId(Object(Illuminate/Database/Query/Builder), 'insert into `jo...', Array, 'id')
#6 C:/xampp/htdocs/repo-tugas-web-app-website/KerjoSam/vendor/laravel/framework/src/Illuminate/Database/Eloquent/Builder.php(2120): Illuminate/Database/Query/Builder->insertGetId(Array, 'id')
#7 C:/xampp/htdocs/repo-tugas-web-app-website/KerjoSam/vendor/laravel/framework/src/Illuminate/Database/Eloquent/Model.php(1359): Illuminate/Database/Eloquent/Builder->__call('insertGetId', Array)
#8 C:/xampp/htdocs/repo-tugas-web-app-website/KerjoSam/vendor/laravel/framework/src/Illuminate/Database/Eloquent/Model.php(1324): Illuminate/Database/Eloquent/Model->insertAndSetId(Object(Illuminate/Database/Eloquent/Builder), Array)
#9 C:/xampp/htdocs/repo-tugas-web-app-website/KerjoSam/vendor/laravel/framework/src/Illuminate/Database/Eloquent/Model.php(1163): Illuminate/Database/Eloquent/Model->performInsert(Object(Illuminate/Database/Eloquent/Builder))
#10 C:/xampp/htdocs/repo-tugas-web-app-website/KerjoSam/vendor/laravel/framework/src/Illuminate/Database/Eloquent/Builder.php(1128): Illuminate/Database/Eloquent/Model->save()
#11 C:/xampp/htdocs/repo-tugas-web-app-website/KerjoSam/vendor/laravel/framework/src/Illuminate/Support/helpers.php(399): Illuminate/Database/Eloquent/Builder->Illuminate/Database/Eloquent/{closure}(Object(App/Models/Job))
#12 C:/xampp/htdocs/repo-tugas-web-app-website/KerjoSam/vendor/laravel/framework/src/Illuminate/Database/Eloquent/Builder.php(1127): tap(Object(App/Models/Job), Object(Closure))
#13 C:/xampp/htdocs/repo-tugas-web-app-website/KerjoSam/vendor/laravel/framework/src/Illuminate/Support/Traits/ForwardsCalls.php(23): Illuminate/Database/Eloquent/Builder->create(Array)
#14 C:/xampp/htdocs/repo-tugas-web-app-website/KerjoSam/vendor/laravel/framework/src/Illuminate/Database/Eloquent/Model.php(2372): Illuminate/Database/Eloquent/Model->forwardCallTo(Object(Illuminate/Database/Eloquent/Builder), 'create', Array)
#15 C:/xampp/htdocs/repo-tugas-web-app-website/KerjoSam/vendor/laravel/framework/src/Illuminate/Database/Eloquent/Model.php(2384): Illuminate/Database/Eloquent/Model->__call('create', Array)
#16 C:/xampp/htdocs/repo-tugas-web-app-website/KerjoSam/app/Http/Controllers/JobController.php(73): Illuminate/Database/Eloquent/Model::__callStatic('create', Array)
#17 C:/xampp/htdocs/repo-tugas-web-app-website/KerjoSam/vendor/laravel/framework/src/Illuminate/Routing/Controller.php(54): App/Http/Controllers/JobController->store(Object(Illuminate/Http/Request))
#18 C:/xampp/htdocs/repo-tugas-web-app-website/KerjoSam/vendor/laravel/framework/src/Illuminate/Routing/ControllerDispatcher.php(44): Illuminate/Routing/Controller->callAction('store', Array)
#19 C:/xampp/htdocs/repo-tugas-web-app-website/KerjoSam/vendor/laravel/framework/src/Illuminate/Routing/Route.php(266): Illuminate/Routing/ControllerDispatcher->dispatch(Object(Illuminate/Routing/Route), Object(App/Http/Controllers/JobController), 'store')
#20 C:/xampp/htdocs/repo-tugas-web-app-website/KerjoSam/vendor/laravel/framework/src/Illuminate/Routing/Route.php(212): Illuminate/Routing/Route->runController()
#21 C:/xampp/htdocs/repo-tugas-web-app-website/KerjoSam/vendor/laravel/framework/src/Illuminate/Routing/Router.php(808): Illuminate/Routing/Route->run()
#22 C:/xampp/htdocs/repo-tugas-web-app-website/KerjoSam/vendor/laravel/framework/src/Illuminate/Pipeline/Pipeline.php(170): Illuminate/Routing/Router->Illuminate/Routing/{closure}(Object(Illuminate/Http/Request))
#23 C:/xampp/htdocs/repo-tugas-web-app-website/KerjoSam/vendor/laravel/framework/src/Illuminate/Routing/Middleware/SubstituteBindings.php(51): Illuminate/Pipeline/Pipeline->Illuminate/Pipeline/{closure}(Object(Illuminate/Http/Request))
#24 C:/xampp/htdocs/repo-tugas-web-app-website/KerjoSam/vendor/laravel/framework/src/Illuminate/Pipeline/Pipeline.php(209): Illuminate/Routing/Middleware/SubstituteBindings->handle(Object(Illuminate/Http/Request), Object(Closure))
#25 C:/xampp/htdocs/repo-tugas-web-app-website/KerjoSam/vendor/laravel/framework/src/Illuminate/Auth/Middleware/Authenticate.php(64): Illuminate/Pipeline/Pipeline->Illuminate/Pipeline/{closure}(Object(Illuminate/Http/Request))
#26 C:/xampp/htdocs/repo-tugas-web-app-website/KerjoSam/vendor/laravel/framework/src/Illuminate/Pipeline/Pipeline.php(209): Illuminate/Auth/Middleware/Authenticate->handle(Object(Illuminate/Http/Request), Object(Closure))
#27 C:/xampp/htdocs/repo-tugas-web-app-website/KerjoSam/vendor/laravel/framework/src/Illuminate/Foundation/Http/Middleware/VerifyCsrfToken.php(88): Illuminate/Pipeline/Pipeline->Illuminate/Pipeline/{closure}(Object(Illuminate/Http/Request))
#28 C:/xampp/htdocs/repo-tugas-web-app-website/KerjoSam/vendor/laravel/framework/src/Illuminate/Pipeline/Pipeline.php(209): Illuminate/Foundation/Http/Middleware/VerifyCsrfToken->handle(Object(Illuminate/Http/Request), Object(Closure))
#29 C:/xampp/htdocs/repo-tugas-web-app-website/KerjoSam/vendor/laravel/framework/src/Illuminate/View/Middleware/ShareErrorsFromSession.php(49): Illuminate/Pipeline/Pipeline->Illuminate/Pipeline/{closure}(Object(Illuminate/Http/Request))
#30 C:/xampp/htdocs/repo-tugas-web-app-website/KerjoSam/vendor/laravel/framework/src/Illuminate/Pipeline/Pipeline.php(209): Illuminate/View/Middleware/ShareErrorsFromSession->handle(Object(Illuminate/Http/Request), Object(Closure))
#31 C:/xampp/htdocs/repo-tugas-web-app-website/KerjoSam/vendor/laravel/framework/src/Illuminate/Session/Middleware/StartSession.php(121): Illuminate/Pipeline/Pipeline->Illuminate/Pipeline/{closure}(Object(Illuminate/Http/Request))
#32 C:/xampp/htdocs/repo-tugas-web-app-website/KerjoSam/vendor/laravel/framework/src/Illuminate/Session/Middleware/StartSession.php(64): Illuminate/Session/Middleware/StartSession->handleStatefulRequest(Object(Illuminate/Http/Request), Object(Illuminate/Session/Store), Object(Closure))
#33 C:/xampp/htdocs/repo-tugas-web-app-website/KerjoSam/vendor/laravel/framework/src/Illuminate/Pipeline/Pipeline.php(209): Illuminate/Session/Middleware/StartSession->handle(Object(Illuminate/Http/Request), Object(Closure))
#34 C:/xampp/htdocs/repo-tugas-web-app-website/KerjoSam/vendor/laravel/framework/src/Illuminate/Cookie/Middleware/AddQueuedCookiesToResponse.php(37): Illuminate/Pipeline/Pipeline->Illuminate/Pipeline/{closure}(Object(Illuminate/Http/Request))
#35 C:/xampp/htdocs/repo-tugas-web-app-website/KerjoSam/vendor/laravel/framework/src/Illuminate/Pipeline/Pipeline.php(209): Illuminate/Cookie/Middleware/AddQueuedCookiesToResponse->handle(Object(Illuminate/Http/Request), Object(Closure))
#36 C:/xampp/htdocs/repo-tugas-web-app-website/KerjoSam/vendor/laravel/framework/src/Illuminate/Cookie/Middleware/EncryptCookies.php(75): Illuminate/Pipeline/Pipeline->Illuminate/Pipeline/{closure}(Object(Illuminate/Http/Request))
#37 C:/xampp/htdocs/repo-tugas-web-app-website/KerjoSam/vendor/laravel/framework/src/Illuminate/Pipeline/Pipeline.php(209): Illuminate/Cookie/Middleware/EncryptCookies->handle(Object(Illuminate/Http/Request), Object(Closure))
#38 C:/xampp/htdocs/repo-tugas-web-app-website/KerjoSam/vendor/laravel/framework/src/Illuminate/Pipeline/Pipeline.php(127): Illuminate/Pipeline/Pipeline->Illuminate/Pipeline/{closure}(Object(Illuminate/Http/Request))
#39 C:/xampp/htdocs/repo-tugas-web-app-website/KerjoSam/vendor/laravel/framework/src/Illuminate/Routing/Router.php(807): Illuminate/Pipeline/Pipeline->then(Object(Closure))
#40 C:/xampp/htdocs/repo-tugas-web-app-website/KerjoSam/vendor/laravel/framework/src/Illuminate/Routing/Router.php(786): Illuminate/Routing/Router->runRouteWithinStack(Object(Illuminate/Routing/Route), Object(Illuminate/Http/Request))
#41 C:/xampp/htdocs/repo-tugas-web-app-website/KerjoSam/vendor/laravel/framework/src/Illuminate/Routing/Router.php(750): Illuminate/Routing/Router->runRoute(Object(Illuminate/Http/Request), Object(Illuminate/Routing/Route))
#42 C:/xampp/htdocs/repo-tugas-web-app-website/KerjoSam/vendor/laravel/framework/src/Illuminate/Routing/Router.php(739): Illuminate/Routing/Router->dispatchToRoute(Object(Illuminate/Http/Request))
#43 C:/xampp/htdocs/repo-tugas-web-app-website/KerjoSam/vendor/laravel/framework/src/Illuminate/Foundation/Http/Kernel.php(201): Illuminate/Routing/Router->dispatch(Object(Illuminate/Http/Request))
#44 C:/xampp/htdocs/repo-tugas-web-app-website/KerjoSam/vendor/laravel/framework/src/Illuminate/Pipeline/Pipeline.php(170): Illuminate/Foundation/Http/Kernel->Illuminate/Foundation/Http/{closure}(Object(Illuminate/Http/Request))
#45 C:/xampp/htdocs/repo-tugas-web-app-website/KerjoSam/vendor/laravel/framework/src/Illuminate/Foundation/Http/Middleware/TransformsRequest.php(21): Illuminate/Pipeline/Pipeline->Illuminate/Pipeline/{closure}(Object(Illuminate/Http/Request))
#46 C:/xampp/htdocs/repo-tugas-web-app-website/KerjoSam/vendor/laravel/framework/src/Illuminate/Foundation/Http/Middleware/ConvertEmptyStringsToNull.php(31): Illuminate/Foundation/Http/Middleware/TransformsRequest->handle(Object(Illuminate/Http/Request), Object(Closure))
#47 C:/xampp/htdocs/repo-tugas-web-app-website/KerjoSam/vendor/laravel/framework/src/Illuminate/Pipeline/Pipeline.php(209): Illuminate/Foundation/Http/Middleware/ConvertEmptyStringsToNull->handle(Object(Illuminate/Http/Request), Object(Closure))
#48 C:/xampp/htdocs/repo-tugas-web-app-website/KerjoSam/vendor/laravel/framework/src/Illuminate/Foundation/Http/Middleware/TransformsRequest.php(21): Illuminate/Pipeline/Pipeline->Illuminate/Pipeline/{closure}(Object(Illuminate/Http/Request))
#49 C:/xampp/htdocs/repo-tugas-web-app-website/KerjoSam/vendor/laravel/framework/src/Illuminate/Foundation/Http/Middleware/TrimStrings.php(51): Illuminate/Foundation/Http/Middleware/TransformsRequest->handle(Object(Illuminate/Http/Request), Object(Closure))
#50 C:/xampp/htdocs/repo-tugas-web-app-website/KerjoSam/vendor/laravel/framework/src/Illuminate/Pipeline/Pipeline.php(209): Illuminate/Foundation/Http/Middleware/TrimStrings->handle(Object(Illuminate/Http/Request), Object(Closure))
#51 C:/xampp/htdocs/repo-tugas-web-app-website/KerjoSam/vendor/laravel/framework/src/Illuminate/Http/Middleware/ValidatePostSize.php(27): Illuminate/Pipeline/Pipeline->Illuminate/Pipeline/{closure}(Object(Illuminate/Http/Request))
#52 C:/xampp/htdocs/repo-tugas-web-app-website/KerjoSam/vendor/laravel/framework/src/Illuminate/Pipeline/Pipeline.php(209): Illuminate/Http/Middleware/ValidatePostSize->handle(Object(Illuminate/Http/Request), Object(Closure))
#53 C:/xampp/htdocs/repo-tugas-web-app-website/KerjoSam/vendor/laravel/framework/src/Illuminate/Foundation/Http/Middleware/PreventRequestsDuringMaintenance.php(110): Illuminate/Pipeline/Pipeline->Illuminate/Pipeline/{closure}(Object(Illuminate/Http/Request))
#54 C:/xampp/htdocs/repo-tugas-web-app-website/KerjoSam/vendor/laravel/framework/src/Illuminate/Pipeline/Pipeline.php(209): Illuminate/Foundation/Http/Middleware/PreventRequestsDuringMaintenance->handle(Object(Illuminate/Http/Request), Object(Closure))
#55 C:/xampp/htdocs/repo-tugas-web-app-website/KerjoSam/vendor/laravel/framework/src/Illuminate/Http/Middleware/HandleCors.php(49): Illuminate/Pipeline/Pipeline->Illuminate/Pipeline/{closure}(Object(Illuminate/Http/Request))
#56 C:/xampp/htdocs/repo-tugas-web-app-website/KerjoSam/vendor/laravel/framework/src/Illuminate/Pipeline/Pipeline.php(209): Illuminate/Http/Middleware/HandleCors->handle(Object(Illuminate/Http/Request), Object(Closure))
#57 C:/xampp/htdocs/repo-tugas-web-app-website/KerjoSam/vendor/laravel/framework/src/Illuminate/Http/Middleware/TrustProxies.php(58): Illuminate/Pipeline/Pipeline->Illuminate/Pipeline/{closure}(Object(Illuminate/Http/Request))
#58 C:/xampp/htdocs/repo-tugas-web-app-website/KerjoSam/vendor/laravel/framework/src/Illuminate/Pipeline/Pipeline.php(209): Illuminate/Http/Middleware/TrustProxies->handle(Object(Illuminate/Http/Request), Object(Closure))
#59 C:/xampp/htdocs/repo-tugas-web-app-website/KerjoSam/vendor/laravel/framework/src/Illuminate/Foundation/Http/Middleware/InvokeDeferredCallbacks.php(22): Illuminate/Pipeline/Pipeline->Illuminate/Pipeline/{closure}(Object(Illuminate/Http/Request))
#60 C:/xampp/htdocs/repo-tugas-web-app-website/KerjoSam/vendor/laravel/framework/src/Illuminate/Pipeline/Pipeline.php(209): Illuminate/Foundation/Http/Middleware/InvokeDeferredCallbacks->handle(Object(Illuminate/Http/Request), Object(Closure))
#61 C:/xampp/htdocs/repo-tugas-web-app-website/KerjoSam/vendor/laravel/framework/src/Illuminate/Pipeline/Pipeline.php(127): Illuminate/Pipeline/Pipeline->Illuminate/Pipeline/{closure}(Object(Illuminate/Http/Request))
#62 C:/xampp/htdocs/repo-tugas-web-app-website/KerjoSam/vendor/laravel/framework/src/Illuminate/Foundation/Http/Kernel.php(176): Illuminate/Pipeline/Pipeline->then(Object(Closure))
#63 C:/xampp/htdocs/repo-tugas-web-app-website/KerjoSam/vendor/laravel/framework/src/Illuminate/Foundation/Http/Kernel.php(145): Illuminate/Foundation/Http/Kernel->sendRequestThroughRouter(Object(Illuminate/Http/Request))
#64 C:/xampp/htdocs/repo-tugas-web-app-website/KerjoSam/vendor/laravel/framework/src/Illuminate/Foundation/Application.php(1220): Illuminate/Foundation/Http/Kernel->handle(Object(Illuminate/Http/Request))
#65 C:/xampp/htdocs/repo-tugas-web-app-website/KerjoSam/public/index.php(17): Illuminate/Foundation/Application->handleRequest(Object(Illuminate/Http/Request))
#66 C:/xampp/htdocs/repo-tugas-web-app-website/KerjoSam/vendor/laravel/framework/src/Illuminate/Foundation/resources/server.php(23): require_once('C://xampp//htdocs...')
#67 {main}
"} 
